{
  "Matches": [
    {
      "Server": "virginia/staging",
      "Match": "2023-02-23-21-03-58_[well7_b2]",
      "Winner": "Team1",
      "Rating": "60%",
      "Score1": 40,
      "Team1": "]rs[hixon,]rs[jollyrodgerer,rsdriz,rspredator",
      "Score2": 20,
      "Team2": "haunter,hybridpanda,paincreator,sharky"
    }
  ],
  "SummaryAttack": [
    {
      "Name": "]rs[hixon",
      "KPM": 0.5,
      "KD": 0.42,
      "Kills": 5,
      "Death": 12,
      "TKill": 1,
      "Dmg": 833,
      "DPM": 83,
      "FlagCap": 2,
      "FlagTake": 3,
      "FlagTime": "2:15",
      "FlagStop": 0,
      "Win": 1,
      "Draw": 0,
      "Loss": 0,
      "TimePlayed": "10:00",
      "Classes": "Sco  58%|Spy  26%|Demo 16%"
    },
    {
      "Name": "]rs[jollyrodgerer",
      "KPM": 1.6,
      "KD": 0.73,
      "Kills": 16,
      "Death": 22,
      "TKill": 1,
      "Dmg": 3366,
      "DPM": 337,
      "FlagCap": 1,
      "FlagTake": 5,
      "FlagTime": "0:21",
      "FlagStop": 0,
      "Win": 1,
      "Draw": 0,
      "Loss": 0,
      "TimePlayed": "10:00",
      "Classes": "Med  100%"
    },
    {
      "Name": "rsdriz",
      "KPM": 2,
      "KD": 1.18,
      "Kills": 20,
      "Death": 17,
      "TKill": 2,
      "Dmg": 4178,
      "DPM": 418,
      "FlagCap": 1,
      "FlagTake": 4,
      "FlagTime": "0:22",
      "FlagStop": 0,
      "Win": 1,
      "Draw": 0,
      "Loss": 0,
      "TimePlayed": "10:00",
      "Classes": "Sold 100%"
    },
    {
      "Name": "rspredator",
      "KPM": 0.8,
      "KD": 0.4,
      "Kills": 8,
      "Death": 20,
      "TKill": 1,
      "Dmg": 3087,
      "DPM": 309,
      "FlagCap": 1,
      "FlagTake": 3,
      "FlagTime": "0:45",
      "FlagStop": 0,
      "Win": 1,
      "Draw": 0,
      "Loss": 0,
      "TimePlayed": "10:00",
      "Classes": "Pyro 100%"
    },
    {
      "Name": "haunter",
      "KPM": 2.5,
      "KD": 1,
      "Kills": 25,
      "Death": 25,
      "TKill": 2,
      "Dmg": 5731,
      "DPM": 573,
      "FlagCap": 1,
      "FlagTake": 2,
      "FlagTime": "0:11",
      "FlagStop": 0,
      "Win": 0,
      "Draw": 0,
      "Loss": 1,
      "TimePlayed": "10:00",
      "Classes": "Sold 100%"
    },
    {
      "Name": "hybridpanda",
      "KPM": 0.7,
      "KD": 0.41,
      "Kills": 7,
      "Death": 17,
      "TKill": 1,
      "Dmg": 1113,
      "DPM": 111,
      "FlagCap": 1,
      "FlagTake": 4,
      "FlagTime": "0:10",
      "FlagStop": 0,
      "Win": 0,
      "Draw": 0,
      "Loss": 1,
      "TimePlayed": "10:00",
      "Classes": "Spy  55%|Sco  25%|Demo 20%"
    },
    {
      "Name": "paincreator",
      "KPM": 1.1,
      "KD": 0.48,
      "Kills": 11,
      "Death": 23,
      "TKill": 3,
      "Dmg": 2556,
      "DPM": 256,
      "FlagCap": 1,
      "FlagTake": 2,
      "FlagTime": "0:04",
      "FlagStop": 0,
      "Win": 0,
      "Draw": 0,
      "Loss": 1,
      "TimePlayed": "10:00",
      "Classes": "Pyro 100%"
    },
    {
      "Name": "sharky",
      "KPM": 1.1,
      "KD": 0.55,
      "Kills": 11,
      "Death": 20,
      "TKill": 0,
      "Dmg": 1985,
      "DPM": 198,
      "FlagCap": 2,
      "FlagTake": 9,
      "FlagTime": "1:23",
      "FlagStop": 0,
      "Win": 0,
      "Draw": 0,
      "Loss": 1,
      "TimePlayed": "10:00",
      "Classes": "Med  100%"
    }
  ],
  "SummaryDefence": [
    {
      "Name": "]rs[hixon",
      "KPM": 1.6,
      "KD": 1.14,
      "Kills": 16,
      "Death": 14,
      "TKill": 0,
      "Dmg": 3738,
      "DPM": 374,
      "FlagCap": 0,
      "FlagTake": 0,
      "FlagTime": 0,
      "FlagStop": 1,
      "Win": 1,
      "Draw": 0,
      "Loss": 0,
      "TimePlayed": "10:00",
      "Classes": "Eng  100%"
    },
    {
      "Name": "]rs[jollyrodgerer",
      "KPM": 1.8,
      "KD": 0.9,
      "Kills": 18,
      "Death": 20,
      "TKill": 6,
      "Dmg": 4413,
      "DPM": 441,
      "FlagCap": 0,
      "FlagTake": 0,
      "FlagTime": 0,
      "FlagStop": 1,
      "Win": 1,
      "Draw": 0,
      "Loss": 0,
      "TimePlayed": "10:00",
      "Classes": "Demo 100%"
    },
    {
      "Name": "rsdriz",
      "KPM": 1.6,
      "KD": 0.64,
      "Kills": 16,
      "Death": 25,
      "TKill": 3,
      "Dmg": 4993,
      "DPM": 499,
      "FlagCap": 0,
      "FlagTake": 0,
      "FlagTime": 0,
      "FlagStop": 1,
      "Win": 1,
      "Draw": 0,
      "Loss": 0,
      "TimePlayed": "10:00",
      "Classes": "Sold 100%"
    },
    {
      "Name": "rspredator",
      "KPM": 1.9,
      "KD": 0.9,
      "Kills": 19,
      "Death": 21,
      "TKill": 3,
      "Dmg": 3233,
      "DPM": 323,
      "FlagCap": 0,
      "FlagTake": 0,
      "FlagTime": 0,
      "FlagStop": 1,
      "Win": 1,
      "Draw": 0,
      "Loss": 0,
      "TimePlayed": "10:00",
      "Classes": "Pyro 100%"
    },
    {
      "Name": "haunter",
      "KPM": 2.8,
      "KD": 1,
      "Kills": 28,
      "Death": 28,
      "TKill": 1,
      "Dmg": 6317,
      "DPM": 632,
      "FlagCap": 0,
      "FlagTake": 0,
      "FlagTime": 0,
      "FlagStop": 1,
      "Win": 0,
      "Draw": 0,
      "Loss": 1,
      "TimePlayed": "10:00",
      "Classes": "Sold 100%"
    },
    {
      "Name": "hybridpanda",
      "KPM": 0.9,
      "KD": 0.56,
      "Kills": 9,
      "Death": 16,
      "TKill": 3,
      "Dmg": 2101,
      "DPM": 210,
      "FlagCap": 0,
      "FlagTake": 0,
      "FlagTime": 0,
      "FlagStop": 1,
      "Win": 0,
      "Draw": 0,
      "Loss": 1,
      "TimePlayed": "10:00",
      "Classes": "Demo 100%"
    },
    {
      "Name": "paincreator",
      "KPM": 0.6,
      "KD": 0.67,
      "Kills": 6,
      "Death": 9,
      "TKill": 0,
      "Dmg": 1880,
      "DPM": 188,
      "FlagCap": 0,
      "FlagTake": 0,
      "FlagTime": 0,
      "FlagStop": 1,
      "Win": 0,
      "Draw": 0,
      "Loss": 1,
      "TimePlayed": "10:00",
      "Classes": "HwG  91%|Pyro  9%"
    },
    {
      "Name": "sharky",
      "KPM": 1.7,
      "KD": 1.06,
      "Kills": 17,
      "Death": 16,
      "TKill": 1,
      "Dmg": 3300,
      "DPM": 330,
      "FlagCap": 0,
      "FlagTake": 0,
      "FlagTime": 0,
      "FlagStop": 1,
      "Win": 0,
      "Draw": 0,
      "Loss": 1,
      "TimePlayed": "10:00",
      "Classes": "Eng  100%"
    }
  ],
  "ClassFragAttack": [
    {
      "Name": "]rs[hixon",
      "Sco": 0,
      "KPM1": null,
      "Sold": 0,
      "KPM3": null,
      "Demo": 2,
      "KPM4": 1.22,
      "Med": 0,
      "KPM5": null,
      "HwG": 0,
      "KPM6": null,
      "Pyro": 0,
      "KPM7": null,
      "Spy": 3,
      "KPM8": 1.15,
      "Eng": 0,
      "KPM9": null,
      "SG": 0,
      "KPM0": null
    },
    {
      "Name": "]rs[jollyrodgerer",
      "Sco": 0,
      "KPM1": null,
      "Sold": 0,
      "KPM3": null,
      "Demo": 0,
      "KPM4": null,
      "Med": 16,
      "KPM5": 1.6,
      "HwG": 0,
      "KPM6": null,
      "Pyro": 0,
      "KPM7": null,
      "Spy": 0,
      "KPM8": null,
      "Eng": 0,
      "KPM9": null,
      "SG": 0,
      "KPM0": null
    },
    {
      "Name": "rsdriz",
      "Sco": 0,
      "KPM1": null,
      "Sold": 20,
      "KPM3": 2,
      "Demo": 0,
      "KPM4": null,
      "Med": 0,
      "KPM5": null,
      "HwG": 0,
      "KPM6": null,
      "Pyro": 0,
      "KPM7": null,
      "Spy": 0,
      "KPM8": null,
      "Eng": 0,
      "KPM9": null,
      "SG": 0,
      "KPM0": null
    },
    {
      "Name": "rspredator",
      "Sco": 0,
      "KPM1": null,
      "Sold": 0,
      "KPM3": null,
      "Demo": 0,
      "KPM4": null,
      "Med": 0,
      "KPM5": null,
      "HwG": 0,
      "KPM6": null,
      "Pyro": 8,
      "KPM7": 0.8,
      "Spy": 0,
      "KPM8": null,
      "Eng": 0,
      "KPM9": null,
      "SG": 0,
      "KPM0": null
    },
    {
      "Name": "haunter",
      "Sco": 0,
      "KPM1": null,
      "Sold": 25,
      "KPM3": 2.5,
      "Demo": 0,
      "KPM4": null,
      "Med": 0,
      "KPM5": null,
      "HwG": 0,
      "KPM6": null,
      "Pyro": 0,
      "KPM7": null,
      "Spy": 0,
      "KPM8": null,
      "Eng": 0,
      "KPM9": null,
      "SG": 0,
      "KPM0": null
    },
    {
      "Name": "hybridpanda",
      "Sco": 1,
      "KPM1": 0.4,
      "Sold": 0,
      "KPM3": null,
      "Demo": 1,
      "KPM4": 0.51,
      "Med": 0,
      "KPM5": null,
      "HwG": 0,
      "KPM6": null,
      "Pyro": 0,
      "KPM7": null,
      "Spy": 5,
      "KPM8": 0.9,
      "Eng": 0,
      "KPM9": null,
      "SG": 0,
      "KPM0": null
    },
    {
      "Name": "paincreator",
      "Sco": 0,
      "KPM1": null,
      "Sold": 0,
      "KPM3": null,
      "Demo": 0,
      "KPM4": null,
      "Med": 0,
      "KPM5": null,
      "HwG": 0,
      "KPM6": null,
      "Pyro": 11,
      "KPM7": 1.1,
      "Spy": 0,
      "KPM8": null,
      "Eng": 0,
      "KPM9": null,
      "SG": 0,
      "KPM0": null
    },
    {
      "Name": "sharky",
      "Sco": 0,
      "KPM1": null,
      "Sold": 0,
      "KPM3": null,
      "Demo": 0,
      "KPM4": null,
      "Med": 11,
      "KPM5": 1.1,
      "HwG": 0,
      "KPM6": null,
      "Pyro": 0,
      "KPM7": null,
      "Spy": 0,
      "KPM8": null,
      "Eng": 0,
      "KPM9": null,
      "SG": 0,
      "KPM0": null
    }
  ],
  "ClassFragDefence": [
    {
      "Name": "]rs[hixon",
      "Sco": 0,
      "KPM1": null,
      "Sold": 0,
      "KPM3": null,
      "Demo": 0,
      "KPM4": null,
      "Med": 0,
      "KPM5": null,
      "HwG": 0,
      "KPM6": null,
      "Pyro": 0,
      "KPM7": null,
      "Spy": 0,
      "KPM8": null,
      "Eng": 11,
      "KPM9": 1.1,
      "SG": 5,
      "KPM0": 0.5
    },
    {
      "Name": "]rs[jollyrodgerer",
      "Sco": 0,
      "KPM1": null,
      "Sold": 0,
      "KPM3": null,
      "Demo": 18,
      "KPM4": 1.8,
      "Med": 0,
      "KPM5": null,
      "HwG": 0,
      "KPM6": null,
      "Pyro": 0,
      "KPM7": null,
      "Spy": 0,
      "KPM8": null,
      "Eng": 0,
      "KPM9": null,
      "SG": 0,
      "KPM0": null
    },
    {
      "Name": "rsdriz",
      "Sco": 0,
      "KPM1": null,
      "Sold": 16,
      "KPM3": 1.6,
      "Demo": 0,
      "KPM4": null,
      "Med": 0,
      "KPM5": null,
      "HwG": 0,
      "KPM6": null,
      "Pyro": 0,
      "KPM7": null,
      "Spy": 0,
      "KPM8": null,
      "Eng": 0,
      "KPM9": null,
      "SG": 0,
      "KPM0": null
    },
    {
      "Name": "rspredator",
      "Sco": 0,
      "KPM1": null,
      "Sold": 0,
      "KPM3": null,
      "Demo": 0,
      "KPM4": null,
      "Med": 0,
      "KPM5": null,
      "HwG": 0,
      "KPM6": null,
      "Pyro": 19,
      "KPM7": 1.9,
      "Spy": 0,
      "KPM8": null,
      "Eng": 0,
      "KPM9": null,
      "SG": 0,
      "KPM0": null
    },
    {
      "Name": "haunter",
      "Sco": 0,
      "KPM1": null,
      "Sold": 28,
      "KPM3": 2.8,
      "Demo": 0,
      "KPM4": null,
      "Med": 0,
      "KPM5": null,
      "HwG": 0,
      "KPM6": null,
      "Pyro": 0,
      "KPM7": null,
      "Spy": 0,
      "KPM8": null,
      "Eng": 0,
      "KPM9": null,
      "SG": 0,
      "KPM0": null
    },
    {
      "Name": "hybridpanda",
      "Sco": 0,
      "KPM1": null,
      "Sold": 0,
      "KPM3": null,
      "Demo": 9,
      "KPM4": 0.9,
      "Med": 0,
      "KPM5": null,
      "HwG": 0,
      "KPM6": null,
      "Pyro": 0,
      "KPM7": null,
      "Spy": 0,
      "KPM8": null,
      "Eng": 0,
      "KPM9": null,
      "SG": 0,
      "KPM0": null
    },
    {
      "Name": "paincreator",
      "Sco": 0,
      "KPM1": null,
      "Sold": 0,
      "KPM3": null,
      "Demo": 0,
      "KPM4": null,
      "Med": 0,
      "KPM5": null,
      "HwG": 6,
      "KPM6": 0.66,
      "Pyro": 0,
      "KPM7": null,
      "Spy": 0,
      "KPM8": null,
      "Eng": 0,
      "KPM9": null,
      "SG": 0,
      "KPM0": null
    },
    {
      "Name": "sharky",
      "Sco": 0,
      "KPM1": null,
      "Sold": 0,
      "KPM3": null,
      "Demo": 0,
      "KPM4": null,
      "Med": 0,
      "KPM5": null,
      "HwG": 0,
      "KPM6": null,
      "Pyro": 0,
      "KPM7": null,
      "Spy": 0,
      "KPM8": null,
      "Eng": 13,
      "KPM9": 1.3,
      "SG": 4,
      "KPM0": 0.4
    }
  ],
  "ClassTimeAttack": [
    {
      "Name": "]rs[hixon",
      "Sco": 346,
      "Sold": 0,
      "Demo": 98,
      "Med": 0,
      "HwG": 0,
      "Pyro": 0,
      "Spy": 156,
      "Eng": 0
    },
    {
      "Name": "]rs[jollyrodgerer",
      "Sco": 0,
      "Sold": 0,
      "Demo": 0,
      "Med": 600,
      "HwG": 0,
      "Pyro": 0,
      "Spy": 0,
      "Eng": 0
    },
    {
      "Name": "rsdriz",
      "Sco": 0,
      "Sold": 600,
      "Demo": 0,
      "Med": 0,
      "HwG": 0,
      "Pyro": 0,
      "Spy": 0,
      "Eng": 0
    },
    {
      "Name": "rspredator",
      "Sco": 0,
      "Sold": 0,
      "Demo": 0,
      "Med": 0,
      "HwG": 0,
      "Pyro": 600,
      "Spy": 0,
      "Eng": 0
    },
    {
      "Name": "haunter",
      "Sco": 0,
      "Sold": 600,
      "Demo": 0,
      "Med": 0,
      "HwG": 0,
      "Pyro": 0,
      "Spy": 0,
      "Eng": 0
    },
    {
      "Name": "hybridpanda",
      "Sco": 151,
      "Sold": 0,
      "Demo": 117,
      "Med": 0,
      "HwG": 0,
      "Pyro": 0,
      "Spy": 332,
      "Eng": 0
    },
    {
      "Name": "paincreator",
      "Sco": 0,
      "Sold": 0,
      "Demo": 0,
      "Med": 0,
      "HwG": 0,
      "Pyro": 600,
      "Spy": 0,
      "Eng": 0
    },
    {
      "Name": "sharky",
      "Sco": 0,
      "Sold": 0,
      "Demo": 0,
      "Med": 600,
      "HwG": 0,
      "Pyro": 0,
      "Spy": 0,
      "Eng": 0
    }
  ],
  "ClassTimeDefence": [
    {
      "Name": "]rs[hixon",
      "Sco": 0,
      "Sold": 0,
      "Demo": 0,
      "Med": 0,
      "HwG": 0,
      "Pyro": 0,
      "Spy": 0,
      "Eng": 600
    },
    {
      "Name": "]rs[jollyrodgerer",
      "Sco": 0,
      "Sold": 0,
      "Demo": 600,
      "Med": 0,
      "HwG": 0,
      "Pyro": 0,
      "Spy": 0,
      "Eng": 0
    },
    {
      "Name": "rsdriz",
      "Sco": 0,
      "Sold": 600,
      "Demo": 0,
      "Med": 0,
      "HwG": 0,
      "Pyro": 0,
      "Spy": 0,
      "Eng": 0
    },
    {
      "Name": "rspredator",
      "Sco": 0,
      "Sold": 0,
      "Demo": 0,
      "Med": 0,
      "HwG": 0,
      "Pyro": 600,
      "Spy": 0,
      "Eng": 0
    },
    {
      "Name": "haunter",
      "Sco": 0,
      "Sold": 600,
      "Demo": 0,
      "Med": 0,
      "HwG": 0,
      "Pyro": 0,
      "Spy": 0,
      "Eng": 0
    },
    {
      "Name": "hybridpanda",
      "Sco": 0,
      "Sold": 0,
      "Demo": 600,
      "Med": 0,
      "HwG": 0,
      "Pyro": 0,
      "Spy": 0,
      "Eng": 0
    },
    {
      "Name": "paincreator",
      "Sco": 0,
      "Sold": 0,
      "Demo": 0,
      "Med": 0,
      "HwG": 547,
      "Pyro": 53,
      "Spy": 0,
      "Eng": 0
    },
    {
      "Name": "sharky",
      "Sco": 0,
      "Sold": 0,
      "Demo": 0,
      "Med": 0,
      "HwG": 0,
      "Pyro": 0,
      "Spy": 0,
      "Eng": 600
    }
  ]
}
