{
  "Matches": [
    {
      "Server": "virginia/staging",
      "Match": "2023-08-04-21-50-22_[ff-2fort]",
      "Winner": "Team2",
      "Rating": "31 %",
      "Score1": 40,
      "Team1": "usabugattiw,usajusticew,usatechww,usatulkasw",
      "Score2": 50,
      "Team2": "eub4s1c.fi,euhaunter.pt,eupain.pl,eusharky.de"
    }
  ],
  "SummaryAttack": [
    {
      "Name": "usabugattiw",
      "KPM": 2.4,
      "KD": 0.75,
      "Kills": 24,
      "Death": 32,
      "TKill": 1,
      "Dmg": 5246.0,
      "DPM": 525.0,
      "FlagCap": 1,
      "FlagTake": 8.0,
      "FlagTime": "0:20",
      "FlagStop": 0,
      "Win": 0,
      "Draw": 0,
      "Loss": 1,
      "TimePlayed": "10:00",
      "Classes": "Sold 100 %"
    },
    {
      "Name": "usajusticew",
      "KPM": 1.3,
      "KD": 0.48,
      "Kills": 13,
      "Death": 27,
      "TKill": 2,
      "Dmg": 2086.0,
      "DPM": 209.0,
      "FlagCap": 1.0,
      "FlagTake": 12.0,
      "FlagTime": "0:43",
      "FlagStop": 0,
      "Win": 0,
      "Draw": 0,
      "Loss": 1,
      "TimePlayed": "10:00",
      "Classes": "Spy  78 %|Sco  22 %"
    },
    {
      "Name": "usatechww",
      "KPM": 1.0,
      "KD": 0.3,
      "Kills": 10,
      "Death": 33,
      "TKill": 0,
      "Dmg": 2749.0,
      "DPM": 275.0,
      "FlagCap": 1.0,
      "FlagTake": 13.0,
      "FlagTime": "0:35",
      "FlagStop": 0,
      "Win": 0,
      "Draw": 0,
      "Loss": 1,
      "TimePlayed": "10:00",
      "Classes": "Med  100 %"
    },
    {
      "Name": "usatulkasw",
      "KPM": 1.8,
      "KD": 0.62,
      "Kills": 18,
      "Death": 29,
      "TKill": 4,
      "Dmg": 4241.0,
      "DPM": 424.0,
      "FlagCap": 2.0,
      "FlagTake": 8.0,
      "FlagTime": "0:28",
      "FlagStop": 0,
      "Win": 0,
      "Draw": 0,
      "Loss": 1,
      "TimePlayed": "10:00",
      "Classes": "Pyro 100 %"
    },
    {
      "Name": "eub4s1c.fi",
      "KPM": 0.87,
      "KD": 0.38,
      "Kills": 6,
      "Death": 16,
      "TKill": 2,
      "Dmg": 2818.0,
      "DPM": 410.0,
      "FlagCap": 3.0,
      "FlagTake": 11.0,
      "FlagTime": "0:45",
      "FlagStop": 0,
      "Win": 1,
      "Draw": 0,
      "Loss": 0,
      "TimePlayed": "6:52",
      "Classes": "Pyro 100 %"
    },
    {
      "Name": "euhaunter.pt",
      "KPM": 2.18,
      "KD": 0.75,
      "Kills": 15,
      "Death": 20,
      "TKill": 3,
      "Dmg": 4274.0,
      "DPM": 622.0,
      "FlagCap": 1.0,
      "FlagTake": 9.0,
      "FlagTime": "0:37",
      "FlagStop": 0,
      "Win": 1,
      "Draw": 0,
      "Loss": 0,
      "TimePlayed": "6:52",
      "Classes": "Sold 100 %"
    },
    {
      "Name": "eupain.pl",
      "KPM": 1.31,
      "KD": 0.5,
      "Kills": 9,
      "Death": 18,
      "TKill": 0,
      "Dmg": 2007.0,
      "DPM": 292.0,
      "FlagCap": 1,
      "FlagTake": 6.0,
      "FlagTime": "0:16",
      "FlagStop": 0,
      "Win": 1,
      "Draw": 0,
      "Loss": 0,
      "TimePlayed": "6:52",
      "Classes": "Spy  95 %|Pyro 5 %"
    },
    {
      "Name": "eusharky.de",
      "KPM": 1.6,
      "KD": 0.46,
      "Kills": 11,
      "Death": 24,
      "TKill": 1,
      "Dmg": 2640.0,
      "DPM": 384.0,
      "FlagCap": 1.0,
      "FlagTake": 9.0,
      "FlagTime": "0:37",
      "FlagStop": 0,
      "Win": 1,
      "Draw": 0,
      "Loss": 0,
      "TimePlayed": "6:52",
      "Classes": "Med  100 %"
    }
  ],
  "SummaryDefence": [
    {
      "Name": "usabugattiw",
      "KPM": 2.48,
      "KD": 1.06,
      "Kills": 17,
      "Death": 16,
      "TKill": 2,
      "Dmg": 3634.0,
      "DPM": 529.0,
      "FlagCap": 0,
      "FlagTake": 0,
      "FlagTime": 0,
      "FlagStop": 1,
      "Win": 0,
      "Draw": 0,
      "Loss": 1,
      "TimePlayed": "6:52",
      "Classes": "Sold 100 %"
    },
    {
      "Name": "usajusticew",
      "KPM": 3.06,
      "KD": 1.0,
      "Kills": 21,
      "Death": 21,
      "TKill": 5,
      "Dmg": 5657.0,
      "DPM": 824.0,
      "FlagCap": 0,
      "FlagTake": 0,
      "FlagTime": 0,
      "FlagStop": 1,
      "Win": 0,
      "Draw": 0,
      "Loss": 1,
      "TimePlayed": "6:52",
      "Classes": "Demo 100 %"
    },
    {
      "Name": "usatechww",
      "KPM": 1.6,
      "KD": 0.61,
      "Kills": 11,
      "Death": 18,
      "TKill": 2,
      "Dmg": 3418.0,
      "DPM": 498.0,
      "FlagCap": 0,
      "FlagTake": 0,
      "FlagTime": 0,
      "FlagStop": 1,
      "Win": 0,
      "Draw": 0,
      "Loss": 1,
      "TimePlayed": "6:52",
      "Classes": "Pyro 100 %"
    },
    {
      "Name": "usatulkasw",
      "KPM": 2.33,
      "KD": 1.14,
      "Kills": 16,
      "Death": 14,
      "TKill": 2,
      "Dmg": 2943.0,
      "DPM": 429.0,
      "FlagCap": 0,
      "FlagTake": 0,
      "FlagTime": 0,
      "FlagStop": 1,
      "Win": 0,
      "Draw": 0,
      "Loss": 1,
      "TimePlayed": "6:52",
      "Classes": "HwG  81 %|Eng  19 %"
    },
    {
      "Name": "eub4s1c.fi",
      "KPM": 3.6,
      "KD": 1.8,
      "Kills": 36,
      "Death": 20,
      "TKill": 4,
      "Dmg": 6091.0,
      "DPM": 609.0,
      "FlagCap": 0,
      "FlagTake": 0,
      "FlagTime": 0,
      "FlagStop": 1,
      "Win": 1,
      "Draw": 0,
      "Loss": 0,
      "TimePlayed": "10:00",
      "Classes": "Demo 100 %"
    },
    {
      "Name": "euhaunter.pt",
      "KPM": 3.0,
      "KD": 1.07,
      "Kills": 30,
      "Death": 28,
      "TKill": 2,
      "Dmg": 6622.0,
      "DPM": 662.0,
      "FlagCap": 0,
      "FlagTake": 0,
      "FlagTime": 0,
      "FlagStop": 1,
      "Win": 1,
      "Draw": 0,
      "Loss": 0,
      "TimePlayed": "10:00",
      "Classes": "Sold 100 %"
    },
    {
      "Name": "eupain.pl",
      "KPM": 1.8,
      "KD": 0.72,
      "Kills": 18,
      "Death": 25,
      "TKill": 2,
      "Dmg": 5301.0,
      "DPM": 530.0,
      "FlagCap": 0,
      "FlagTake": 0,
      "FlagTime": 0,
      "FlagStop": 1,
      "Win": 1,
      "Draw": 0,
      "Loss": 0,
      "TimePlayed": "10:00",
      "Classes": "Pyro 100 %"
    },
    {
      "Name": "eusharky.de",
      "KPM": 1.9,
      "KD": 1.06,
      "Kills": 19,
      "Death": 18,
      "TKill": 1,
      "Dmg": 4911.0,
      "DPM": 491.0,
      "FlagCap": 0,
      "FlagTake": 0,
      "FlagTime": 0,
      "FlagStop": 1,
      "Win": 1,
      "Draw": 0,
      "Loss": 0,
      "TimePlayed": "10:00",
      "Classes": "Eng  100 %"
    }
  ],
  "ClassFragAttack": [
    {
      "Name": "usabugattiw",
      "Sco": 0,
      "KPM1": null,
      "Sold": 24.0,
      "KPM3": 2.4,
      "Demo": 0,
      "KPM4": null,
      "Med": 0,
      "KPM5": null,
      "HwG": 0,
      "KPM6": null,
      "Pyro": 0,
      "KPM7": null,
      "Spy": 0,
      "KPM8": null,
      "Eng": 0,
      "KPM9": null,
      "SG": 0,
      "KPM0": null
    },
    {
      "Name": "usajusticew",
      "Sco": 0,
      "KPM1": null,
      "Sold": 0,
      "KPM3": null,
      "Demo": 0,
      "KPM4": null,
      "Med": 0,
      "KPM5": null,
      "HwG": 0,
      "KPM6": null,
      "Pyro": 0,
      "KPM7": null,
      "Spy": 13.0,
      "KPM8": 1.66,
      "Eng": 0,
      "KPM9": null,
      "SG": 0,
      "KPM0": null
    },
    {
      "Name": "usatechww",
      "Sco": 0,
      "KPM1": null,
      "Sold": 0,
      "KPM3": null,
      "Demo": 0,
      "KPM4": null,
      "Med": 10.0,
      "KPM5": 1.0,
      "HwG": 0,
      "KPM6": null,
      "Pyro": 0,
      "KPM7": null,
      "Spy": 0,
      "KPM8": null,
      "Eng": 0,
      "KPM9": null,
      "SG": 0,
      "KPM0": null
    },
    {
      "Name": "usatulkasw",
      "Sco": 0,
      "KPM1": null,
      "Sold": 0,
      "KPM3": null,
      "Demo": 0,
      "KPM4": null,
      "Med": 0,
      "KPM5": null,
      "HwG": 0,
      "KPM6": null,
      "Pyro": 18.0,
      "KPM7": 1.8,
      "Spy": 0,
      "KPM8": null,
      "Eng": 0,
      "KPM9": null,
      "SG": 0,
      "KPM0": null
    },
    {
      "Name": "eub4s1c.fi",
      "Sco": 0,
      "KPM1": null,
      "Sold": 0,
      "KPM3": null,
      "Demo": 0,
      "KPM4": null,
      "Med": 0,
      "KPM5": null,
      "HwG": 0,
      "KPM6": null,
      "Pyro": 6.0,
      "KPM7": 0.87,
      "Spy": 0,
      "KPM8": null,
      "Eng": 0,
      "KPM9": null,
      "SG": 0,
      "KPM0": null
    },
    {
      "Name": "euhaunter.pt",
      "Sco": 0,
      "KPM1": null,
      "Sold": 15.0,
      "KPM3": 2.18,
      "Demo": 0,
      "KPM4": null,
      "Med": 0,
      "KPM5": null,
      "HwG": 0,
      "KPM6": null,
      "Pyro": 0,
      "KPM7": null,
      "Spy": 0,
      "KPM8": null,
      "Eng": 0,
      "KPM9": null,
      "SG": 0,
      "KPM0": null
    },
    {
      "Name": "eupain.pl",
      "Sco": 0,
      "KPM1": null,
      "Sold": 0,
      "KPM3": null,
      "Demo": 0,
      "KPM4": null,
      "Med": 0,
      "KPM5": null,
      "HwG": 0,
      "KPM6": null,
      "Pyro": 0,
      "KPM7": null,
      "Spy": 9.0,
      "KPM8": 1.38,
      "Eng": 0,
      "KPM9": null,
      "SG": 0,
      "KPM0": null
    },
    {
      "Name": "eusharky.de",
      "Sco": 0,
      "KPM1": null,
      "Sold": 0,
      "KPM3": null,
      "Demo": 0,
      "KPM4": null,
      "Med": 11.0,
      "KPM5": 1.6,
      "HwG": 0,
      "KPM6": null,
      "Pyro": 0,
      "KPM7": null,
      "Spy": 0,
      "KPM8": null,
      "Eng": 0,
      "KPM9": null,
      "SG": 0,
      "KPM0": null
    }
  ],
  "ClassFragDefence": [
    {
      "Name": "usabugattiw",
      "Sco": 0,
      "KPM1": null,
      "Sold": 17.0,
      "KPM3": 2.48,
      "Demo": 0,
      "KPM4": null,
      "Med": 0,
      "KPM5": null,
      "HwG": 0,
      "KPM6": null,
      "Pyro": 0,
      "KPM7": null,
      "Spy": 0,
      "KPM8": null,
      "Eng": 0,
      "KPM9": null,
      "SG": 0,
      "KPM0": null
    },
    {
      "Name": "usajusticew",
      "Sco": 0,
      "KPM1": null,
      "Sold": 0,
      "KPM3": null,
      "Demo": 21.0,
      "KPM4": 3.06,
      "Med": 0,
      "KPM5": null,
      "HwG": 0,
      "KPM6": null,
      "Pyro": 0,
      "KPM7": null,
      "Spy": 0,
      "KPM8": null,
      "Eng": 0,
      "KPM9": null,
      "SG": 0,
      "KPM0": null
    },
    {
      "Name": "usatechww",
      "Sco": 0,
      "KPM1": null,
      "Sold": 0,
      "KPM3": null,
      "Demo": 0,
      "KPM4": null,
      "Med": 0,
      "KPM5": null,
      "HwG": 0,
      "KPM6": null,
      "Pyro": 11.0,
      "KPM7": 1.6,
      "Spy": 0,
      "KPM8": null,
      "Eng": 0,
      "KPM9": null,
      "SG": 0,
      "KPM0": null
    },
    {
      "Name": "usatulkasw",
      "Sco": 0,
      "KPM1": null,
      "Sold": 0,
      "KPM3": null,
      "Demo": 0,
      "KPM4": null,
      "Med": 0,
      "KPM5": null,
      "HwG": 14.0,
      "KPM6": 2.52,
      "Pyro": 0,
      "KPM7": null,
      "Spy": 0,
      "KPM8": null,
      "Eng": 2.0,
      "KPM9": 1.52,
      "SG": 0,
      "KPM0": null
    },
    {
      "Name": "eub4s1c.fi",
      "Sco": 0,
      "KPM1": null,
      "Sold": 0,
      "KPM3": null,
      "Demo": 36.0,
      "KPM4": 3.6,
      "Med": 0,
      "KPM5": null,
      "HwG": 0,
      "KPM6": null,
      "Pyro": 0,
      "KPM7": null,
      "Spy": 0,
      "KPM8": null,
      "Eng": 0,
      "KPM9": null,
      "SG": 0,
      "KPM0": null
    },
    {
      "Name": "euhaunter.pt",
      "Sco": 0,
      "KPM1": null,
      "Sold": 30.0,
      "KPM3": 3.0,
      "Demo": 0,
      "KPM4": null,
      "Med": 0,
      "KPM5": null,
      "HwG": 0,
      "KPM6": null,
      "Pyro": 0,
      "KPM7": null,
      "Spy": 0,
      "KPM8": null,
      "Eng": 0,
      "KPM9": null,
      "SG": 0,
      "KPM0": null
    },
    {
      "Name": "eupain.pl",
      "Sco": 0,
      "KPM1": null,
      "Sold": 0,
      "KPM3": null,
      "Demo": 0,
      "KPM4": null,
      "Med": 0,
      "KPM5": null,
      "HwG": 0,
      "KPM6": null,
      "Pyro": 18.0,
      "KPM7": 1.8,
      "Spy": 0,
      "KPM8": null,
      "Eng": 0,
      "KPM9": null,
      "SG": 0,
      "KPM0": null
    },
    {
      "Name": "eusharky.de",
      "Sco": 0,
      "KPM1": null,
      "Sold": 0,
      "KPM3": null,
      "Demo": 0,
      "KPM4": null,
      "Med": 0,
      "KPM5": null,
      "HwG": 0,
      "KPM6": null,
      "Pyro": 0,
      "KPM7": null,
      "Spy": 0,
      "KPM8": null,
      "Eng": 14.0,
      "KPM9": 1.4,
      "SG": 5.0,
      "KPM0": 0.5
    }
  ],
  "ClassTimeAttack": [
    {
      "Name": "usabugattiw",
      "Sco": 0,
      "Sold": 600,
      "Demo": 0,
      "Med": 0,
      "HwG": 0,
      "Pyro": 0,
      "Spy": 0,
      "Eng": 0
    },
    {
      "Name": "usajusticew",
      "Sco": 130,
      "Sold": 0,
      "Demo": 0,
      "Med": 0,
      "HwG": 0,
      "Pyro": 0,
      "Spy": 470,
      "Eng": 0
    },
    {
      "Name": "usatechww",
      "Sco": 0,
      "Sold": 0,
      "Demo": 0,
      "Med": 600,
      "HwG": 0,
      "Pyro": 0,
      "Spy": 0,
      "Eng": 0
    },
    {
      "Name": "usatulkasw",
      "Sco": 0,
      "Sold": 0,
      "Demo": 0,
      "Med": 0,
      "HwG": 0,
      "Pyro": 600,
      "Spy": 0,
      "Eng": 0
    },
    {
      "Name": "eub4s1c.fi",
      "Sco": 0,
      "Sold": 0,
      "Demo": 0,
      "Med": 0,
      "HwG": 0,
      "Pyro": 412,
      "Spy": 0,
      "Eng": 0
    },
    {
      "Name": "euhaunter.pt",
      "Sco": 0,
      "Sold": 412,
      "Demo": 0,
      "Med": 0,
      "HwG": 0,
      "Pyro": 0,
      "Spy": 0,
      "Eng": 0
    },
    {
      "Name": "eupain.pl",
      "Sco": 0,
      "Sold": 0,
      "Demo": 0,
      "Med": 0,
      "HwG": 0,
      "Pyro": 21,
      "Spy": 391,
      "Eng": 0
    },
    {
      "Name": "eusharky.de",
      "Sco": 0,
      "Sold": 0,
      "Demo": 0,
      "Med": 412,
      "HwG": 0,
      "Pyro": 0,
      "Spy": 0,
      "Eng": 0
    }
  ],
  "ClassTimeDefence": [
    {
      "Name": "usabugattiw",
      "Sco": 0,
      "Sold": 412,
      "Demo": 0,
      "Med": 0,
      "HwG": 0,
      "Pyro": 0,
      "Spy": 0,
      "Eng": 0
    },
    {
      "Name": "usajusticew",
      "Sco": 0,
      "Sold": 0,
      "Demo": 412,
      "Med": 0,
      "HwG": 0,
      "Pyro": 0,
      "Spy": 0,
      "Eng": 0
    },
    {
      "Name": "usatechww",
      "Sco": 0,
      "Sold": 0,
      "Demo": 0,
      "Med": 0,
      "HwG": 0,
      "Pyro": 412,
      "Spy": 0,
      "Eng": 0
    },
    {
      "Name": "usatulkasw",
      "Sco": 0,
      "Sold": 0,
      "Demo": 0,
      "Med": 0,
      "HwG": 333,
      "Pyro": 0,
      "Spy": 0,
      "Eng": 79
    },
    {
      "Name": "eub4s1c.fi",
      "Sco": 0,
      "Sold": 0,
      "Demo": 600,
      "Med": 0,
      "HwG": 0,
      "Pyro": 0,
      "Spy": 0,
      "Eng": 0
    },
    {
      "Name": "euhaunter.pt",
      "Sco": 0,
      "Sold": 600,
      "Demo": 0,
      "Med": 0,
      "HwG": 0,
      "Pyro": 0,
      "Spy": 0,
      "Eng": 0
    },
    {
      "Name": "eupain.pl",
      "Sco": 0,
      "Sold": 0,
      "Demo": 0,
      "Med": 0,
      "HwG": 0,
      "Pyro": 600,
      "Spy": 0,
      "Eng": 0
    },
    {
      "Name": "eusharky.de",
      "Sco": 0,
      "Sold": 0,
      "Demo": 0,
      "Med": 0,
      "HwG": 0,
      "Pyro": 0,
      "Spy": 0,
      "Eng": 600
    }
  ]
}
