﻿{
    "Matches":  [
                    {
                        "Server":  "virginia/staging/",
                        "Match":  "2023-10-06-05-04-38_[ff-swoop]",
                        "Winner":  "Team2",
                        "Rating":  "7%",
                        "Score1":  40,
                        "Team1":  "[LSD]ViD#53,loki#54,newby#281,scottybugattiz#61",
                        "Score2":  50,
                        "Team2":  "haze#55,REV6thecarn#312,tulkastf#48,wolverine.aunz#14"
                    }
                ],
    "SummaryAttack":  [
                          {
                              "Name":  "[LSD]ViD#53",
                              "KPM":  0.4,
                              "KD":  0.13,
                              "Kills":  4,
                              "Death":  31,
                              "TKill":  1,
                              "Dmg":  1911,
                              "DPM":  191,
                              "SGKills":  0,
                              "SGDeath":  0,
                              "FlagCap":  0,
                              "FlagTake":  2,
                              "FlagTime":  "0:01",
                              "FlagStop":  0,
                              "Win":  0,
                              "Draw":  0,
                              "Loss":  1,
                              "TimePlayed":  "10:00",
                              "Classes":  "Spy  100%"
                          },
                          {
                              "Name":  "loki#54",
                              "KPM":  3.2,
                              "KD":  1.33,
                              "Kills":  32,
                              "Death":  24,
                              "TKill":  1,
                              "Dmg":  4924,
                              "DPM":  492,
                              "SGKills":  11,
                              "SGDeath":  0,
                              "FlagCap":  1,
                              "FlagTake":  4,
                              "FlagTime":  "0:18",
                              "FlagStop":  0,
                              "Win":  0,
                              "Draw":  0,
                              "Loss":  1,
                              "TimePlayed":  "10:00",
                              "Classes":  "Sold 100%"
                          },
                          {
                              "Name":  "newby#281",
                              "KPM":  0.9,
                              "KD":  0.24,
                              "Kills":  9,
                              "Death":  37,
                              "TKill":  1,
                              "Dmg":  2730,
                              "DPM":  273,
                              "SGKills":  2,
                              "SGDeath":  0,
                              "FlagCap":  2,
                              "FlagTake":  10,
                              "FlagTime":  "0:45",
                              "FlagStop":  0,
                              "Win":  0,
                              "Draw":  0,
                              "Loss":  1,
                              "TimePlayed":  "10:00",
                              "Classes":  "Pyro 100%"
                          },
                          {
                              "Name":  "scottybugattiz#61",
                              "KPM":  1,
                              "KD":  0.32,
                              "Kills":  10,
                              "Death":  31,
                              "TKill":  0,
                              "Dmg":  1907,
                              "DPM":  191,
                              "SGKills":  1,
                              "SGDeath":  0,
                              "FlagCap":  1,
                              "FlagTake":  7,
                              "FlagTime":  "0:30",
                              "FlagStop":  0,
                              "Win":  0,
                              "Draw":  0,
                              "Loss":  1,
                              "TimePlayed":  "10:00",
                              "Classes":  "Med  100%"
                          },
                          {
                              "Name":  "haze#55",
                              "KPM":  0.86,
                              "KD":  0.29,
                              "Kills":  8,
                              "Death":  28,
                              "TKill":  0,
                              "Dmg":  1641,
                              "DPM":  176,
                              "SGKills":  5,
                              "SGDeath":  0,
                              "FlagCap":  2,
                              "FlagTake":  10,
                              "FlagTime":  "0:42",
                              "FlagStop":  0,
                              "Win":  1,
                              "Draw":  0,
                              "Loss":  0,
                              "TimePlayed":  "9:20",
                              "Classes":  "Med  100%"
                          },
                          {
                              "Name":  "REV6thecarn#312",
                              "KPM":  1.5,
                              "KD":  0.52,
                              "Kills":  14,
                              "Death":  27,
                              "TKill":  2,
                              "Dmg":  2897,
                              "DPM":  310,
                              "SGKills":  3,
                              "SGDeath":  0,
                              "FlagCap":  1,
                              "FlagTake":  5,
                              "FlagTime":  "0:26",
                              "FlagStop":  0,
                              "Win":  1,
                              "Draw":  0,
                              "Loss":  0,
                              "TimePlayed":  "9:20",
                              "Classes":  "Sold 100%"
                          },
                          {
                              "Name":  "tulkastf#48",
                              "KPM":  1.29,
                              "KD":  0.38,
                              "Kills":  12,
                              "Death":  32,
                              "TKill":  1,
                              "Dmg":  2323,
                              "DPM":  249,
                              "SGKills":  2,
                              "SGDeath":  0,
                              "FlagCap":  1,
                              "FlagTake":  6,
                              "FlagTime":  "0:22",
                              "FlagStop":  0,
                              "Win":  1,
                              "Draw":  0,
                              "Loss":  0,
                              "TimePlayed":  "9:20",
                              "Classes":  "Pyro 100%"
                          },
                          {
                              "Name":  "wolverine.aunz#14",
                              "KPM":  1.5,
                              "KD":  0.52,
                              "Kills":  14,
                              "Death":  27,
                              "TKill":  0,
                              "Dmg":  1985,
                              "DPM":  213,
                              "SGKills":  1,
                              "SGDeath":  0,
                              "FlagCap":  1,
                              "FlagTake":  7,
                              "FlagTime":  "0:26",
                              "FlagStop":  0,
                              "Win":  1,
                              "Draw":  0,
                              "Loss":  0,
                              "TimePlayed":  "9:20",
                              "Classes":  "Spy  100%"
                          }
                      ],
    "SummaryDefence":  [
                           {
                               "Name":  "[LSD]ViD#53",
                               "KPM":  1.71,
                               "KD":  1.45,
                               "Kills":  16,
                               "Death":  11,
                               "TKill":  8,
                               "Dmg":  3596,
                               "DPM":  385,
                               "SGKills":  0,
                               "SGDeath":  0,
                               "FlagCap":  0,
                               "FlagTake":  0,
                               "FlagTime":  0,
                               "FlagStop":  2,
                               "Win":  0,
                               "Draw":  0,
                               "Loss":  1,
                               "TimePlayed":  "9:20",
                               "Classes":  "HwG  100%"
                           },
                           {
                               "Name":  "loki#54",
                               "KPM":  2.79,
                               "KD":  1.53,
                               "Kills":  26,
                               "Death":  17,
                               "TKill":  2,
                               "Dmg":  4472,
                               "DPM":  479,
                               "SGKills":  0,
                               "SGDeath":  11,
                               "FlagCap":  0,
                               "FlagTake":  0,
                               "FlagTime":  0,
                               "FlagStop":  4,
                               "Win":  0,
                               "Draw":  0,
                               "Loss":  1,
                               "TimePlayed":  "9:20",
                               "Classes":  "Eng  100%"
                           },
                           {
                               "Name":  "newby#281",
                               "KPM":  3,
                               "KD":  0.76,
                               "Kills":  28,
                               "Death":  37,
                               "TKill":  6,
                               "Dmg":  5900,
                               "DPM":  632,
                               "SGKills":  0,
                               "SGDeath":  0,
                               "FlagCap":  0,
                               "FlagTake":  0,
                               "FlagTime":  0,
                               "FlagStop":  1,
                               "Win":  0,
                               "Draw":  0,
                               "Loss":  1,
                               "TimePlayed":  "9:20",
                               "Classes":  "Pyro 100%"
                           },
                           {
                               "Name":  "scottybugattiz#61",
                               "KPM":  3.11,
                               "KD":  1.71,
                               "Kills":  29,
                               "Death":  17,
                               "TKill":  6,
                               "Dmg":  5575,
                               "DPM":  597,
                               "SGKills":  0,
                               "SGDeath":  0,
                               "FlagCap":  0,
                               "FlagTake":  0,
                               "FlagTime":  0,
                               "FlagStop":  6,
                               "Win":  0,
                               "Draw":  0,
                               "Loss":  1,
                               "TimePlayed":  "9:20",
                               "Classes":  "Demo 100%"
                           },
                           {
                               "Name":  "haze#55",
                               "KPM":  3.3,
                               "KD":  1.65,
                               "Kills":  33,
                               "Death":  20,
                               "TKill":  1,
                               "Dmg":  5797,
                               "DPM":  580,
                               "SGKills":  0,
                               "SGDeath":  14,
                               "FlagCap":  0,
                               "FlagTake":  0,
                               "FlagTime":  0,
                               "FlagStop":  3,
                               "Win":  1,
                               "Draw":  0,
                               "Loss":  0,
                               "TimePlayed":  "10:00",
                               "Classes":  "Eng  100%"
                           },
                           {
                               "Name":  "REV6thecarn#312",
                               "KPM":  3.3,
                               "KD":  1.83,
                               "Kills":  33,
                               "Death":  18,
                               "TKill":  7,
                               "Dmg":  7439,
                               "DPM":  744,
                               "SGKills":  0,
                               "SGDeath":  0,
                               "FlagCap":  0,
                               "FlagTake":  0,
                               "FlagTime":  0,
                               "FlagStop":  1,
                               "Win":  1,
                               "Draw":  0,
                               "Loss":  0,
                               "TimePlayed":  "10:00",
                               "Classes":  "HwG  100%"
                           },
                           {
                               "Name":  "tulkastf#48",
                               "KPM":  2.2,
                               "KD":  0.92,
                               "Kills":  22,
                               "Death":  24,
                               "TKill":  1,
                               "Dmg":  5688,
                               "DPM":  569,
                               "SGKills":  0,
                               "SGDeath":  0,
                               "FlagCap":  0,
                               "FlagTake":  0,
                               "FlagTime":  0,
                               "FlagStop":  0,
                               "Win":  1,
                               "Draw":  0,
                               "Loss":  0,
                               "TimePlayed":  "10:00",
                               "Classes":  "Pyro 100%"
                           },
                           {
                               "Name":  "wolverine.aunz#14",
                               "KPM":  2.4,
                               "KD":  1.41,
                               "Kills":  24,
                               "Death":  17,
                               "TKill":  10,
                               "Dmg":  5785,
                               "DPM":  578,
                               "SGKills":  0,
                               "SGDeath":  0,
                               "FlagCap":  0,
                               "FlagTake":  0,
                               "FlagTime":  0,
                               "FlagStop":  2,
                               "Win":  1,
                               "Draw":  0,
                               "Loss":  0,
                               "TimePlayed":  "10:00",
                               "Classes":  "Demo 100%"
                           }
                       ],
    "ClassFragAttack":  [
                            {
                                "Name":  "[LSD]ViD#53",
                                "Sco":  0,
                                "KPM1":  null,
                                "Sold":  0,
                                "KPM3":  null,
                                "Demo":  0,
                                "KPM4":  null,
                                "Med":  0,
                                "KPM5":  null,
                                "HwG":  0,
                                "KPM6":  null,
                                "Pyro":  0,
                                "KPM7":  null,
                                "Spy":  4,
                                "KPM8":  0.4,
                                "Eng":  0,
                                "KPM9":  null,
                                "SG":  0,
                                "KPM0":  null
                            },
                            {
                                "Name":  "loki#54",
                                "Sco":  0,
                                "KPM1":  null,
                                "Sold":  32,
                                "KPM3":  3.2,
                                "Demo":  0,
                                "KPM4":  null,
                                "Med":  0,
                                "KPM5":  null,
                                "HwG":  0,
                                "KPM6":  null,
                                "Pyro":  0,
                                "KPM7":  null,
                                "Spy":  0,
                                "KPM8":  null,
                                "Eng":  0,
                                "KPM9":  null,
                                "SG":  0,
                                "KPM0":  null
                            },
                            {
                                "Name":  "newby#281",
                                "Sco":  0,
                                "KPM1":  null,
                                "Sold":  0,
                                "KPM3":  null,
                                "Demo":  0,
                                "KPM4":  null,
                                "Med":  0,
                                "KPM5":  null,
                                "HwG":  0,
                                "KPM6":  null,
                                "Pyro":  9,
                                "KPM7":  0.9,
                                "Spy":  0,
                                "KPM8":  null,
                                "Eng":  0,
                                "KPM9":  null,
                                "SG":  0,
                                "KPM0":  null
                            },
                            {
                                "Name":  "scottybugattiz#61",
                                "Sco":  0,
                                "KPM1":  null,
                                "Sold":  0,
                                "KPM3":  null,
                                "Demo":  0,
                                "KPM4":  null,
                                "Med":  10,
                                "KPM5":  1,
                                "HwG":  0,
                                "KPM6":  null,
                                "Pyro":  0,
                                "KPM7":  null,
                                "Spy":  0,
                                "KPM8":  null,
                                "Eng":  0,
                                "KPM9":  null,
                                "SG":  0,
                                "KPM0":  null
                            },
                            {
                                "Name":  "haze#55",
                                "Sco":  0,
                                "KPM1":  null,
                                "Sold":  0,
                                "KPM3":  null,
                                "Demo":  0,
                                "KPM4":  null,
                                "Med":  8,
                                "KPM5":  0.86,
                                "HwG":  0,
                                "KPM6":  null,
                                "Pyro":  0,
                                "KPM7":  null,
                                "Spy":  0,
                                "KPM8":  null,
                                "Eng":  0,
                                "KPM9":  null,
                                "SG":  0,
                                "KPM0":  null
                            },
                            {
                                "Name":  "REV6thecarn#312",
                                "Sco":  0,
                                "KPM1":  null,
                                "Sold":  14,
                                "KPM3":  1.5,
                                "Demo":  0,
                                "KPM4":  null,
                                "Med":  0,
                                "KPM5":  null,
                                "HwG":  0,
                                "KPM6":  null,
                                "Pyro":  0,
                                "KPM7":  null,
                                "Spy":  0,
                                "KPM8":  null,
                                "Eng":  0,
                                "KPM9":  null,
                                "SG":  0,
                                "KPM0":  null
                            },
                            {
                                "Name":  "tulkastf#48",
                                "Sco":  0,
                                "KPM1":  null,
                                "Sold":  0,
                                "KPM3":  null,
                                "Demo":  0,
                                "KPM4":  null,
                                "Med":  0,
                                "KPM5":  null,
                                "HwG":  0,
                                "KPM6":  null,
                                "Pyro":  12,
                                "KPM7":  1.29,
                                "Spy":  0,
                                "KPM8":  null,
                                "Eng":  0,
                                "KPM9":  null,
                                "SG":  0,
                                "KPM0":  null
                            },
                            {
                                "Name":  "wolverine.aunz#14",
                                "Sco":  0,
                                "KPM1":  null,
                                "Sold":  0,
                                "KPM3":  null,
                                "Demo":  0,
                                "KPM4":  null,
                                "Med":  0,
                                "KPM5":  null,
                                "HwG":  0,
                                "KPM6":  null,
                                "Pyro":  0,
                                "KPM7":  null,
                                "Spy":  14,
                                "KPM8":  1.5,
                                "Eng":  0,
                                "KPM9":  null,
                                "SG":  0,
                                "KPM0":  null
                            }
                        ],
    "ClassFragDefence":  [
                             {
                                 "Name":  "[LSD]ViD#53",
                                 "Sco":  0,
                                 "KPM1":  null,
                                 "Sold":  0,
                                 "KPM3":  null,
                                 "Demo":  0,
                                 "KPM4":  null,
                                 "Med":  0,
                                 "KPM5":  null,
                                 "HwG":  16,
                                 "KPM6":  1.71,
                                 "Pyro":  0,
                                 "KPM7":  null,
                                 "Spy":  0,
                                 "KPM8":  null,
                                 "Eng":  0,
                                 "KPM9":  null,
                                 "SG":  0,
                                 "KPM0":  null
                             },
                             {
                                 "Name":  "loki#54",
                                 "Sco":  0,
                                 "KPM1":  null,
                                 "Sold":  0,
                                 "KPM3":  null,
                                 "Demo":  0,
                                 "KPM4":  null,
                                 "Med":  0,
                                 "KPM5":  null,
                                 "HwG":  0,
                                 "KPM6":  null,
                                 "Pyro":  0,
                                 "KPM7":  null,
                                 "Spy":  0,
                                 "KPM8":  null,
                                 "Eng":  12,
                                 "KPM9":  1.29,
                                 "SG":  14,
                                 "KPM0":  1.5
                             },
                             {
                                 "Name":  "newby#281",
                                 "Sco":  0,
                                 "KPM1":  null,
                                 "Sold":  0,
                                 "KPM3":  null,
                                 "Demo":  0,
                                 "KPM4":  null,
                                 "Med":  0,
                                 "KPM5":  null,
                                 "HwG":  0,
                                 "KPM6":  null,
                                 "Pyro":  28,
                                 "KPM7":  3,
                                 "Spy":  0,
                                 "KPM8":  null,
                                 "Eng":  0,
                                 "KPM9":  null,
                                 "SG":  0,
                                 "KPM0":  null
                             },
                             {
                                 "Name":  "scottybugattiz#61",
                                 "Sco":  0,
                                 "KPM1":  null,
                                 "Sold":  0,
                                 "KPM3":  null,
                                 "Demo":  29,
                                 "KPM4":  3.11,
                                 "Med":  0,
                                 "KPM5":  null,
                                 "HwG":  0,
                                 "KPM6":  null,
                                 "Pyro":  0,
                                 "KPM7":  null,
                                 "Spy":  0,
                                 "KPM8":  null,
                                 "Eng":  0,
                                 "KPM9":  null,
                                 "SG":  0,
                                 "KPM0":  null
                             },
                             {
                                 "Name":  "haze#55",
                                 "Sco":  0,
                                 "KPM1":  null,
                                 "Sold":  0,
                                 "KPM3":  null,
                                 "Demo":  0,
                                 "KPM4":  null,
                                 "Med":  0,
                                 "KPM5":  null,
                                 "HwG":  0,
                                 "KPM6":  null,
                                 "Pyro":  0,
                                 "KPM7":  null,
                                 "Spy":  0,
                                 "KPM8":  null,
                                 "Eng":  11,
                                 "KPM9":  1.1,
                                 "SG":  22,
                                 "KPM0":  2.2
                             },
                             {
                                 "Name":  "REV6thecarn#312",
                                 "Sco":  0,
                                 "KPM1":  null,
                                 "Sold":  0,
                                 "KPM3":  null,
                                 "Demo":  0,
                                 "KPM4":  null,
                                 "Med":  0,
                                 "KPM5":  null,
                                 "HwG":  33,
                                 "KPM6":  3.3,
                                 "Pyro":  0,
                                 "KPM7":  null,
                                 "Spy":  0,
                                 "KPM8":  null,
                                 "Eng":  0,
                                 "KPM9":  null,
                                 "SG":  0,
                                 "KPM0":  null
                             },
                             {
                                 "Name":  "tulkastf#48",
                                 "Sco":  0,
                                 "KPM1":  null,
                                 "Sold":  0,
                                 "KPM3":  null,
                                 "Demo":  0,
                                 "KPM4":  null,
                                 "Med":  0,
                                 "KPM5":  null,
                                 "HwG":  0,
                                 "KPM6":  null,
                                 "Pyro":  22,
                                 "KPM7":  2.2,
                                 "Spy":  0,
                                 "KPM8":  null,
                                 "Eng":  0,
                                 "KPM9":  null,
                                 "SG":  0,
                                 "KPM0":  null
                             },
                             {
                                 "Name":  "wolverine.aunz#14",
                                 "Sco":  0,
                                 "KPM1":  null,
                                 "Sold":  0,
                                 "KPM3":  null,
                                 "Demo":  24,
                                 "KPM4":  2.4,
                                 "Med":  0,
                                 "KPM5":  null,
                                 "HwG":  0,
                                 "KPM6":  null,
                                 "Pyro":  0,
                                 "KPM7":  null,
                                 "Spy":  0,
                                 "KPM8":  null,
                                 "Eng":  0,
                                 "KPM9":  null,
                                 "SG":  0,
                                 "KPM0":  null
                             }
                         ],
    "ClassTimeAttack":  [
                            {
                                "Name":  "[LSD]ViD#53",
                                "Sco":  0,
                                "Sold":  0,
                                "Demo":  0,
                                "Med":  0,
                                "HwG":  0,
                                "Pyro":  0,
                                "Spy":  600,
                                "Eng":  0
                            },
                            {
                                "Name":  "loki#54",
                                "Sco":  0,
                                "Sold":  600,
                                "Demo":  0,
                                "Med":  0,
                                "HwG":  0,
                                "Pyro":  0,
                                "Spy":  0,
                                "Eng":  0
                            },
                            {
                                "Name":  "newby#281",
                                "Sco":  0,
                                "Sold":  0,
                                "Demo":  0,
                                "Med":  0,
                                "HwG":  0,
                                "Pyro":  600,
                                "Spy":  0,
                                "Eng":  0
                            },
                            {
                                "Name":  "scottybugattiz#61",
                                "Sco":  0,
                                "Sold":  0,
                                "Demo":  0,
                                "Med":  600,
                                "HwG":  0,
                                "Pyro":  0,
                                "Spy":  0,
                                "Eng":  0
                            },
                            {
                                "Name":  "haze#55",
                                "Sco":  0,
                                "Sold":  0,
                                "Demo":  0,
                                "Med":  560,
                                "HwG":  0,
                                "Pyro":  0,
                                "Spy":  0,
                                "Eng":  0
                            },
                            {
                                "Name":  "REV6thecarn#312",
                                "Sco":  0,
                                "Sold":  560,
                                "Demo":  0,
                                "Med":  0,
                                "HwG":  0,
                                "Pyro":  0,
                                "Spy":  0,
                                "Eng":  0
                            },
                            {
                                "Name":  "tulkastf#48",
                                "Sco":  0,
                                "Sold":  0,
                                "Demo":  0,
                                "Med":  0,
                                "HwG":  0,
                                "Pyro":  560,
                                "Spy":  0,
                                "Eng":  0
                            },
                            {
                                "Name":  "wolverine.aunz#14",
                                "Sco":  0,
                                "Sold":  0,
                                "Demo":  0,
                                "Med":  0,
                                "HwG":  0,
                                "Pyro":  0,
                                "Spy":  560,
                                "Eng":  0
                            }
                        ],
    "ClassTimeDefence":  [
                             {
                                 "Name":  "[LSD]ViD#53",
                                 "Sco":  0,
                                 "Sold":  0,
                                 "Demo":  0,
                                 "Med":  0,
                                 "HwG":  560,
                                 "Pyro":  0,
                                 "Spy":  0,
                                 "Eng":  0
                             },
                             {
                                 "Name":  "loki#54",
                                 "Sco":  0,
                                 "Sold":  0,
                                 "Demo":  0,
                                 "Med":  0,
                                 "HwG":  0,
                                 "Pyro":  0,
                                 "Spy":  0,
                                 "Eng":  560
                             },
                             {
                                 "Name":  "newby#281",
                                 "Sco":  0,
                                 "Sold":  0,
                                 "Demo":  0,
                                 "Med":  0,
                                 "HwG":  0,
                                 "Pyro":  560,
                                 "Spy":  0,
                                 "Eng":  0
                             },
                             {
                                 "Name":  "scottybugattiz#61",
                                 "Sco":  0,
                                 "Sold":  0,
                                 "Demo":  560,
                                 "Med":  0,
                                 "HwG":  0,
                                 "Pyro":  0,
                                 "Spy":  0,
                                 "Eng":  0
                             },
                             {
                                 "Name":  "haze#55",
                                 "Sco":  0,
                                 "Sold":  0,
                                 "Demo":  0,
                                 "Med":  0,
                                 "HwG":  0,
                                 "Pyro":  0,
                                 "Spy":  0,
                                 "Eng":  600
                             },
                             {
                                 "Name":  "REV6thecarn#312",
                                 "Sco":  0,
                                 "Sold":  0,
                                 "Demo":  0,
                                 "Med":  0,
                                 "HwG":  600,
                                 "Pyro":  0,
                                 "Spy":  0,
                                 "Eng":  0
                             },
                             {
                                 "Name":  "tulkastf#48",
                                 "Sco":  0,
                                 "Sold":  0,
                                 "Demo":  0,
                                 "Med":  0,
                                 "HwG":  0,
                                 "Pyro":  600,
                                 "Spy":  0,
                                 "Eng":  0
                             },
                             {
                                 "Name":  "wolverine.aunz#14",
                                 "Sco":  0,
                                 "Sold":  0,
                                 "Demo":  600,
                                 "Med":  0,
                                 "HwG":  0,
                                 "Pyro":  0,
                                 "Spy":  0,
                                 "Eng":  0
                             }
                         ]
}
