﻿{
    "Matches":  [
                    {
                        "Server":  "virginia/staging/",
                        "Match":  "2023-11-09-07-46-20_[8-1]",
                        "Winner":  "Team1",
                        "Rating":  "86%",
                        "Score1":  210,
                        "Team1":  "newby#281,tulkastf#48",
                        "Score2":  30,
                        "Team2":  "[LSD]ViD#53,REV6thecarn#312"
                    }
                ],
    "SummaryAttack":  [
                          {
                              "Name":  "newby#281",
                              "KPM":  0.2,
                              "KD":  0.09,
                              "Kills":  2,
                              "Death":  22,
                              "TKill":  0,
                              "Dmg":  1129,
                              "DPM":  113,
                              "SGKills":  0,
                              "SGDeath":  0,
                              "FlagCap":  13,
                              "FlagTake":  19,
                              "FlagTime":  "4:20",
                              "FlagStop":  0,
                              "Win":  1,
                              "Draw":  0,
                              "Loss":  0,
                              "TimePlayed":  "10:00",
                              "Classes":  "Sold 100%"
                          },
                          {
                              "Name":  "tulkastf#48",
                              "KPM":  null,
                              "KD":  0,
                              "Kills":  0,
                              "Death":  30,
                              "TKill":  0,
                              "Dmg":  776,
                              "DPM":  78,
                              "SGKills":  0,
                              "SGDeath":  0,
                              "FlagCap":  8,
                              "FlagTake":  20,
                              "FlagTime":  "2:35",
                              "FlagStop":  0,
                              "Win":  1,
                              "Draw":  0,
                              "Loss":  0,
                              "TimePlayed":  "10:00",
                              "Classes":  "Pyro 100%"
                          },
                          {
                              "Name":  "[LSD]ViD#53",
                              "KPM":  0.1,
                              "KD":  0.03,
                              "Kills":  1,
                              "Death":  35,
                              "TKill":  0,
                              "Dmg":  522,
                              "DPM":  52,
                              "SGKills":  0,
                              "SGDeath":  0,
                              "FlagCap":  1,
                              "FlagTake":  7,
                              "FlagTime":  "0:38",
                              "FlagStop":  0,
                              "Win":  0,
                              "Draw":  0,
                              "Loss":  1,
                              "TimePlayed":  "10:00",
                              "Classes":  "Pyro 100%"
                          },
                          {
                              "Name":  "REV6thecarn#312",
                              "KPM":  0.1,
                              "KD":  0.03,
                              "Kills":  1,
                              "Death":  35,
                              "TKill":  0,
                              "Dmg":  709,
                              "DPM":  71,
                              "SGKills":  0,
                              "SGDeath":  0,
                              "FlagCap":  2,
                              "FlagTake":  9,
                              "FlagTime":  "1:02",
                              "FlagStop":  0,
                              "Win":  0,
                              "Draw":  0,
                              "Loss":  1,
                              "TimePlayed":  "10:00",
                              "Classes":  "Sold 100%"
                          }
                      ],
    "SummaryDefence":  [
                           {
                               "Name":  "newby#281",
                               "KPM":  1.8,
                               "KD":  1.2,
                               "Kills":  18,
                               "Death":  15,
                               "TKill":  1,
                               "Dmg":  3104,
                               "DPM":  310,
                               "SGKills":  0,
                               "SGDeath":  0,
                               "FlagCap":  0,
                               "FlagTake":  0,
                               "FlagTime":  0,
                               "FlagStop":  8,
                               "Win":  1,
                               "Draw":  0,
                               "Loss":  0,
                               "TimePlayed":  "10:00",
                               "Classes":  "Demo 100%"
                           },
                           {
                               "Name":  "tulkastf#48",
                               "KPM":  0.3,
                               "KD":  0.18,
                               "Kills":  3,
                               "Death":  17,
                               "TKill":  1,
                               "Dmg":  1249,
                               "DPM":  125,
                               "SGKills":  0,
                               "SGDeath":  0,
                               "FlagCap":  0,
                               "FlagTake":  0,
                               "FlagTime":  0,
                               "FlagStop":  0,
                               "Win":  1,
                               "Draw":  0,
                               "Loss":  0,
                               "TimePlayed":  "10:00",
                               "Classes":  "Pyro 100%"
                           },
                           {
                               "Name":  "[LSD]ViD#53",
                               "KPM":  0.4,
                               "KD":  0.29,
                               "Kills":  4,
                               "Death":  14,
                               "TKill":  1,
                               "Dmg":  873,
                               "DPM":  87,
                               "SGKills":  0,
                               "SGDeath":  0,
                               "FlagCap":  0,
                               "FlagTake":  0,
                               "FlagTime":  0,
                               "FlagStop":  1,
                               "Win":  0,
                               "Draw":  0,
                               "Loss":  1,
                               "TimePlayed":  "10:00",
                               "Classes":  "Pyro 100%"
                           },
                           {
                               "Name":  "REV6thecarn#312",
                               "KPM":  1.8,
                               "KD":  1.38,
                               "Kills":  18,
                               "Death":  13,
                               "TKill":  0,
                               "Dmg":  3375,
                               "DPM":  338,
                               "SGKills":  0,
                               "SGDeath":  0,
                               "FlagCap":  0,
                               "FlagTake":  0,
                               "FlagTime":  0,
                               "FlagStop":  7,
                               "Win":  0,
                               "Draw":  0,
                               "Loss":  1,
                               "TimePlayed":  "10:00",
                               "Classes":  "Demo 100%"
                           }
                       ],
    "ClassFragAttack":  [
                            {
                                "Name":  "newby#281",
                                "Sco":  0,
                                "KPM1":  null,
                                "Sold":  2,
                                "KPM3":  0.2,
                                "Demo":  0,
                                "KPM4":  null,
                                "Med":  0,
                                "KPM5":  null,
                                "HwG":  0,
                                "KPM6":  null,
                                "Pyro":  0,
                                "KPM7":  null,
                                "Spy":  0,
                                "KPM8":  null,
                                "Eng":  0,
                                "KPM9":  null,
                                "SG":  0,
                                "KPM0":  null
                            },
                            {
                                "Name":  "[LSD]ViD#53",
                                "Sco":  0,
                                "KPM1":  null,
                                "Sold":  0,
                                "KPM3":  null,
                                "Demo":  0,
                                "KPM4":  null,
                                "Med":  0,
                                "KPM5":  null,
                                "HwG":  0,
                                "KPM6":  null,
                                "Pyro":  1,
                                "KPM7":  0.1,
                                "Spy":  0,
                                "KPM8":  null,
                                "Eng":  0,
                                "KPM9":  null,
                                "SG":  0,
                                "KPM0":  null
                            },
                            {
                                "Name":  "REV6thecarn#312",
                                "Sco":  0,
                                "KPM1":  null,
                                "Sold":  1,
                                "KPM3":  0.1,
                                "Demo":  0,
                                "KPM4":  null,
                                "Med":  0,
                                "KPM5":  null,
                                "HwG":  0,
                                "KPM6":  null,
                                "Pyro":  0,
                                "KPM7":  null,
                                "Spy":  0,
                                "KPM8":  null,
                                "Eng":  0,
                                "KPM9":  null,
                                "SG":  0,
                                "KPM0":  null
                            }
                        ],
    "ClassFragDefence":  [
                             {
                                 "Name":  "newby#281",
                                 "Sco":  0,
                                 "KPM1":  null,
                                 "Sold":  0,
                                 "KPM3":  null,
                                 "Demo":  18,
                                 "KPM4":  1.8,
                                 "Med":  0,
                                 "KPM5":  null,
                                 "HwG":  0,
                                 "KPM6":  null,
                                 "Pyro":  0,
                                 "KPM7":  null,
                                 "Spy":  0,
                                 "KPM8":  null,
                                 "Eng":  0,
                                 "KPM9":  null,
                                 "SG":  0,
                                 "KPM0":  null
                             },
                             {
                                 "Name":  "tulkastf#48",
                                 "Sco":  0,
                                 "KPM1":  null,
                                 "Sold":  0,
                                 "KPM3":  null,
                                 "Demo":  0,
                                 "KPM4":  null,
                                 "Med":  0,
                                 "KPM5":  null,
                                 "HwG":  0,
                                 "KPM6":  null,
                                 "Pyro":  3,
                                 "KPM7":  0.3,
                                 "Spy":  0,
                                 "KPM8":  null,
                                 "Eng":  0,
                                 "KPM9":  null,
                                 "SG":  0,
                                 "KPM0":  null
                             },
                             {
                                 "Name":  "[LSD]ViD#53",
                                 "Sco":  0,
                                 "KPM1":  null,
                                 "Sold":  0,
                                 "KPM3":  null,
                                 "Demo":  0,
                                 "KPM4":  null,
                                 "Med":  0,
                                 "KPM5":  null,
                                 "HwG":  0,
                                 "KPM6":  null,
                                 "Pyro":  4,
                                 "KPM7":  0.4,
                                 "Spy":  0,
                                 "KPM8":  null,
                                 "Eng":  0,
                                 "KPM9":  null,
                                 "SG":  0,
                                 "KPM0":  null
                             },
                             {
                                 "Name":  "REV6thecarn#312",
                                 "Sco":  0,
                                 "KPM1":  null,
                                 "Sold":  0,
                                 "KPM3":  null,
                                 "Demo":  18,
                                 "KPM4":  1.8,
                                 "Med":  0,
                                 "KPM5":  null,
                                 "HwG":  0,
                                 "KPM6":  null,
                                 "Pyro":  0,
                                 "KPM7":  null,
                                 "Spy":  0,
                                 "KPM8":  null,
                                 "Eng":  0,
                                 "KPM9":  null,
                                 "SG":  0,
                                 "KPM0":  null
                             }
                         ],
    "ClassTimeAttack":  [
                            {
                                "Name":  "newby#281",
                                "Sco":  0,
                                "Sold":  600,
                                "Demo":  0,
                                "Med":  0,
                                "HwG":  0,
                                "Pyro":  0,
                                "Spy":  0,
                                "Eng":  0
                            },
                            {
                                "Name":  "tulkastf#48",
                                "Sco":  0,
                                "Sold":  0,
                                "Demo":  0,
                                "Med":  0,
                                "HwG":  0,
                                "Pyro":  600,
                                "Spy":  0,
                                "Eng":  0
                            },
                            {
                                "Name":  "[LSD]ViD#53",
                                "Sco":  0,
                                "Sold":  0,
                                "Demo":  0,
                                "Med":  0,
                                "HwG":  0,
                                "Pyro":  600,
                                "Spy":  0,
                                "Eng":  0
                            },
                            {
                                "Name":  "REV6thecarn#312",
                                "Sco":  0,
                                "Sold":  600,
                                "Demo":  0,
                                "Med":  0,
                                "HwG":  0,
                                "Pyro":  0,
                                "Spy":  0,
                                "Eng":  0
                            }
                        ],
    "ClassTimeDefence":  [
                             {
                                 "Name":  "newby#281",
                                 "Sco":  0,
                                 "Sold":  0,
                                 "Demo":  600,
                                 "Med":  0,
                                 "HwG":  0,
                                 "Pyro":  0,
                                 "Spy":  0,
                                 "Eng":  0
                             },
                             {
                                 "Name":  "tulkastf#48",
                                 "Sco":  0,
                                 "Sold":  0,
                                 "Demo":  0,
                                 "Med":  0,
                                 "HwG":  0,
                                 "Pyro":  600,
                                 "Spy":  0,
                                 "Eng":  0
                             },
                             {
                                 "Name":  "[LSD]ViD#53",
                                 "Sco":  0,
                                 "Sold":  0,
                                 "Demo":  0,
                                 "Med":  0,
                                 "HwG":  0,
                                 "Pyro":  600,
                                 "Spy":  0,
                                 "Eng":  0
                             },
                             {
                                 "Name":  "REV6thecarn#312",
                                 "Sco":  0,
                                 "Sold":  0,
                                 "Demo":  600,
                                 "Med":  0,
                                 "HwG":  0,
                                 "Pyro":  0,
                                 "Spy":  0,
                                 "Eng":  0
                             }
                         ]
}
