﻿{
    "Matches":  [
                    {
                        "Server":  "virginia/staging/",
                        "Match":  "2023-10-08-10-50-53_[pineapple_b3]",
                        "Winner":  "Team2",
                        "Rating":  "32%",
                        "Score1":  50,
                        "Team1":  "Dean.DK#811,hydr0buds#18,zel#16,zenon#147",
                        "Score2":  60,
                        "Team2":  "Bent#35,fookoff#292,Mr..Frankie#330,spas.#19"
                    }
                ],
    "SummaryAttack":  [
                          {
                              "Name":  "Dean.DK#811",
                              "KPM":  1.4,
                              "KD":  0.78,
                              "Kills":  14,
                              "Death":  18,
                              "TKill":  1,
                              "Dmg":  3935,
                              "DPM":  394,
                              "SGKills":  0,
                              "SGDeath":  0,
                              "FlagCap":  0,
                              "FlagTake":  2,
                              "FlagTime":  "0:00",
                              "FlagStop":  0,
                              "Win":  0,
                              "Draw":  0,
                              "Loss":  1,
                              "TimePlayed":  "10:00",
                              "Classes":  "Pyro 100%"
                          },
                          {
                              "Name":  "hydr0buds#18",
                              "KPM":  0.2,
                              "KD":  0.07,
                              "Kills":  2,
                              "Death":  30,
                              "TKill":  0,
                              "Dmg":  984,
                              "DPM":  98,
                              "SGKills":  2,
                              "SGDeath":  0,
                              "FlagCap":  1,
                              "FlagTake":  9,
                              "FlagTime":  "0:18",
                              "FlagStop":  0,
                              "Win":  0,
                              "Draw":  0,
                              "Loss":  1,
                              "TimePlayed":  "10:00",
                              "Classes":  "Sco  100%"
                          },
                          {
                              "Name":  "zel#16",
                              "KPM":  2.7,
                              "KD":  1.08,
                              "Kills":  27,
                              "Death":  25,
                              "TKill":  1,
                              "Dmg":  5443,
                              "DPM":  544,
                              "SGKills":  6,
                              "SGDeath":  0,
                              "FlagCap":  3,
                              "FlagTake":  11,
                              "FlagTime":  "1:24",
                              "FlagStop":  0,
                              "Win":  0,
                              "Draw":  0,
                              "Loss":  1,
                              "TimePlayed":  "10:00",
                              "Classes":  "Sold 100%"
                          },
                          {
                              "Name":  "zenon#147",
                              "KPM":  0.8,
                              "KD":  0.42,
                              "Kills":  8,
                              "Death":  19,
                              "TKill":  0,
                              "Dmg":  2471,
                              "DPM":  247,
                              "SGKills":  0,
                              "SGDeath":  0,
                              "FlagCap":  1,
                              "FlagTake":  10,
                              "FlagTime":  "0:38",
                              "FlagStop":  0,
                              "Win":  0,
                              "Draw":  0,
                              "Loss":  1,
                              "TimePlayed":  "10:00",
                              "Classes":  "Spy  100%"
                          },
                          {
                              "Name":  "Bent#35",
                              "KPM":  2.05,
                              "KD":  0.93,
                              "Kills":  14,
                              "Death":  15,
                              "TKill":  0,
                              "Dmg":  3299,
                              "DPM":  483,
                              "SGKills":  0,
                              "SGDeath":  0,
                              "FlagCap":  1,
                              "FlagTake":  6,
                              "FlagTime":  "0:27",
                              "FlagStop":  0,
                              "Win":  1,
                              "Draw":  0,
                              "Loss":  0,
                              "TimePlayed":  "6:50",
                              "Classes":  "Sold 100%"
                          },
                          {
                              "Name":  "fookoff#292",
                              "KPM":  1.02,
                              "KD":  0.39,
                              "Kills":  7,
                              "Death":  18,
                              "TKill":  0,
                              "Dmg":  1389,
                              "DPM":  203,
                              "SGKills":  2,
                              "SGDeath":  0,
                              "FlagCap":  1,
                              "FlagTake":  6,
                              "FlagTime":  "0:23",
                              "FlagStop":  0,
                              "Win":  1,
                              "Draw":  0,
                              "Loss":  0,
                              "TimePlayed":  "6:50",
                              "Classes":  "Spy  100%"
                          },
                          {
                              "Name":  "Mr..Frankie#330",
                              "KPM":  1.17,
                              "KD":  0.62,
                              "Kills":  8,
                              "Death":  13,
                              "TKill":  0,
                              "Dmg":  1022,
                              "DPM":  150,
                              "SGKills":  3,
                              "SGDeath":  0,
                              "FlagCap":  4,
                              "FlagTake":  9,
                              "FlagTime":  "1:38",
                              "FlagStop":  0,
                              "Win":  1,
                              "Draw":  0,
                              "Loss":  0,
                              "TimePlayed":  "6:50",
                              "Classes":  "Pyro 100%"
                          },
                          {
                              "Name":  "spas.#19",
                              "KPM":  1.76,
                              "KD":  0.75,
                              "Kills":  12,
                              "Death":  16,
                              "TKill":  0,
                              "Dmg":  3505,
                              "DPM":  513,
                              "SGKills":  1,
                              "SGDeath":  0,
                              "FlagCap":  0,
                              "FlagTake":  9,
                              "FlagTime":  "0:25",
                              "FlagStop":  0,
                              "Win":  1,
                              "Draw":  0,
                              "Loss":  0,
                              "TimePlayed":  "6:50",
                              "Classes":  "Med  100%"
                          }
                      ],
    "SummaryDefence":  [
                           {
                               "Name":  "Dean.DK#811",
                               "KPM":  1.02,
                               "KD":  0.44,
                               "Kills":  7,
                               "Death":  16,
                               "TKill":  3,
                               "Dmg":  1588,
                               "DPM":  232,
                               "SGKills":  0,
                               "SGDeath":  0,
                               "FlagCap":  0,
                               "FlagTake":  0,
                               "FlagTime":  0,
                               "FlagStop":  1,
                               "Win":  0,
                               "Draw":  0,
                               "Loss":  1,
                               "TimePlayed":  "6:50",
                               "Classes":  "Pyro 100%"
                           },
                           {
                               "Name":  "hydr0buds#18",
                               "KPM":  2.05,
                               "KD":  0.74,
                               "Kills":  14,
                               "Death":  19,
                               "TKill":  2,
                               "Dmg":  2299,
                               "DPM":  336,
                               "SGKills":  0,
                               "SGDeath":  6,
                               "FlagCap":  0,
                               "FlagTake":  0,
                               "FlagTime":  0,
                               "FlagStop":  0,
                               "Win":  0,
                               "Draw":  0,
                               "Loss":  1,
                               "TimePlayed":  "6:50",
                               "Classes":  "Eng  100%"
                           },
                           {
                               "Name":  "zel#16",
                               "KPM":  1.76,
                               "KD":  0.71,
                               "Kills":  12,
                               "Death":  17,
                               "TKill":  9,
                               "Dmg":  4653,
                               "DPM":  681,
                               "SGKills":  0,
                               "SGDeath":  0,
                               "FlagCap":  0,
                               "FlagTake":  0,
                               "FlagTime":  0,
                               "FlagStop":  3,
                               "Win":  0,
                               "Draw":  0,
                               "Loss":  1,
                               "TimePlayed":  "6:50",
                               "Classes":  "HwG  100%"
                           },
                           {
                               "Name":  "zenon#147",
                               "KPM":  3.07,
                               "KD":  1.17,
                               "Kills":  21,
                               "Death":  18,
                               "TKill":  13,
                               "Dmg":  4057,
                               "DPM":  594,
                               "SGKills":  0,
                               "SGDeath":  0,
                               "FlagCap":  0,
                               "FlagTake":  0,
                               "FlagTime":  0,
                               "FlagStop":  6,
                               "Win":  0,
                               "Draw":  0,
                               "Loss":  1,
                               "TimePlayed":  "6:50",
                               "Classes":  "Demo 100%"
                           },
                           {
                               "Name":  "Bent#35",
                               "KPM":  2.6,
                               "KD":  1.24,
                               "Kills":  26,
                               "Death":  21,
                               "TKill":  3,
                               "Dmg":  4328,
                               "DPM":  433,
                               "SGKills":  0,
                               "SGDeath":  8,
                               "FlagCap":  0,
                               "FlagTake":  0,
                               "FlagTime":  0,
                               "FlagStop":  5,
                               "Win":  1,
                               "Draw":  0,
                               "Loss":  0,
                               "TimePlayed":  "10:00",
                               "Classes":  "Eng  100%"
                           },
                           {
                               "Name":  "fookoff#292",
                               "KPM":  2.2,
                               "KD":  1.16,
                               "Kills":  22,
                               "Death":  19,
                               "TKill":  3,
                               "Dmg":  4975,
                               "DPM":  498,
                               "SGKills":  0,
                               "SGDeath":  0,
                               "FlagCap":  0,
                               "FlagTake":  0,
                               "FlagTime":  0,
                               "FlagStop":  2,
                               "Win":  1,
                               "Draw":  0,
                               "Loss":  0,
                               "TimePlayed":  "10:00",
                               "Classes":  "HwG  100%"
                           },
                           {
                               "Name":  "Mr..Frankie#330",
                               "KPM":  1.2,
                               "KD":  0.57,
                               "Kills":  12,
                               "Death":  21,
                               "TKill":  3,
                               "Dmg":  3473,
                               "DPM":  347,
                               "SGKills":  0,
                               "SGDeath":  0,
                               "FlagCap":  0,
                               "FlagTake":  0,
                               "FlagTime":  0,
                               "FlagStop":  1,
                               "Win":  1,
                               "Draw":  0,
                               "Loss":  0,
                               "TimePlayed":  "10:00",
                               "Classes":  "Pyro 100%"
                           },
                           {
                               "Name":  "spas.#19",
                               "KPM":  2.5,
                               "KD":  1.67,
                               "Kills":  25,
                               "Death":  15,
                               "TKill":  14,
                               "Dmg":  5508,
                               "DPM":  551,
                               "SGKills":  0,
                               "SGDeath":  0,
                               "FlagCap":  0,
                               "FlagTake":  0,
                               "FlagTime":  0,
                               "FlagStop":  4,
                               "Win":  1,
                               "Draw":  0,
                               "Loss":  0,
                               "TimePlayed":  "10:00",
                               "Classes":  "Demo 100%"
                           }
                       ],
    "ClassFragAttack":  [
                            {
                                "Name":  "Dean.DK#811",
                                "Sco":  0,
                                "KPM1":  null,
                                "Sold":  0,
                                "KPM3":  null,
                                "Demo":  0,
                                "KPM4":  null,
                                "Med":  0,
                                "KPM5":  null,
                                "HwG":  0,
                                "KPM6":  null,
                                "Pyro":  14,
                                "KPM7":  1.4,
                                "Spy":  0,
                                "KPM8":  null,
                                "Eng":  0,
                                "KPM9":  null,
                                "SG":  0,
                                "KPM0":  null
                            },
                            {
                                "Name":  "hydr0buds#18",
                                "Sco":  2,
                                "KPM1":  0.2,
                                "Sold":  0,
                                "KPM3":  null,
                                "Demo":  0,
                                "KPM4":  null,
                                "Med":  0,
                                "KPM5":  null,
                                "HwG":  0,
                                "KPM6":  null,
                                "Pyro":  0,
                                "KPM7":  null,
                                "Spy":  0,
                                "KPM8":  null,
                                "Eng":  0,
                                "KPM9":  null,
                                "SG":  0,
                                "KPM0":  null
                            },
                            {
                                "Name":  "zel#16",
                                "Sco":  0,
                                "KPM1":  null,
                                "Sold":  27,
                                "KPM3":  2.7,
                                "Demo":  0,
                                "KPM4":  null,
                                "Med":  0,
                                "KPM5":  null,
                                "HwG":  0,
                                "KPM6":  null,
                                "Pyro":  0,
                                "KPM7":  null,
                                "Spy":  0,
                                "KPM8":  null,
                                "Eng":  0,
                                "KPM9":  null,
                                "SG":  0,
                                "KPM0":  null
                            },
                            {
                                "Name":  "zenon#147",
                                "Sco":  0,
                                "KPM1":  null,
                                "Sold":  0,
                                "KPM3":  null,
                                "Demo":  0,
                                "KPM4":  null,
                                "Med":  0,
                                "KPM5":  null,
                                "HwG":  0,
                                "KPM6":  null,
                                "Pyro":  0,
                                "KPM7":  null,
                                "Spy":  8,
                                "KPM8":  0.8,
                                "Eng":  0,
                                "KPM9":  null,
                                "SG":  0,
                                "KPM0":  null
                            },
                            {
                                "Name":  "Bent#35",
                                "Sco":  0,
                                "KPM1":  null,
                                "Sold":  14,
                                "KPM3":  2.05,
                                "Demo":  0,
                                "KPM4":  null,
                                "Med":  0,
                                "KPM5":  null,
                                "HwG":  0,
                                "KPM6":  null,
                                "Pyro":  0,
                                "KPM7":  null,
                                "Spy":  0,
                                "KPM8":  null,
                                "Eng":  0,
                                "KPM9":  null,
                                "SG":  0,
                                "KPM0":  null
                            },
                            {
                                "Name":  "fookoff#292",
                                "Sco":  0,
                                "KPM1":  null,
                                "Sold":  0,
                                "KPM3":  null,
                                "Demo":  0,
                                "KPM4":  null,
                                "Med":  0,
                                "KPM5":  null,
                                "HwG":  0,
                                "KPM6":  null,
                                "Pyro":  0,
                                "KPM7":  null,
                                "Spy":  7,
                                "KPM8":  1.02,
                                "Eng":  0,
                                "KPM9":  null,
                                "SG":  0,
                                "KPM0":  null
                            },
                            {
                                "Name":  "Mr..Frankie#330",
                                "Sco":  0,
                                "KPM1":  null,
                                "Sold":  0,
                                "KPM3":  null,
                                "Demo":  0,
                                "KPM4":  null,
                                "Med":  0,
                                "KPM5":  null,
                                "HwG":  0,
                                "KPM6":  null,
                                "Pyro":  8,
                                "KPM7":  1.17,
                                "Spy":  0,
                                "KPM8":  null,
                                "Eng":  0,
                                "KPM9":  null,
                                "SG":  0,
                                "KPM0":  null
                            },
                            {
                                "Name":  "spas.#19",
                                "Sco":  0,
                                "KPM1":  null,
                                "Sold":  0,
                                "KPM3":  null,
                                "Demo":  0,
                                "KPM4":  null,
                                "Med":  12,
                                "KPM5":  1.76,
                                "HwG":  0,
                                "KPM6":  null,
                                "Pyro":  0,
                                "KPM7":  null,
                                "Spy":  0,
                                "KPM8":  null,
                                "Eng":  0,
                                "KPM9":  null,
                                "SG":  0,
                                "KPM0":  null
                            }
                        ],
    "ClassFragDefence":  [
                             {
                                 "Name":  "Dean.DK#811",
                                 "Sco":  0,
                                 "KPM1":  null,
                                 "Sold":  0,
                                 "KPM3":  null,
                                 "Demo":  0,
                                 "KPM4":  null,
                                 "Med":  0,
                                 "KPM5":  null,
                                 "HwG":  0,
                                 "KPM6":  null,
                                 "Pyro":  7,
                                 "KPM7":  1.02,
                                 "Spy":  0,
                                 "KPM8":  null,
                                 "Eng":  0,
                                 "KPM9":  null,
                                 "SG":  0,
                                 "KPM0":  null
                             },
                             {
                                 "Name":  "hydr0buds#18",
                                 "Sco":  0,
                                 "KPM1":  null,
                                 "Sold":  0,
                                 "KPM3":  null,
                                 "Demo":  0,
                                 "KPM4":  null,
                                 "Med":  0,
                                 "KPM5":  null,
                                 "HwG":  0,
                                 "KPM6":  null,
                                 "Pyro":  0,
                                 "KPM7":  null,
                                 "Spy":  0,
                                 "KPM8":  null,
                                 "Eng":  9,
                                 "KPM9":  1.32,
                                 "SG":  5,
                                 "KPM0":  0.73
                             },
                             {
                                 "Name":  "zel#16",
                                 "Sco":  0,
                                 "KPM1":  null,
                                 "Sold":  0,
                                 "KPM3":  null,
                                 "Demo":  0,
                                 "KPM4":  null,
                                 "Med":  0,
                                 "KPM5":  null,
                                 "HwG":  12,
                                 "KPM6":  1.76,
                                 "Pyro":  0,
                                 "KPM7":  null,
                                 "Spy":  0,
                                 "KPM8":  null,
                                 "Eng":  0,
                                 "KPM9":  null,
                                 "SG":  0,
                                 "KPM0":  null
                             },
                             {
                                 "Name":  "zenon#147",
                                 "Sco":  0,
                                 "KPM1":  null,
                                 "Sold":  0,
                                 "KPM3":  null,
                                 "Demo":  21,
                                 "KPM4":  3.07,
                                 "Med":  0,
                                 "KPM5":  null,
                                 "HwG":  0,
                                 "KPM6":  null,
                                 "Pyro":  0,
                                 "KPM7":  null,
                                 "Spy":  0,
                                 "KPM8":  null,
                                 "Eng":  0,
                                 "KPM9":  null,
                                 "SG":  0,
                                 "KPM0":  null
                             },
                             {
                                 "Name":  "Bent#35",
                                 "Sco":  0,
                                 "KPM1":  null,
                                 "Sold":  0,
                                 "KPM3":  null,
                                 "Demo":  0,
                                 "KPM4":  null,
                                 "Med":  0,
                                 "KPM5":  null,
                                 "HwG":  0,
                                 "KPM6":  null,
                                 "Pyro":  0,
                                 "KPM7":  null,
                                 "Spy":  0,
                                 "KPM8":  null,
                                 "Eng":  13,
                                 "KPM9":  1.3,
                                 "SG":  13,
                                 "KPM0":  1.3
                             },
                             {
                                 "Name":  "fookoff#292",
                                 "Sco":  0,
                                 "KPM1":  null,
                                 "Sold":  0,
                                 "KPM3":  null,
                                 "Demo":  0,
                                 "KPM4":  null,
                                 "Med":  0,
                                 "KPM5":  null,
                                 "HwG":  22,
                                 "KPM6":  2.2,
                                 "Pyro":  0,
                                 "KPM7":  null,
                                 "Spy":  0,
                                 "KPM8":  null,
                                 "Eng":  0,
                                 "KPM9":  null,
                                 "SG":  0,
                                 "KPM0":  null
                             },
                             {
                                 "Name":  "Mr..Frankie#330",
                                 "Sco":  0,
                                 "KPM1":  null,
                                 "Sold":  0,
                                 "KPM3":  null,
                                 "Demo":  0,
                                 "KPM4":  null,
                                 "Med":  0,
                                 "KPM5":  null,
                                 "HwG":  0,
                                 "KPM6":  null,
                                 "Pyro":  12,
                                 "KPM7":  1.2,
                                 "Spy":  0,
                                 "KPM8":  null,
                                 "Eng":  0,
                                 "KPM9":  null,
                                 "SG":  0,
                                 "KPM0":  null
                             },
                             {
                                 "Name":  "spas.#19",
                                 "Sco":  0,
                                 "KPM1":  null,
                                 "Sold":  0,
                                 "KPM3":  null,
                                 "Demo":  25,
                                 "KPM4":  2.5,
                                 "Med":  0,
                                 "KPM5":  null,
                                 "HwG":  0,
                                 "KPM6":  null,
                                 "Pyro":  0,
                                 "KPM7":  null,
                                 "Spy":  0,
                                 "KPM8":  null,
                                 "Eng":  0,
                                 "KPM9":  null,
                                 "SG":  0,
                                 "KPM0":  null
                             }
                         ],
    "ClassTimeAttack":  [
                            {
                                "Name":  "Dean.DK#811",
                                "Sco":  0,
                                "Sold":  0,
                                "Demo":  0,
                                "Med":  0,
                                "HwG":  0,
                                "Pyro":  600,
                                "Spy":  0,
                                "Eng":  0
                            },
                            {
                                "Name":  "hydr0buds#18",
                                "Sco":  600,
                                "Sold":  0,
                                "Demo":  0,
                                "Med":  0,
                                "HwG":  0,
                                "Pyro":  0,
                                "Spy":  0,
                                "Eng":  0
                            },
                            {
                                "Name":  "zel#16",
                                "Sco":  0,
                                "Sold":  600,
                                "Demo":  0,
                                "Med":  0,
                                "HwG":  0,
                                "Pyro":  0,
                                "Spy":  0,
                                "Eng":  0
                            },
                            {
                                "Name":  "zenon#147",
                                "Sco":  0,
                                "Sold":  0,
                                "Demo":  0,
                                "Med":  0,
                                "HwG":  0,
                                "Pyro":  0,
                                "Spy":  600,
                                "Eng":  0
                            },
                            {
                                "Name":  "Bent#35",
                                "Sco":  0,
                                "Sold":  410,
                                "Demo":  0,
                                "Med":  0,
                                "HwG":  0,
                                "Pyro":  0,
                                "Spy":  0,
                                "Eng":  0
                            },
                            {
                                "Name":  "fookoff#292",
                                "Sco":  0,
                                "Sold":  0,
                                "Demo":  0,
                                "Med":  0,
                                "HwG":  0,
                                "Pyro":  0,
                                "Spy":  410,
                                "Eng":  0
                            },
                            {
                                "Name":  "Mr..Frankie#330",
                                "Sco":  0,
                                "Sold":  0,
                                "Demo":  0,
                                "Med":  0,
                                "HwG":  0,
                                "Pyro":  410,
                                "Spy":  0,
                                "Eng":  0
                            },
                            {
                                "Name":  "spas.#19",
                                "Sco":  0,
                                "Sold":  0,
                                "Demo":  0,
                                "Med":  410,
                                "HwG":  0,
                                "Pyro":  0,
                                "Spy":  0,
                                "Eng":  0
                            }
                        ],
    "ClassTimeDefence":  [
                             {
                                 "Name":  "Dean.DK#811",
                                 "Sco":  0,
                                 "Sold":  0,
                                 "Demo":  0,
                                 "Med":  0,
                                 "HwG":  0,
                                 "Pyro":  410,
                                 "Spy":  0,
                                 "Eng":  0
                             },
                             {
                                 "Name":  "hydr0buds#18",
                                 "Sco":  0,
                                 "Sold":  0,
                                 "Demo":  0,
                                 "Med":  0,
                                 "HwG":  0,
                                 "Pyro":  0,
                                 "Spy":  0,
                                 "Eng":  410
                             },
                             {
                                 "Name":  "zel#16",
                                 "Sco":  0,
                                 "Sold":  0,
                                 "Demo":  0,
                                 "Med":  0,
                                 "HwG":  410,
                                 "Pyro":  0,
                                 "Spy":  0,
                                 "Eng":  0
                             },
                             {
                                 "Name":  "zenon#147",
                                 "Sco":  0,
                                 "Sold":  0,
                                 "Demo":  410,
                                 "Med":  0,
                                 "HwG":  0,
                                 "Pyro":  0,
                                 "Spy":  0,
                                 "Eng":  0
                             },
                             {
                                 "Name":  "Bent#35",
                                 "Sco":  0,
                                 "Sold":  0,
                                 "Demo":  0,
                                 "Med":  0,
                                 "HwG":  0,
                                 "Pyro":  0,
                                 "Spy":  0,
                                 "Eng":  600
                             },
                             {
                                 "Name":  "fookoff#292",
                                 "Sco":  0,
                                 "Sold":  0,
                                 "Demo":  0,
                                 "Med":  0,
                                 "HwG":  600,
                                 "Pyro":  0,
                                 "Spy":  0,
                                 "Eng":  0
                             },
                             {
                                 "Name":  "Mr..Frankie#330",
                                 "Sco":  0,
                                 "Sold":  0,
                                 "Demo":  0,
                                 "Med":  0,
                                 "HwG":  0,
                                 "Pyro":  600,
                                 "Spy":  0,
                                 "Eng":  0
                             },
                             {
                                 "Name":  "spas.#19",
                                 "Sco":  0,
                                 "Sold":  0,
                                 "Demo":  600,
                                 "Med":  0,
                                 "HwG":  0,
                                 "Pyro":  0,
                                 "Spy":  0,
                                 "Eng":  0
                             }
                         ]
}
