﻿{
    "Matches":  [
                    {
                        "Server":  "virginia/staging/",
                        "Match":  "2023-09-30-00-21-16_[rs_zzr]",
                        "Winner":  "Team2",
                        "Rating":  "21%",
                        "Score1":  50,
                        "Team1":  "haunterpt#337,pecan#23,sg334#740,shock144#485",
                        "Score2":  60,
                        "Team2":  "bone#226,grome#741,scottybugattiz#61,welsher#52"
                    }
                ],
    "SummaryAttack":  [
                          {
                              "Name":  "haunterpt#337",
                              "KPM":  3.7,
                              "KD":  1.32,
                              "Kills":  37,
                              "Death":  28,
                              "TKill":  3,
                              "Dmg":  6494,
                              "DPM":  649,
                              "SGKills":  6,
                              "SGDeath":  0,
                              "FlagCap":  0,
                              "FlagTake":  5,
                              "FlagTime":  "0:12",
                              "FlagStop":  0,
                              "Win":  0,
                              "Draw":  0,
                              "Loss":  1,
                              "TimePlayed":  "10:00",
                              "Classes":  "Sold 100%"
                          },
                          {
                              "Name":  "pecan#23",
                              "KPM":  2.3,
                              "KD":  0.79,
                              "Kills":  23,
                              "Death":  29,
                              "TKill":  2,
                              "Dmg":  5006,
                              "DPM":  501,
                              "SGKills":  2,
                              "SGDeath":  0,
                              "FlagCap":  3,
                              "FlagTake":  8,
                              "FlagTime":  "1:05",
                              "FlagStop":  0,
                              "Win":  0,
                              "Draw":  0,
                              "Loss":  1,
                              "TimePlayed":  "10:00",
                              "Classes":  "Pyro 100%"
                          },
                          {
                              "Name":  "sg334#740",
                              "KPM":  0.5,
                              "KD":  0.2,
                              "Kills":  5,
                              "Death":  25,
                              "TKill":  0,
                              "Dmg":  575,
                              "DPM":  58,
                              "SGKills":  3,
                              "SGDeath":  0,
                              "FlagCap":  0,
                              "FlagTake":  10,
                              "FlagTime":  "0:02",
                              "FlagStop":  0,
                              "Win":  0,
                              "Draw":  0,
                              "Loss":  1,
                              "TimePlayed":  "10:00",
                              "Classes":  "Sco  100%"
                          },
                          {
                              "Name":  "shock144#485",
                              "KPM":  0.8,
                              "KD":  0.3,
                              "Kills":  8,
                              "Death":  27,
                              "TKill":  0,
                              "Dmg":  2167,
                              "DPM":  217,
                              "SGKills":  3,
                              "SGDeath":  0,
                              "FlagCap":  2,
                              "FlagTake":  10,
                              "FlagTime":  "1:06",
                              "FlagStop":  0,
                              "Win":  0,
                              "Draw":  0,
                              "Loss":  1,
                              "TimePlayed":  "10:00",
                              "Classes":  "Med  100%"
                          },
                          {
                              "Name":  "bone#226",
                              "KPM":  0.64,
                              "KD":  0.33,
                              "Kills":  5,
                              "Death":  15,
                              "TKill":  0,
                              "Dmg":  1092,
                              "DPM":  139,
                              "SGKills":  1,
                              "SGDeath":  0,
                              "FlagCap":  2,
                              "FlagTake":  11,
                              "FlagTime":  "0:46",
                              "FlagStop":  0,
                              "Win":  1,
                              "Draw":  0,
                              "Loss":  0,
                              "TimePlayed":  "7:52",
                              "Classes":  "Spy  100%"
                          },
                          {
                              "Name":  "grome#741",
                              "KPM":  0.76,
                              "KD":  0.23,
                              "Kills":  6,
                              "Death":  26,
                              "TKill":  2,
                              "Dmg":  1633,
                              "DPM":  208,
                              "SGKills":  2,
                              "SGDeath":  0,
                              "FlagCap":  0,
                              "FlagTake":  6,
                              "FlagTime":  "0:13",
                              "FlagStop":  0,
                              "Win":  1,
                              "Draw":  0,
                              "Loss":  0,
                              "TimePlayed":  "7:52",
                              "Classes":  "Pyro 100%"
                          },
                          {
                              "Name":  "scottybugattiz#61",
                              "KPM":  1.02,
                              "KD":  0.32,
                              "Kills":  8,
                              "Death":  25,
                              "TKill":  2,
                              "Dmg":  1135,
                              "DPM":  144,
                              "SGKills":  2,
                              "SGDeath":  0,
                              "FlagCap":  2,
                              "FlagTake":  19,
                              "FlagTime":  "1:09",
                              "FlagStop":  0,
                              "Win":  1,
                              "Draw":  0,
                              "Loss":  0,
                              "TimePlayed":  "7:52",
                              "Classes":  "Med  100%"
                          },
                          {
                              "Name":  "welsher#52",
                              "KPM":  2.42,
                              "KD":  1,
                              "Kills":  19,
                              "Death":  19,
                              "TKill":  0,
                              "Dmg":  3704,
                              "DPM":  471,
                              "SGKills":  1,
                              "SGDeath":  0,
                              "FlagCap":  2,
                              "FlagTake":  5,
                              "FlagTime":  "0:59",
                              "FlagStop":  0,
                              "Win":  1,
                              "Draw":  0,
                              "Loss":  0,
                              "TimePlayed":  "7:52",
                              "Classes":  "Sold 100%"
                          }
                      ],
    "SummaryDefence":  [
                           {
                               "Name":  "haunterpt#337",
                               "KPM":  2.67,
                               "KD":  1.31,
                               "Kills":  21,
                               "Death":  16,
                               "TKill":  7,
                               "Dmg":  4497,
                               "DPM":  572,
                               "SGKills":  0,
                               "SGDeath":  0,
                               "FlagCap":  0,
                               "FlagTake":  0,
                               "FlagTime":  0,
                               "FlagStop":  2,
                               "Win":  0,
                               "Draw":  0,
                               "Loss":  1,
                               "TimePlayed":  "7:52",
                               "Classes":  "Sold 100%"
                           },
                           {
                               "Name":  "pecan#23",
                               "KPM":  2.54,
                               "KD":  0.95,
                               "Kills":  20,
                               "Death":  21,
                               "TKill":  10,
                               "Dmg":  4216,
                               "DPM":  536,
                               "SGKills":  0,
                               "SGDeath":  0,
                               "FlagCap":  0,
                               "FlagTake":  0,
                               "FlagTime":  0,
                               "FlagStop":  8,
                               "Win":  0,
                               "Draw":  0,
                               "Loss":  1,
                               "TimePlayed":  "7:52",
                               "Classes":  "Demo 100%"
                           },
                           {
                               "Name":  "sg334#740",
                               "KPM":  2.67,
                               "KD":  1.11,
                               "Kills":  21,
                               "Death":  19,
                               "TKill":  6,
                               "Dmg":  3852,
                               "DPM":  490,
                               "SGKills":  0,
                               "SGDeath":  0,
                               "FlagCap":  0,
                               "FlagTake":  0,
                               "FlagTime":  0,
                               "FlagStop":  2,
                               "Win":  0,
                               "Draw":  0,
                               "Loss":  1,
                               "TimePlayed":  "7:52",
                               "Classes":  "Pyro 100%"
                           },
                           {
                               "Name":  "shock144#485",
                               "KPM":  1.91,
                               "KD":  1.07,
                               "Kills":  15,
                               "Death":  14,
                               "TKill":  1,
                               "Dmg":  4542,
                               "DPM":  577,
                               "SGKills":  0,
                               "SGDeath":  6,
                               "FlagCap":  0,
                               "FlagTake":  0,
                               "FlagTime":  0,
                               "FlagStop":  4,
                               "Win":  0,
                               "Draw":  0,
                               "Loss":  1,
                               "TimePlayed":  "7:52",
                               "Classes":  "Eng  100%"
                           },
                           {
                               "Name":  "bone#226",
                               "KPM":  1.7,
                               "KD":  0.89,
                               "Kills":  17,
                               "Death":  19,
                               "TKill":  4,
                               "Dmg":  4565,
                               "DPM":  456,
                               "SGKills":  0,
                               "SGDeath":  14,
                               "FlagCap":  0,
                               "FlagTake":  0,
                               "FlagTime":  0,
                               "FlagStop":  0,
                               "Win":  1,
                               "Draw":  0,
                               "Loss":  0,
                               "TimePlayed":  "10:00",
                               "Classes":  "Eng  100%"
                           },
                           {
                               "Name":  "grome#741",
                               "KPM":  2.2,
                               "KD":  0.61,
                               "Kills":  22,
                               "Death":  36,
                               "TKill":  1,
                               "Dmg":  5338,
                               "DPM":  534,
                               "SGKills":  0,
                               "SGDeath":  0,
                               "FlagCap":  0,
                               "FlagTake":  0,
                               "FlagTime":  0,
                               "FlagStop":  2,
                               "Win":  1,
                               "Draw":  0,
                               "Loss":  0,
                               "TimePlayed":  "10:00",
                               "Classes":  "Pyro 100%"
                           },
                           {
                               "Name":  "scottybugattiz#61",
                               "KPM":  3.4,
                               "KD":  1.55,
                               "Kills":  34,
                               "Death":  22,
                               "TKill":  9,
                               "Dmg":  5405,
                               "DPM":  540,
                               "SGKills":  0,
                               "SGDeath":  0,
                               "FlagCap":  0,
                               "FlagTake":  0,
                               "FlagTime":  0,
                               "FlagStop":  8,
                               "Win":  1,
                               "Draw":  0,
                               "Loss":  0,
                               "TimePlayed":  "10:00",
                               "Classes":  "Demo 100%"
                           },
                           {
                               "Name":  "welsher#52",
                               "KPM":  2.6,
                               "KD":  1.37,
                               "Kills":  26,
                               "Death":  19,
                               "TKill":  9,
                               "Dmg":  5492,
                               "DPM":  549,
                               "SGKills":  0,
                               "SGDeath":  0,
                               "FlagCap":  0,
                               "FlagTake":  0,
                               "FlagTime":  0,
                               "FlagStop":  3,
                               "Win":  1,
                               "Draw":  0,
                               "Loss":  0,
                               "TimePlayed":  "10:00",
                               "Classes":  "HwG  100%"
                           }
                       ],
    "ClassFragAttack":  [
                            {
                                "Name":  "haunterpt#337",
                                "Sco":  0,
                                "KPM1":  null,
                                "Sold":  37,
                                "KPM3":  3.7,
                                "Demo":  0,
                                "KPM4":  null,
                                "Med":  0,
                                "KPM5":  null,
                                "HwG":  0,
                                "KPM6":  null,
                                "Pyro":  0,
                                "KPM7":  null,
                                "Spy":  0,
                                "KPM8":  null,
                                "Eng":  0,
                                "KPM9":  null,
                                "SG":  0,
                                "KPM0":  null
                            },
                            {
                                "Name":  "pecan#23",
                                "Sco":  0,
                                "KPM1":  null,
                                "Sold":  0,
                                "KPM3":  null,
                                "Demo":  0,
                                "KPM4":  null,
                                "Med":  0,
                                "KPM5":  null,
                                "HwG":  0,
                                "KPM6":  null,
                                "Pyro":  23,
                                "KPM7":  2.3,
                                "Spy":  0,
                                "KPM8":  null,
                                "Eng":  0,
                                "KPM9":  null,
                                "SG":  0,
                                "KPM0":  null
                            },
                            {
                                "Name":  "sg334#740",
                                "Sco":  5,
                                "KPM1":  0.5,
                                "Sold":  0,
                                "KPM3":  null,
                                "Demo":  0,
                                "KPM4":  null,
                                "Med":  0,
                                "KPM5":  null,
                                "HwG":  0,
                                "KPM6":  null,
                                "Pyro":  0,
                                "KPM7":  null,
                                "Spy":  0,
                                "KPM8":  null,
                                "Eng":  0,
                                "KPM9":  null,
                                "SG":  0,
                                "KPM0":  null
                            },
                            {
                                "Name":  "shock144#485",
                                "Sco":  0,
                                "KPM1":  null,
                                "Sold":  0,
                                "KPM3":  null,
                                "Demo":  0,
                                "KPM4":  null,
                                "Med":  8,
                                "KPM5":  0.8,
                                "HwG":  0,
                                "KPM6":  null,
                                "Pyro":  0,
                                "KPM7":  null,
                                "Spy":  0,
                                "KPM8":  null,
                                "Eng":  0,
                                "KPM9":  null,
                                "SG":  0,
                                "KPM0":  null
                            },
                            {
                                "Name":  "bone#226",
                                "Sco":  0,
                                "KPM1":  null,
                                "Sold":  0,
                                "KPM3":  null,
                                "Demo":  0,
                                "KPM4":  null,
                                "Med":  0,
                                "KPM5":  null,
                                "HwG":  0,
                                "KPM6":  null,
                                "Pyro":  0,
                                "KPM7":  null,
                                "Spy":  5,
                                "KPM8":  0.64,
                                "Eng":  0,
                                "KPM9":  null,
                                "SG":  0,
                                "KPM0":  null
                            },
                            {
                                "Name":  "grome#741",
                                "Sco":  0,
                                "KPM1":  null,
                                "Sold":  0,
                                "KPM3":  null,
                                "Demo":  0,
                                "KPM4":  null,
                                "Med":  0,
                                "KPM5":  null,
                                "HwG":  0,
                                "KPM6":  null,
                                "Pyro":  6,
                                "KPM7":  0.76,
                                "Spy":  0,
                                "KPM8":  null,
                                "Eng":  0,
                                "KPM9":  null,
                                "SG":  0,
                                "KPM0":  null
                            },
                            {
                                "Name":  "scottybugattiz#61",
                                "Sco":  0,
                                "KPM1":  null,
                                "Sold":  0,
                                "KPM3":  null,
                                "Demo":  0,
                                "KPM4":  null,
                                "Med":  8,
                                "KPM5":  1.02,
                                "HwG":  0,
                                "KPM6":  null,
                                "Pyro":  0,
                                "KPM7":  null,
                                "Spy":  0,
                                "KPM8":  null,
                                "Eng":  0,
                                "KPM9":  null,
                                "SG":  0,
                                "KPM0":  null
                            },
                            {
                                "Name":  "welsher#52",
                                "Sco":  0,
                                "KPM1":  null,
                                "Sold":  19,
                                "KPM3":  2.42,
                                "Demo":  0,
                                "KPM4":  null,
                                "Med":  0,
                                "KPM5":  null,
                                "HwG":  0,
                                "KPM6":  null,
                                "Pyro":  0,
                                "KPM7":  null,
                                "Spy":  0,
                                "KPM8":  null,
                                "Eng":  0,
                                "KPM9":  null,
                                "SG":  0,
                                "KPM0":  null
                            }
                        ],
    "ClassFragDefence":  [
                             {
                                 "Name":  "haunterpt#337",
                                 "Sco":  0,
                                 "KPM1":  null,
                                 "Sold":  21,
                                 "KPM3":  2.67,
                                 "Demo":  0,
                                 "KPM4":  null,
                                 "Med":  0,
                                 "KPM5":  null,
                                 "HwG":  0,
                                 "KPM6":  null,
                                 "Pyro":  0,
                                 "KPM7":  null,
                                 "Spy":  0,
                                 "KPM8":  null,
                                 "Eng":  0,
                                 "KPM9":  null,
                                 "SG":  0,
                                 "KPM0":  null
                             },
                             {
                                 "Name":  "pecan#23",
                                 "Sco":  0,
                                 "KPM1":  null,
                                 "Sold":  0,
                                 "KPM3":  null,
                                 "Demo":  20,
                                 "KPM4":  2.54,
                                 "Med":  0,
                                 "KPM5":  null,
                                 "HwG":  0,
                                 "KPM6":  null,
                                 "Pyro":  0,
                                 "KPM7":  null,
                                 "Spy":  0,
                                 "KPM8":  null,
                                 "Eng":  0,
                                 "KPM9":  null,
                                 "SG":  0,
                                 "KPM0":  null
                             },
                             {
                                 "Name":  "sg334#740",
                                 "Sco":  0,
                                 "KPM1":  null,
                                 "Sold":  0,
                                 "KPM3":  null,
                                 "Demo":  0,
                                 "KPM4":  null,
                                 "Med":  0,
                                 "KPM5":  null,
                                 "HwG":  0,
                                 "KPM6":  null,
                                 "Pyro":  21,
                                 "KPM7":  2.67,
                                 "Spy":  0,
                                 "KPM8":  null,
                                 "Eng":  0,
                                 "KPM9":  null,
                                 "SG":  0,
                                 "KPM0":  null
                             },
                             {
                                 "Name":  "shock144#485",
                                 "Sco":  0,
                                 "KPM1":  null,
                                 "Sold":  0,
                                 "KPM3":  null,
                                 "Demo":  0,
                                 "KPM4":  null,
                                 "Med":  0,
                                 "KPM5":  null,
                                 "HwG":  0,
                                 "KPM6":  null,
                                 "Pyro":  0,
                                 "KPM7":  null,
                                 "Spy":  0,
                                 "KPM8":  null,
                                 "Eng":  8,
                                 "KPM9":  1.02,
                                 "SG":  7,
                                 "KPM0":  0.89
                             },
                             {
                                 "Name":  "bone#226",
                                 "Sco":  0,
                                 "KPM1":  null,
                                 "Sold":  0,
                                 "KPM3":  null,
                                 "Demo":  0,
                                 "KPM4":  null,
                                 "Med":  0,
                                 "KPM5":  null,
                                 "HwG":  0,
                                 "KPM6":  null,
                                 "Pyro":  0,
                                 "KPM7":  null,
                                 "Spy":  0,
                                 "KPM8":  null,
                                 "Eng":  7,
                                 "KPM9":  0.7,
                                 "SG":  10,
                                 "KPM0":  1
                             },
                             {
                                 "Name":  "grome#741",
                                 "Sco":  0,
                                 "KPM1":  null,
                                 "Sold":  0,
                                 "KPM3":  null,
                                 "Demo":  0,
                                 "KPM4":  null,
                                 "Med":  0,
                                 "KPM5":  null,
                                 "HwG":  0,
                                 "KPM6":  null,
                                 "Pyro":  22,
                                 "KPM7":  2.2,
                                 "Spy":  0,
                                 "KPM8":  null,
                                 "Eng":  0,
                                 "KPM9":  null,
                                 "SG":  0,
                                 "KPM0":  null
                             },
                             {
                                 "Name":  "scottybugattiz#61",
                                 "Sco":  0,
                                 "KPM1":  null,
                                 "Sold":  0,
                                 "KPM3":  null,
                                 "Demo":  34,
                                 "KPM4":  3.4,
                                 "Med":  0,
                                 "KPM5":  null,
                                 "HwG":  0,
                                 "KPM6":  null,
                                 "Pyro":  0,
                                 "KPM7":  null,
                                 "Spy":  0,
                                 "KPM8":  null,
                                 "Eng":  0,
                                 "KPM9":  null,
                                 "SG":  0,
                                 "KPM0":  null
                             },
                             {
                                 "Name":  "welsher#52",
                                 "Sco":  0,
                                 "KPM1":  null,
                                 "Sold":  0,
                                 "KPM3":  null,
                                 "Demo":  0,
                                 "KPM4":  null,
                                 "Med":  0,
                                 "KPM5":  null,
                                 "HwG":  26,
                                 "KPM6":  2.6,
                                 "Pyro":  0,
                                 "KPM7":  null,
                                 "Spy":  0,
                                 "KPM8":  null,
                                 "Eng":  0,
                                 "KPM9":  null,
                                 "SG":  0,
                                 "KPM0":  null
                             }
                         ],
    "ClassTimeAttack":  [
                            {
                                "Name":  "haunterpt#337",
                                "Sco":  0,
                                "Sold":  600,
                                "Demo":  0,
                                "Med":  0,
                                "HwG":  0,
                                "Pyro":  0,
                                "Spy":  0,
                                "Eng":  0
                            },
                            {
                                "Name":  "pecan#23",
                                "Sco":  0,
                                "Sold":  0,
                                "Demo":  0,
                                "Med":  0,
                                "HwG":  0,
                                "Pyro":  600,
                                "Spy":  0,
                                "Eng":  0
                            },
                            {
                                "Name":  "sg334#740",
                                "Sco":  600,
                                "Sold":  0,
                                "Demo":  0,
                                "Med":  0,
                                "HwG":  0,
                                "Pyro":  0,
                                "Spy":  0,
                                "Eng":  0
                            },
                            {
                                "Name":  "shock144#485",
                                "Sco":  0,
                                "Sold":  0,
                                "Demo":  0,
                                "Med":  600,
                                "HwG":  0,
                                "Pyro":  0,
                                "Spy":  0,
                                "Eng":  0
                            },
                            {
                                "Name":  "bone#226",
                                "Sco":  0,
                                "Sold":  0,
                                "Demo":  0,
                                "Med":  0,
                                "HwG":  0,
                                "Pyro":  0,
                                "Spy":  472,
                                "Eng":  0
                            },
                            {
                                "Name":  "grome#741",
                                "Sco":  0,
                                "Sold":  0,
                                "Demo":  0,
                                "Med":  0,
                                "HwG":  0,
                                "Pyro":  472,
                                "Spy":  0,
                                "Eng":  0
                            },
                            {
                                "Name":  "scottybugattiz#61",
                                "Sco":  0,
                                "Sold":  0,
                                "Demo":  0,
                                "Med":  472,
                                "HwG":  0,
                                "Pyro":  0,
                                "Spy":  0,
                                "Eng":  0
                            },
                            {
                                "Name":  "welsher#52",
                                "Sco":  0,
                                "Sold":  472,
                                "Demo":  0,
                                "Med":  0,
                                "HwG":  0,
                                "Pyro":  0,
                                "Spy":  0,
                                "Eng":  0
                            }
                        ],
    "ClassTimeDefence":  [
                             {
                                 "Name":  "haunterpt#337",
                                 "Sco":  0,
                                 "Sold":  472,
                                 "Demo":  0,
                                 "Med":  0,
                                 "HwG":  0,
                                 "Pyro":  0,
                                 "Spy":  0,
                                 "Eng":  0
                             },
                             {
                                 "Name":  "pecan#23",
                                 "Sco":  0,
                                 "Sold":  0,
                                 "Demo":  472,
                                 "Med":  0,
                                 "HwG":  0,
                                 "Pyro":  0,
                                 "Spy":  0,
                                 "Eng":  0
                             },
                             {
                                 "Name":  "sg334#740",
                                 "Sco":  0,
                                 "Sold":  0,
                                 "Demo":  0,
                                 "Med":  0,
                                 "HwG":  0,
                                 "Pyro":  472,
                                 "Spy":  0,
                                 "Eng":  0
                             },
                             {
                                 "Name":  "shock144#485",
                                 "Sco":  0,
                                 "Sold":  0,
                                 "Demo":  0,
                                 "Med":  0,
                                 "HwG":  0,
                                 "Pyro":  0,
                                 "Spy":  0,
                                 "Eng":  472
                             },
                             {
                                 "Name":  "bone#226",
                                 "Sco":  0,
                                 "Sold":  0,
                                 "Demo":  0,
                                 "Med":  0,
                                 "HwG":  0,
                                 "Pyro":  0,
                                 "Spy":  0,
                                 "Eng":  600
                             },
                             {
                                 "Name":  "grome#741",
                                 "Sco":  0,
                                 "Sold":  0,
                                 "Demo":  0,
                                 "Med":  0,
                                 "HwG":  0,
                                 "Pyro":  600,
                                 "Spy":  0,
                                 "Eng":  0
                             },
                             {
                                 "Name":  "scottybugattiz#61",
                                 "Sco":  0,
                                 "Sold":  0,
                                 "Demo":  600,
                                 "Med":  0,
                                 "HwG":  0,
                                 "Pyro":  0,
                                 "Spy":  0,
                                 "Eng":  0
                             },
                             {
                                 "Name":  "welsher#52",
                                 "Sco":  0,
                                 "Sold":  0,
                                 "Demo":  0,
                                 "Med":  0,
                                 "HwG":  600,
                                 "Pyro":  0,
                                 "Spy":  0,
                                 "Eng":  0
                             }
                         ]
}
