{
  "Matches": [
    {
      "Server": "virginia/staging",
      "Match": "2023-03-14-03-00-33_[wellgl1]",
      "Winner": "Team1",
      "Rating": "67 %",
      "Score1": 20,
      "Team1": "muca,wos!",
      "Score2": 10,
      "Team2": "]rs;wiggy;,dragonf"
    }
  ],
  "SummaryAttack": [
    {
      "Name": "muca",
      "KPM": 1.1,
      "KD": 0.61,
      "Kills": 11,
      "Death": 18,
      "TKill": 0,
      "Dmg": 2418.0,
      "DPM": 242.0,
      "FlagCap": 1,
      "FlagTake": 7.0,
      "FlagTime": "1:04",
      "FlagStop": 0,
      "Win": 1,
      "Draw": 0,
      "Loss": 0,
      "TimePlayed": "10:00",
      "Classes": "Med  91 %|Sco  9 %"
    },
    {
      "Name": "wos!",
      "KPM": 1.7,
      "KD": 1.06,
      "Kills": 17,
      "Death": 16,
      "TKill": 0,
      "Dmg": 5115.0,
      "DPM": 512.0,
      "FlagCap": 2.0,
      "FlagTake": 9.0,
      "FlagTime": "1:13",
      "FlagStop": 0,
      "Win": 1,
      "Draw": 0,
      "Loss": 0,
      "TimePlayed": "10:00",
      "Classes": "Sold 88 %|Demo 12 %"
    },
    {
      "Name": "]rs;wiggy;",
      "KPM": 0.31,
      "KD": 0.14,
      "Kills": 3,
      "Death": 21,
      "TKill": 0,
      "Dmg": 876.0,
      "DPM": 89.0,
      "FlagCap": 1,
      "FlagTake": 3.0,
      "FlagTime": "0:37",
      "FlagStop": 0,
      "Win": 0,
      "Draw": 0,
      "Loss": 1,
      "TimePlayed": "9:50",
      "Classes": "Med  95 %|Demo 5 %"
    },
    {
      "Name": "dragonf",
      "KPM": 0.81,
      "KD": 0.4,
      "Kills": 8,
      "Death": 20,
      "TKill": 0,
      "Dmg": 4090.0,
      "DPM": 416.0,
      "FlagCap": 1.0,
      "FlagTake": 3.0,
      "FlagTime": "0:47",
      "FlagStop": 0,
      "Win": 0,
      "Draw": 0,
      "Loss": 1,
      "TimePlayed": "9:50",
      "Classes": "Sold 96 %|Demo 4 %"
    }
  ],
  "SummaryDefence": [
    {
      "Name": "muca",
      "KPM": 1.53,
      "KD": 1.07,
      "Kills": 15,
      "Death": 14,
      "TKill": 0,
      "Dmg": 3870.0,
      "DPM": 394.0,
      "FlagCap": 0,
      "FlagTake": 0,
      "FlagTime": 0,
      "FlagStop": 1.0,
      "Win": 1,
      "Draw": 0,
      "Loss": 0,
      "TimePlayed": "9:50",
      "Classes": "Sold 100 %"
    },
    {
      "Name": "wos!",
      "KPM": 1.73,
      "KD": 1.42,
      "Kills": 17,
      "Death": 12,
      "TKill": 2,
      "Dmg": 4055.0,
      "DPM": 412.0,
      "FlagCap": 0,
      "FlagTake": 0,
      "FlagTime": 0,
      "FlagStop": 1.0,
      "Win": 1,
      "Draw": 0,
      "Loss": 0,
      "TimePlayed": "9:50",
      "Classes": "Demo 100 %"
    },
    {
      "Name": "]rs;wiggy;",
      "KPM": 1.3,
      "KD": 0.68,
      "Kills": 13,
      "Death": 19,
      "TKill": 2,
      "Dmg": 2787.0,
      "DPM": 279.0,
      "FlagCap": 0,
      "FlagTake": 0,
      "FlagTime": 0,
      "FlagStop": 4.0,
      "Win": 0,
      "Draw": 0,
      "Loss": 1,
      "TimePlayed": "10:00",
      "Classes": "Demo 100 %"
    },
    {
      "Name": "dragonf",
      "KPM": 1.6,
      "KD": 0.67,
      "Kills": 16,
      "Death": 24,
      "TKill": 0,
      "Dmg": 4447.0,
      "DPM": 445.0,
      "FlagCap": 0,
      "FlagTake": 0,
      "FlagTime": 0,
      "FlagStop": 4.0,
      "Win": 0,
      "Draw": 0,
      "Loss": 1,
      "TimePlayed": "10:00",
      "Classes": "Sold 100 %"
    }
  ],
  "ClassFragAttack": [
    {
      "Name": "muca",
      "Sco": 0,
      "KPM1": null,
      "Sold": 0,
      "KPM3": null,
      "Demo": 0,
      "KPM4": null,
      "Med": 11.0,
      "KPM5": 1.21,
      "HwG": 0,
      "KPM6": null,
      "Pyro": 0,
      "KPM7": null,
      "Spy": 0,
      "KPM8": null,
      "Eng": 0,
      "KPM9": null,
      "SG": 0,
      "KPM0": null
    },
    {
      "Name": "wos!",
      "Sco": 0,
      "KPM1": null,
      "Sold": 16.0,
      "KPM3": 1.83,
      "Demo": 1.0,
      "KPM4": 0.81,
      "Med": 0,
      "KPM5": null,
      "HwG": 0,
      "KPM6": null,
      "Pyro": 0,
      "KPM7": null,
      "Spy": 0,
      "KPM8": null,
      "Eng": 0,
      "KPM9": null,
      "SG": 0,
      "KPM0": null
    },
    {
      "Name": "]rs;wiggy;",
      "Sco": 0,
      "KPM1": null,
      "Sold": 0,
      "KPM3": null,
      "Demo": 0,
      "KPM4": null,
      "Med": 3.0,
      "KPM5": 0.32,
      "HwG": 0,
      "KPM6": null,
      "Pyro": 0,
      "KPM7": null,
      "Spy": 0,
      "KPM8": null,
      "Eng": 0,
      "KPM9": null,
      "SG": 0,
      "KPM0": null
    },
    {
      "Name": "dragonf",
      "Sco": 0,
      "KPM1": null,
      "Sold": 7.0,
      "KPM3": 0.74,
      "Demo": 1.0,
      "KPM4": 2.31,
      "Med": 0,
      "KPM5": null,
      "HwG": 0,
      "KPM6": null,
      "Pyro": 0,
      "KPM7": null,
      "Spy": 0,
      "KPM8": null,
      "Eng": 0,
      "KPM9": null,
      "SG": 0,
      "KPM0": null
    }
  ],
  "ClassFragDefence": [
    {
      "Name": "muca",
      "Sco": 0,
      "KPM1": null,
      "Sold": 15.0,
      "KPM3": 1.53,
      "Demo": 0,
      "KPM4": null,
      "Med": 0,
      "KPM5": null,
      "HwG": 0,
      "KPM6": null,
      "Pyro": 0,
      "KPM7": null,
      "Spy": 0,
      "KPM8": null,
      "Eng": 0,
      "KPM9": null,
      "SG": 0,
      "KPM0": null
    },
    {
      "Name": "wos!",
      "Sco": 0,
      "KPM1": null,
      "Sold": 0,
      "KPM3": null,
      "Demo": 17.0,
      "KPM4": 1.73,
      "Med": 0,
      "KPM5": null,
      "HwG": 0,
      "KPM6": null,
      "Pyro": 0,
      "KPM7": null,
      "Spy": 0,
      "KPM8": null,
      "Eng": 0,
      "KPM9": null,
      "SG": 0,
      "KPM0": null
    },
    {
      "Name": "]rs;wiggy;",
      "Sco": 0,
      "KPM1": null,
      "Sold": 0,
      "KPM3": null,
      "Demo": 13.0,
      "KPM4": 1.3,
      "Med": 0,
      "KPM5": null,
      "HwG": 0,
      "KPM6": null,
      "Pyro": 0,
      "KPM7": null,
      "Spy": 0,
      "KPM8": null,
      "Eng": 0,
      "KPM9": null,
      "SG": 0,
      "KPM0": null
    },
    {
      "Name": "dragonf",
      "Sco": 0,
      "KPM1": null,
      "Sold": 16.0,
      "KPM3": 1.6,
      "Demo": 0,
      "KPM4": null,
      "Med": 0,
      "KPM5": null,
      "HwG": 0,
      "KPM6": null,
      "Pyro": 0,
      "KPM7": null,
      "Spy": 0,
      "KPM8": null,
      "Eng": 0,
      "KPM9": null,
      "SG": 0,
      "KPM0": null
    }
  ],
  "ClassTimeAttack": [
    {
      "Name": "muca",
      "Sco": 53,
      "Sold": 0,
      "Demo": 0,
      "Med": 547,
      "HwG": 0,
      "Pyro": 0,
      "Spy": 0,
      "Eng": 0
    },
    {
      "Name": "wos!",
      "Sco": 0,
      "Sold": 526,
      "Demo": 74,
      "Med": 0,
      "HwG": 0,
      "Pyro": 0,
      "Spy": 0,
      "Eng": 0
    },
    {
      "Name": "]rs;wiggy;",
      "Sco": 0,
      "Sold": 0,
      "Demo": 28,
      "Med": 562,
      "HwG": 0,
      "Pyro": 0,
      "Spy": 0,
      "Eng": 0
    },
    {
      "Name": "dragonf",
      "Sco": 0,
      "Sold": 564,
      "Demo": 26,
      "Med": 0,
      "HwG": 0,
      "Pyro": 0,
      "Spy": 0,
      "Eng": 0
    }
  ],
  "ClassTimeDefence": [
    {
      "Name": "muca",
      "Sco": 0,
      "Sold": 590,
      "Demo": 0,
      "Med": 0,
      "HwG": 0,
      "Pyro": 0,
      "Spy": 0,
      "Eng": 0
    },
    {
      "Name": "wos!",
      "Sco": 0,
      "Sold": 0,
      "Demo": 590,
      "Med": 0,
      "HwG": 0,
      "Pyro": 0,
      "Spy": 0,
      "Eng": 0
    },
    {
      "Name": "]rs;wiggy;",
      "Sco": 0,
      "Sold": 0,
      "Demo": 600,
      "Med": 0,
      "HwG": 0,
      "Pyro": 0,
      "Spy": 0,
      "Eng": 0
    },
    {
      "Name": "dragonf",
      "Sco": 0,
      "Sold": 600,
      "Demo": 0,
      "Med": 0,
      "HwG": 0,
      "Pyro": 0,
      "Spy": 0,
      "Eng": 0
    }
  ]
}
