{
  "Matches": [
    {
      "Server": "virginia/staging",
      "Match": "2023-04-07-03-41-29_[rs_zzr]",
      "Winner": "Team2",
      "Rating": "54 %",
      "Score1": 40,
      "Team1": "4lbone,4lvid,justicewwg,scottywwg",
      "Score2": 50,
      "Team2": "4lgonadsandstrife,predator,tulkaswwg,w1ggy"
    }
  ],
  "SummaryAttack": [
    {
      "Name": "4lbone",
      "KPM": 2.8,
      "KD": 1.12,
      "Kills": 28,
      "Death": 25,
      "TKill": 1,
      "Dmg": 4088.0,
      "DPM": 409.0,
      "FlagCap": 2.0,
      "FlagTake": 8.0,
      "FlagTime": "0:40",
      "FlagStop": 0,
      "Win": 0,
      "Draw": 0,
      "Loss": 1,
      "TimePlayed": "10:00",
      "Classes": "Sold 100 %"
    },
    {
      "Name": "4lvid",
      "KPM": 2.1,
      "KD": 0.7,
      "Kills": 21,
      "Death": 30,
      "TKill": 2,
      "Dmg": 4742.0,
      "DPM": 474.0,
      "FlagCap": 1,
      "FlagTake": 1,
      "FlagTime": "0:01",
      "FlagStop": 0,
      "Win": 0,
      "Draw": 0,
      "Loss": 1,
      "TimePlayed": "10:00",
      "Classes": "Pyro 100 %"
    },
    {
      "Name": "justicewwg",
      "KPM": 2.0,
      "KD": 0.77,
      "Kills": 20,
      "Death": 26,
      "TKill": 2,
      "Dmg": 3098.0,
      "DPM": 310.0,
      "FlagCap": 1,
      "FlagTake": 14.0,
      "FlagTime": "0:21",
      "FlagStop": 0,
      "Win": 0,
      "Draw": 0,
      "Loss": 1,
      "TimePlayed": "10:00",
      "Classes": "Spy  100 %"
    },
    {
      "Name": "scottywwg",
      "KPM": 1.4,
      "KD": 0.42,
      "Kills": 14,
      "Death": 33,
      "TKill": 1,
      "Dmg": 1800.0,
      "DPM": 180.0,
      "FlagCap": 2.0,
      "FlagTake": 17.0,
      "FlagTime": "1:14",
      "FlagStop": 0,
      "Win": 0,
      "Draw": 0,
      "Loss": 1,
      "TimePlayed": "10:00",
      "Classes": "Med  100 %"
    },
    {
      "Name": "4lgonadsandstrife",
      "KPM": 2.4,
      "KD": 1.0,
      "Kills": 11,
      "Death": 11,
      "TKill": 1,
      "Dmg": 2394.0,
      "DPM": 522.0,
      "FlagCap": 1,
      "FlagTake": 2.0,
      "FlagTime": "0:02",
      "FlagStop": 0,
      "Win": 1,
      "Draw": 0,
      "Loss": 0,
      "TimePlayed": "4:35",
      "Classes": "Sold 100 %"
    },
    {
      "Name": "predator",
      "KPM": 0.65,
      "KD": 0.27,
      "Kills": 3,
      "Death": 11,
      "TKill": 0,
      "Dmg": 702.0,
      "DPM": 153.0,
      "FlagCap": 3.0,
      "FlagTake": 8.0,
      "FlagTime": "1:21",
      "FlagStop": 0,
      "Win": 1,
      "Draw": 0,
      "Loss": 0,
      "TimePlayed": "4:35",
      "Classes": "Med  100 %"
    },
    {
      "Name": "tulkaswwg",
      "KPM": 2.84,
      "KD": 1.08,
      "Kills": 13,
      "Death": 12,
      "TKill": 0,
      "Dmg": 1918.0,
      "DPM": 418.0,
      "FlagCap": 1.0,
      "FlagTake": 3.0,
      "FlagTime": "0:26",
      "FlagStop": 0,
      "Win": 1,
      "Draw": 0,
      "Loss": 0,
      "TimePlayed": "4:35",
      "Classes": "Pyro 100 %"
    },
    {
      "Name": "w1ggy",
      "KPM": 0.65,
      "KD": 0.33,
      "Kills": 3,
      "Death": 9,
      "TKill": 0,
      "Dmg": 637.0,
      "DPM": 139.0,
      "FlagCap": 1.0,
      "FlagTake": 3.0,
      "FlagTime": "0:35",
      "FlagStop": 0,
      "Win": 1,
      "Draw": 0,
      "Loss": 0,
      "TimePlayed": "4:35",
      "Classes": "Spy  100 %"
    }
  ],
  "SummaryDefence": [
    {
      "Name": "4lbone",
      "KPM": 1.53,
      "KD": 0.7,
      "Kills": 7,
      "Death": 10,
      "TKill": 1,
      "Dmg": 1998.0,
      "DPM": 436.0,
      "FlagCap": 0,
      "FlagTake": 0,
      "FlagTime": 0,
      "FlagStop": 1,
      "Win": 0,
      "Draw": 0,
      "Loss": 1,
      "TimePlayed": "4:35",
      "Classes": "Sold 100 %"
    },
    {
      "Name": "4lvid",
      "KPM": 1.31,
      "KD": 0.5,
      "Kills": 6,
      "Death": 12,
      "TKill": 3,
      "Dmg": 1871.0,
      "DPM": 408.0,
      "FlagCap": 0,
      "FlagTake": 0,
      "FlagTime": 0,
      "FlagStop": 1,
      "Win": 0,
      "Draw": 0,
      "Loss": 1,
      "TimePlayed": "4:35",
      "Classes": "Eng  100 %"
    },
    {
      "Name": "justicewwg",
      "KPM": 2.18,
      "KD": 1.0,
      "Kills": 10,
      "Death": 10,
      "TKill": 4,
      "Dmg": 2054.0,
      "DPM": 448.0,
      "FlagCap": 0,
      "FlagTake": 0,
      "FlagTime": 0,
      "FlagStop": 1,
      "Win": 0,
      "Draw": 0,
      "Loss": 1,
      "TimePlayed": "4:35",
      "Classes": "Demo 100 %"
    },
    {
      "Name": "scottywwg",
      "KPM": 3.05,
      "KD": 0.88,
      "Kills": 14,
      "Death": 16,
      "TKill": 0,
      "Dmg": 2924.0,
      "DPM": 638.0,
      "FlagCap": 0,
      "FlagTake": 0,
      "FlagTime": 0,
      "FlagStop": 1,
      "Win": 0,
      "Draw": 0,
      "Loss": 1,
      "TimePlayed": "4:35",
      "Classes": "Pyro 100 %"
    },
    {
      "Name": "4lgonadsandstrife",
      "KPM": 2.6,
      "KD": 1.24,
      "Kills": 26,
      "Death": 21,
      "TKill": 3,
      "Dmg": 6972.0,
      "DPM": 697.0,
      "FlagCap": 0,
      "FlagTake": 0,
      "FlagTime": 0,
      "FlagStop": 1,
      "Win": 1,
      "Draw": 0,
      "Loss": 0,
      "TimePlayed": "10:00",
      "Classes": "Sold 100 %"
    },
    {
      "Name": "predator",
      "KPM": 2.4,
      "KD": 0.86,
      "Kills": 24,
      "Death": 28,
      "TKill": 1,
      "Dmg": 5381.0,
      "DPM": 538.0,
      "FlagCap": 0,
      "FlagTake": 0,
      "FlagTime": 0,
      "FlagStop": 1,
      "Win": 1,
      "Draw": 0,
      "Loss": 0,
      "TimePlayed": "10:00",
      "Classes": "Eng  100 %"
    },
    {
      "Name": "tulkaswwg",
      "KPM": 2.9,
      "KD": 1.0,
      "Kills": 29,
      "Death": 29,
      "TKill": 4,
      "Dmg": 6820.0,
      "DPM": 682.0,
      "FlagCap": 0,
      "FlagTake": 0,
      "FlagTime": 0,
      "FlagStop": 1,
      "Win": 1,
      "Draw": 0,
      "Loss": 0,
      "TimePlayed": "10:00",
      "Classes": "Pyro 100 %"
    },
    {
      "Name": "w1ggy",
      "KPM": 1.9,
      "KD": 0.7,
      "Kills": 19,
      "Death": 27,
      "TKill": 12,
      "Dmg": 4446.0,
      "DPM": 445.0,
      "FlagCap": 0,
      "FlagTake": 0,
      "FlagTime": 0,
      "FlagStop": 1,
      "Win": 1,
      "Draw": 0,
      "Loss": 0,
      "TimePlayed": "10:00",
      "Classes": "Demo 100 %"
    }
  ],
  "ClassFragAttack": [
    {
      "Name": "4lbone",
      "Sco": 0,
      "KPM1": null,
      "Sold": 28.0,
      "KPM3": 2.8,
      "Demo": 0,
      "KPM4": null,
      "Med": 0,
      "KPM5": null,
      "HwG": 0,
      "KPM6": null,
      "Pyro": 0,
      "KPM7": null,
      "Spy": 0,
      "KPM8": null,
      "Eng": 0,
      "KPM9": null,
      "SG": 0,
      "KPM0": null
    },
    {
      "Name": "4lvid",
      "Sco": 0,
      "KPM1": null,
      "Sold": 0,
      "KPM3": null,
      "Demo": 0,
      "KPM4": null,
      "Med": 0,
      "KPM5": null,
      "HwG": 0,
      "KPM6": null,
      "Pyro": 21.0,
      "KPM7": 2.1,
      "Spy": 0,
      "KPM8": null,
      "Eng": 0,
      "KPM9": null,
      "SG": 0,
      "KPM0": null
    },
    {
      "Name": "justicewwg",
      "Sco": 0,
      "KPM1": null,
      "Sold": 0,
      "KPM3": null,
      "Demo": 0,
      "KPM4": null,
      "Med": 0,
      "KPM5": null,
      "HwG": 0,
      "KPM6": null,
      "Pyro": 0,
      "KPM7": null,
      "Spy": 20.0,
      "KPM8": 2.0,
      "Eng": 0,
      "KPM9": null,
      "SG": 0,
      "KPM0": null
    },
    {
      "Name": "scottywwg",
      "Sco": 0,
      "KPM1": null,
      "Sold": 0,
      "KPM3": null,
      "Demo": 0,
      "KPM4": null,
      "Med": 14.0,
      "KPM5": 1.4,
      "HwG": 0,
      "KPM6": null,
      "Pyro": 0,
      "KPM7": null,
      "Spy": 0,
      "KPM8": null,
      "Eng": 0,
      "KPM9": null,
      "SG": 0,
      "KPM0": null
    },
    {
      "Name": "4lgonadsandstrife",
      "Sco": 0,
      "KPM1": null,
      "Sold": 11.0,
      "KPM3": 2.4,
      "Demo": 0,
      "KPM4": null,
      "Med": 0,
      "KPM5": null,
      "HwG": 0,
      "KPM6": null,
      "Pyro": 0,
      "KPM7": null,
      "Spy": 0,
      "KPM8": null,
      "Eng": 0,
      "KPM9": null,
      "SG": 0,
      "KPM0": null
    },
    {
      "Name": "predator",
      "Sco": 0,
      "KPM1": null,
      "Sold": 0,
      "KPM3": null,
      "Demo": 0,
      "KPM4": null,
      "Med": 3.0,
      "KPM5": 0.65,
      "HwG": 0,
      "KPM6": null,
      "Pyro": 0,
      "KPM7": null,
      "Spy": 0,
      "KPM8": null,
      "Eng": 0,
      "KPM9": null,
      "SG": 0,
      "KPM0": null
    },
    {
      "Name": "tulkaswwg",
      "Sco": 0,
      "KPM1": null,
      "Sold": 0,
      "KPM3": null,
      "Demo": 0,
      "KPM4": null,
      "Med": 0,
      "KPM5": null,
      "HwG": 0,
      "KPM6": null,
      "Pyro": 13.0,
      "KPM7": 2.84,
      "Spy": 0,
      "KPM8": null,
      "Eng": 0,
      "KPM9": null,
      "SG": 0,
      "KPM0": null
    },
    {
      "Name": "w1ggy",
      "Sco": 0,
      "KPM1": null,
      "Sold": 0,
      "KPM3": null,
      "Demo": 0,
      "KPM4": null,
      "Med": 0,
      "KPM5": null,
      "HwG": 0,
      "KPM6": null,
      "Pyro": 0,
      "KPM7": null,
      "Spy": 3.0,
      "KPM8": 0.65,
      "Eng": 0,
      "KPM9": null,
      "SG": 0,
      "KPM0": null
    }
  ],
  "ClassFragDefence": [
    {
      "Name": "4lbone",
      "Sco": 0,
      "KPM1": null,
      "Sold": 7.0,
      "KPM3": 1.53,
      "Demo": 0,
      "KPM4": null,
      "Med": 0,
      "KPM5": null,
      "HwG": 0,
      "KPM6": null,
      "Pyro": 0,
      "KPM7": null,
      "Spy": 0,
      "KPM8": null,
      "Eng": 0,
      "KPM9": null,
      "SG": 0,
      "KPM0": null
    },
    {
      "Name": "4lvid",
      "Sco": 0,
      "KPM1": null,
      "Sold": 0,
      "KPM3": null,
      "Demo": 0,
      "KPM4": null,
      "Med": 0,
      "KPM5": null,
      "HwG": 0,
      "KPM6": null,
      "Pyro": 0,
      "KPM7": null,
      "Spy": 0,
      "KPM8": null,
      "Eng": 4.0,
      "KPM9": 0.87,
      "SG": 2.0,
      "KPM0": 0.44
    },
    {
      "Name": "justicewwg",
      "Sco": 0,
      "KPM1": null,
      "Sold": 0,
      "KPM3": null,
      "Demo": 10.0,
      "KPM4": 2.18,
      "Med": 0,
      "KPM5": null,
      "HwG": 0,
      "KPM6": null,
      "Pyro": 0,
      "KPM7": null,
      "Spy": 0,
      "KPM8": null,
      "Eng": 0,
      "KPM9": null,
      "SG": 0,
      "KPM0": null
    },
    {
      "Name": "scottywwg",
      "Sco": 0,
      "KPM1": null,
      "Sold": 0,
      "KPM3": null,
      "Demo": 0,
      "KPM4": null,
      "Med": 0,
      "KPM5": null,
      "HwG": 0,
      "KPM6": null,
      "Pyro": 14.0,
      "KPM7": 3.05,
      "Spy": 0,
      "KPM8": null,
      "Eng": 0,
      "KPM9": null,
      "SG": 0,
      "KPM0": null
    },
    {
      "Name": "4lgonadsandstrife",
      "Sco": 0,
      "KPM1": null,
      "Sold": 26.0,
      "KPM3": 2.6,
      "Demo": 0,
      "KPM4": null,
      "Med": 0,
      "KPM5": null,
      "HwG": 0,
      "KPM6": null,
      "Pyro": 0,
      "KPM7": null,
      "Spy": 0,
      "KPM8": null,
      "Eng": 0,
      "KPM9": null,
      "SG": 0,
      "KPM0": null
    },
    {
      "Name": "predator",
      "Sco": 0,
      "KPM1": null,
      "Sold": 0,
      "KPM3": null,
      "Demo": 0,
      "KPM4": null,
      "Med": 0,
      "KPM5": null,
      "HwG": 0,
      "KPM6": null,
      "Pyro": 0,
      "KPM7": null,
      "Spy": 0,
      "KPM8": null,
      "Eng": 11.0,
      "KPM9": 1.1,
      "SG": 13.0,
      "KPM0": 1.3
    },
    {
      "Name": "tulkaswwg",
      "Sco": 0,
      "KPM1": null,
      "Sold": 0,
      "KPM3": null,
      "Demo": 0,
      "KPM4": null,
      "Med": 0,
      "KPM5": null,
      "HwG": 0,
      "KPM6": null,
      "Pyro": 29.0,
      "KPM7": 2.9,
      "Spy": 0,
      "KPM8": null,
      "Eng": 0,
      "KPM9": null,
      "SG": 0,
      "KPM0": null
    },
    {
      "Name": "w1ggy",
      "Sco": 0,
      "KPM1": null,
      "Sold": 0,
      "KPM3": null,
      "Demo": 19.0,
      "KPM4": 1.9,
      "Med": 0,
      "KPM5": null,
      "HwG": 0,
      "KPM6": null,
      "Pyro": 0,
      "KPM7": null,
      "Spy": 0,
      "KPM8": null,
      "Eng": 0,
      "KPM9": null,
      "SG": 0,
      "KPM0": null
    }
  ],
  "ClassTimeAttack": [
    {
      "Name": "4lbone",
      "Sco": 0,
      "Sold": 600,
      "Demo": 0,
      "Med": 0,
      "HwG": 0,
      "Pyro": 0,
      "Spy": 0,
      "Eng": 0
    },
    {
      "Name": "4lvid",
      "Sco": 0,
      "Sold": 0,
      "Demo": 0,
      "Med": 0,
      "HwG": 0,
      "Pyro": 600,
      "Spy": 0,
      "Eng": 0
    },
    {
      "Name": "justicewwg",
      "Sco": 0,
      "Sold": 0,
      "Demo": 0,
      "Med": 0,
      "HwG": 0,
      "Pyro": 0,
      "Spy": 600,
      "Eng": 0
    },
    {
      "Name": "scottywwg",
      "Sco": 0,
      "Sold": 0,
      "Demo": 0,
      "Med": 600,
      "HwG": 0,
      "Pyro": 0,
      "Spy": 0,
      "Eng": 0
    },
    {
      "Name": "4lgonadsandstrife",
      "Sco": 0,
      "Sold": 275,
      "Demo": 0,
      "Med": 0,
      "HwG": 0,
      "Pyro": 0,
      "Spy": 0,
      "Eng": 0
    },
    {
      "Name": "predator",
      "Sco": 0,
      "Sold": 0,
      "Demo": 0,
      "Med": 275,
      "HwG": 0,
      "Pyro": 0,
      "Spy": 0,
      "Eng": 0
    },
    {
      "Name": "tulkaswwg",
      "Sco": 0,
      "Sold": 0,
      "Demo": 0,
      "Med": 0,
      "HwG": 0,
      "Pyro": 275,
      "Spy": 0,
      "Eng": 0
    },
    {
      "Name": "w1ggy",
      "Sco": 0,
      "Sold": 0,
      "Demo": 0,
      "Med": 0,
      "HwG": 0,
      "Pyro": 0,
      "Spy": 275,
      "Eng": 0
    }
  ],
  "ClassTimeDefence": [
    {
      "Name": "4lbone",
      "Sco": 0,
      "Sold": 275,
      "Demo": 0,
      "Med": 0,
      "HwG": 0,
      "Pyro": 0,
      "Spy": 0,
      "Eng": 0
    },
    {
      "Name": "4lvid",
      "Sco": 0,
      "Sold": 0,
      "Demo": 0,
      "Med": 0,
      "HwG": 0,
      "Pyro": 0,
      "Spy": 0,
      "Eng": 275
    },
    {
      "Name": "justicewwg",
      "Sco": 0,
      "Sold": 0,
      "Demo": 275,
      "Med": 0,
      "HwG": 0,
      "Pyro": 0,
      "Spy": 0,
      "Eng": 0
    },
    {
      "Name": "scottywwg",
      "Sco": 0,
      "Sold": 0,
      "Demo": 0,
      "Med": 0,
      "HwG": 0,
      "Pyro": 275,
      "Spy": 0,
      "Eng": 0
    },
    {
      "Name": "4lgonadsandstrife",
      "Sco": 0,
      "Sold": 600,
      "Demo": 0,
      "Med": 0,
      "HwG": 0,
      "Pyro": 0,
      "Spy": 0,
      "Eng": 0
    },
    {
      "Name": "predator",
      "Sco": 0,
      "Sold": 0,
      "Demo": 0,
      "Med": 0,
      "HwG": 0,
      "Pyro": 0,
      "Spy": 0,
      "Eng": 600
    },
    {
      "Name": "tulkaswwg",
      "Sco": 0,
      "Sold": 0,
      "Demo": 0,
      "Med": 0,
      "HwG": 0,
      "Pyro": 600,
      "Spy": 0,
      "Eng": 0
    },
    {
      "Name": "w1ggy",
      "Sco": 0,
      "Sold": 0,
      "Demo": 600,
      "Med": 0,
      "HwG": 0,
      "Pyro": 0,
      "Spy": 0,
      "Eng": 0
    }
  ]
}
