{
  "Matches": [
    {
      "Server": "virginia/staging/",
      "Match": "2023-12-28-21-26-56_[blitzkrieg2]",
      "Winner": "Draw",
      "Rating": "0 %",
      "Score1": 70,
      "Team1": "[LSD]ViD#53,Carp#478,Kylarn#302,scottybugattiz#61,Tulkas#48",
      "Score2": 70,
      "Team2": "elsharko.tf#279,grome#741,Predator#47,randomTecH-Z-#77,REV6thecarn#312"
    }
  ],
  "SummaryAttack": [
    {
      "Name": "[LSD]ViD#53",
      "KPM": 0.6,
      "KD": 0.21,
      "Kills": 6,
      "Death": 29,
      "TKill": 0,
      "Dmg": 985.0,
      "DPM": 98.0,
      "SGKills": 0,
      "SGDeath": 0,
      "FlagCap": 1.0,
      "FlagTake": 9.0,
      "FlagTime": "0:35",
      "FlagStop": 0,
      "Win": 0,
      "Draw": 1,
      "Loss": 0,
      "TimePlayed": "10:00",
      "Classes": "Spy  100 %"
    },
    {
      "Name": "Carp#478",
      "KPM": 2.0,
      "KD": 0.59,
      "Kills": 20,
      "Death": 34,
      "TKill": 5,
      "Dmg": 5612.0,
      "DPM": 561.0,
      "SGKills": 2.0,
      "SGDeath": 0,
      "FlagCap": 4.0,
      "FlagTake": 14.0,
      "FlagTime": "1:03",
      "FlagStop": 0,
      "Win": 0,
      "Draw": 1,
      "Loss": 0,
      "TimePlayed": "10:00",
      "Classes": "Sold 100 %"
    },
    {
      "Name": "Kylarn#302",
      "KPM": 0.3,
      "KD": 0.12,
      "Kills": 3,
      "Death": 26,
      "TKill": 0,
      "Dmg": 911.0,
      "DPM": 91.0,
      "SGKills": 1.0,
      "SGDeath": 0,
      "FlagCap": 0,
      "FlagTake": 4.0,
      "FlagTime": "0:08",
      "FlagStop": 0,
      "Win": 0,
      "Draw": 1,
      "Loss": 0,
      "TimePlayed": "10:00",
      "Classes": "Sco  100 %"
    },
    {
      "Name": "scottybugattiz#61",
      "KPM": 1.7,
      "KD": 0.74,
      "Kills": 17,
      "Death": 23,
      "TKill": 0,
      "Dmg": 3699.0,
      "DPM": 370.0,
      "SGKills": 1.0,
      "SGDeath": 0,
      "FlagCap": 1.0,
      "FlagTake": 14.0,
      "FlagTime": "1:13",
      "FlagStop": 0,
      "Win": 0,
      "Draw": 1,
      "Loss": 0,
      "TimePlayed": "10:00",
      "Classes": "Med  100 %"
    },
    {
      "Name": "Tulkas#48",
      "KPM": 1.7,
      "KD": 0.5,
      "Kills": 17,
      "Death": 34,
      "TKill": 2,
      "Dmg": 3321.0,
      "DPM": 332.0,
      "SGKills": 3.0,
      "SGDeath": 0,
      "FlagCap": 1.0,
      "FlagTake": 5.0,
      "FlagTime": "0:22",
      "FlagStop": 0,
      "Win": 0,
      "Draw": 1,
      "Loss": 0,
      "TimePlayed": "10:00",
      "Classes": "Pyro 100 %"
    },
    {
      "Name": "elsharko.tf#279",
      "KPM": 1.8,
      "KD": 0.72,
      "Kills": 18,
      "Death": 25,
      "TKill": 1,
      "Dmg": 2995.0,
      "DPM": 300.0,
      "SGKills": 6.0,
      "SGDeath": 0,
      "FlagCap": 1.0,
      "FlagTake": 9.0,
      "FlagTime": "0:46",
      "FlagStop": 0,
      "Win": 0,
      "Draw": 1,
      "Loss": 0,
      "TimePlayed": "10:00",
      "Classes": "Spy  100 %"
    },
    {
      "Name": "grome#741",
      "KPM": 2.0,
      "KD": 0.56,
      "Kills": 20,
      "Death": 36,
      "TKill": 0,
      "Dmg": 3983.0,
      "DPM": 398.0,
      "SGKills": 4.0,
      "SGDeath": 0,
      "FlagCap": 0,
      "FlagTake": 9.0,
      "FlagTime": "0:06",
      "FlagStop": 0,
      "Win": 0,
      "Draw": 1,
      "Loss": 0,
      "TimePlayed": "10:00",
      "Classes": "Pyro 100 %"
    },
    {
      "Name": "Predator#47",
      "KPM": 0.2,
      "KD": 0.08,
      "Kills": 2,
      "Death": 26,
      "TKill": 0,
      "Dmg": 446.0,
      "DPM": 45.0,
      "SGKills": 1.0,
      "SGDeath": 0,
      "FlagCap": 2.0,
      "FlagTake": 12.0,
      "FlagTime": "0:53",
      "FlagStop": 0,
      "Win": 0,
      "Draw": 1,
      "Loss": 0,
      "TimePlayed": "10:00",
      "Classes": "Sco  100 %"
    },
    {
      "Name": "randomTecH-Z-#77",
      "KPM": 1.0,
      "KD": 0.45,
      "Kills": 10,
      "Death": 22,
      "TKill": 1,
      "Dmg": 1585.0,
      "DPM": 158.0,
      "SGKills": 3.0,
      "SGDeath": 0,
      "FlagCap": 4.0,
      "FlagTake": 16.0,
      "FlagTime": "1:38",
      "FlagStop": 0,
      "Win": 0,
      "Draw": 1,
      "Loss": 0,
      "TimePlayed": "10:00",
      "Classes": "Med  100 %"
    },
    {
      "Name": "REV6thecarn#312",
      "KPM": 2.0,
      "KD": 0.77,
      "Kills": 20,
      "Death": 26,
      "TKill": 1,
      "Dmg": 4639.0,
      "DPM": 464.0,
      "SGKills": 3.0,
      "SGDeath": 0,
      "FlagCap": 0,
      "FlagTake": 4.0,
      "FlagTime": "0:19",
      "FlagStop": 0,
      "Win": 0,
      "Draw": 1,
      "Loss": 0,
      "TimePlayed": "10:00",
      "Classes": "Sold 100 %"
    }
  ],
  "SummaryDefence": [
    {
      "Name": "[LSD]ViD#53",
      "KPM": 2.0,
      "KD": 1.54,
      "Kills": 20,
      "Death": 13,
      "TKill": 5,
      "Dmg": 3589.0,
      "DPM": 359.0,
      "SGKills": 0,
      "SGDeath": 0,
      "FlagCap": 0,
      "FlagTake": 0,
      "FlagTime": 0,
      "FlagStop": 4.0,
      "Win": 0,
      "Draw": 1,
      "Loss": 0,
      "TimePlayed": "10:00",
      "Classes": "HwG  100 %"
    },
    {
      "Name": "Carp#478",
      "KPM": 3.0,
      "KD": 1.11,
      "Kills": 30,
      "Death": 27,
      "TKill": 9,
      "Dmg": 7017.0,
      "DPM": 702.0,
      "SGKills": 0,
      "SGDeath": 0,
      "FlagCap": 0,
      "FlagTake": 0,
      "FlagTime": 0,
      "FlagStop": 11.0,
      "Win": 0,
      "Draw": 1,
      "Loss": 0,
      "TimePlayed": "10:00",
      "Classes": "Demo 100 %"
    },
    {
      "Name": "Kylarn#302",
      "KPM": 2.1,
      "KD": 0.91,
      "Kills": 21,
      "Death": 23,
      "TKill": 3,
      "Dmg": 3414.0,
      "DPM": 341.0,
      "SGKills": 0,
      "SGDeath": 0,
      "FlagCap": 0,
      "FlagTake": 0,
      "FlagTime": 0,
      "FlagStop": 5.0,
      "Win": 0,
      "Draw": 1,
      "Loss": 0,
      "TimePlayed": "10:00",
      "Classes": "Sold 100 %"
    },
    {
      "Name": "scottybugattiz#61",
      "KPM": 2.4,
      "KD": 0.96,
      "Kills": 24,
      "Death": 25,
      "TKill": 9,
      "Dmg": 4257.0,
      "DPM": 426.0,
      "SGKills": 0,
      "SGDeath": 0,
      "FlagCap": 0,
      "FlagTake": 0,
      "FlagTime": 0,
      "FlagStop": 3.0,
      "Win": 0,
      "Draw": 1,
      "Loss": 0,
      "TimePlayed": "10:00",
      "Classes": "Pyro 100 %"
    },
    {
      "Name": "Tulkas#48",
      "KPM": 2.7,
      "KD": 1.35,
      "Kills": 27,
      "Death": 20,
      "TKill": 1,
      "Dmg": 4793.0,
      "DPM": 479.0,
      "SGKills": 0,
      "SGDeath": 17.0,
      "FlagCap": 0,
      "FlagTake": 0,
      "FlagTime": 0,
      "FlagStop": 2.0,
      "Win": 0,
      "Draw": 1,
      "Loss": 0,
      "TimePlayed": "10:00",
      "Classes": "Eng  100 %"
    },
    {
      "Name": "elsharko.tf#279",
      "KPM": 3.0,
      "KD": 2.14,
      "Kills": 30,
      "Death": 14,
      "TKill": 6,
      "Dmg": 4461.0,
      "DPM": 446.0,
      "SGKills": 0,
      "SGDeath": 0,
      "FlagCap": 0,
      "FlagTake": 0,
      "FlagTime": 0,
      "FlagStop": 3.0,
      "Win": 0,
      "Draw": 1,
      "Loss": 0,
      "TimePlayed": "10:00",
      "Classes": "HwG  100 %"
    },
    {
      "Name": "grome#741",
      "KPM": 2.8,
      "KD": 1.33,
      "Kills": 28,
      "Death": 21,
      "TKill": 2,
      "Dmg": 4635.0,
      "DPM": 464.0,
      "SGKills": 0,
      "SGDeath": 0,
      "FlagCap": 0,
      "FlagTake": 0,
      "FlagTime": 0,
      "FlagStop": 5.0,
      "Win": 0,
      "Draw": 1,
      "Loss": 0,
      "TimePlayed": "10:00",
      "Classes": "Sold 100 %"
    },
    {
      "Name": "Predator#47",
      "KPM": 3.1,
      "KD": 1.19,
      "Kills": 31,
      "Death": 26,
      "TKill": 7,
      "Dmg": 4722.0,
      "DPM": 472.0,
      "SGKills": 0,
      "SGDeath": 0,
      "FlagCap": 0,
      "FlagTake": 0,
      "FlagTime": 0,
      "FlagStop": 8.0,
      "Win": 0,
      "Draw": 1,
      "Loss": 0,
      "TimePlayed": "10:00",
      "Classes": "Demo 100 %"
    },
    {
      "Name": "randomTecH-Z-#77",
      "KPM": 1.5,
      "KD": 0.6,
      "Kills": 15,
      "Death": 25,
      "TKill": 5,
      "Dmg": 3521.0,
      "DPM": 352.0,
      "SGKills": 0,
      "SGDeath": 0,
      "FlagCap": 0,
      "FlagTake": 0,
      "FlagTime": 0,
      "FlagStop": 4.0,
      "Win": 0,
      "Draw": 1,
      "Loss": 0,
      "TimePlayed": "10:00",
      "Classes": "Pyro 100 %"
    },
    {
      "Name": "REV6thecarn#312",
      "KPM": 1.8,
      "KD": 1.29,
      "Kills": 18,
      "Death": 14,
      "TKill": 2,
      "Dmg": 3633.0,
      "DPM": 363.0,
      "SGKills": 0,
      "SGDeath": 7.0,
      "FlagCap": 0,
      "FlagTake": 0,
      "FlagTime": 0,
      "FlagStop": 1.0,
      "Win": 0,
      "Draw": 1,
      "Loss": 0,
      "TimePlayed": "10:00",
      "Classes": "Eng  100 %"
    }
  ],
  "ClassFragAttack": [
    {
      "Name": "[LSD]ViD#53",
      "Sco": 0,
      "KPM1": null,
      "Sold": 0,
      "KPM3": null,
      "Demo": 0,
      "KPM4": null,
      "Med": 0,
      "KPM5": null,
      "HwG": 0,
      "KPM6": null,
      "Pyro": 0,
      "KPM7": null,
      "Spy": 6.0,
      "KPM8": 0.6,
      "Eng": 0,
      "KPM9": null,
      "SG": 0,
      "KPM0": null
    },
    {
      "Name": "Carp#478",
      "Sco": 0,
      "KPM1": null,
      "Sold": 20.0,
      "KPM3": 2.0,
      "Demo": 0,
      "KPM4": null,
      "Med": 0,
      "KPM5": null,
      "HwG": 0,
      "KPM6": null,
      "Pyro": 0,
      "KPM7": null,
      "Spy": 0,
      "KPM8": null,
      "Eng": 0,
      "KPM9": null,
      "SG": 0,
      "KPM0": null
    },
    {
      "Name": "Kylarn#302",
      "Sco": 3.0,
      "KPM1": 0.3,
      "Sold": 0,
      "KPM3": null,
      "Demo": 0,
      "KPM4": null,
      "Med": 0,
      "KPM5": null,
      "HwG": 0,
      "KPM6": null,
      "Pyro": 0,
      "KPM7": null,
      "Spy": 0,
      "KPM8": null,
      "Eng": 0,
      "KPM9": null,
      "SG": 0,
      "KPM0": null
    },
    {
      "Name": "scottybugattiz#61",
      "Sco": 0,
      "KPM1": null,
      "Sold": 0,
      "KPM3": null,
      "Demo": 0,
      "KPM4": null,
      "Med": 17.0,
      "KPM5": 1.7,
      "HwG": 0,
      "KPM6": null,
      "Pyro": 0,
      "KPM7": null,
      "Spy": 0,
      "KPM8": null,
      "Eng": 0,
      "KPM9": null,
      "SG": 0,
      "KPM0": null
    },
    {
      "Name": "Tulkas#48",
      "Sco": 0,
      "KPM1": null,
      "Sold": 0,
      "KPM3": null,
      "Demo": 0,
      "KPM4": null,
      "Med": 0,
      "KPM5": null,
      "HwG": 0,
      "KPM6": null,
      "Pyro": 17.0,
      "KPM7": 1.7,
      "Spy": 0,
      "KPM8": null,
      "Eng": 0,
      "KPM9": null,
      "SG": 0,
      "KPM0": null
    },
    {
      "Name": "elsharko.tf#279",
      "Sco": 0,
      "KPM1": null,
      "Sold": 0,
      "KPM3": null,
      "Demo": 0,
      "KPM4": null,
      "Med": 0,
      "KPM5": null,
      "HwG": 0,
      "KPM6": null,
      "Pyro": 0,
      "KPM7": null,
      "Spy": 18.0,
      "KPM8": 1.8,
      "Eng": 0,
      "KPM9": null,
      "SG": 0,
      "KPM0": null
    },
    {
      "Name": "grome#741",
      "Sco": 0,
      "KPM1": null,
      "Sold": 0,
      "KPM3": null,
      "Demo": 0,
      "KPM4": null,
      "Med": 0,
      "KPM5": null,
      "HwG": 0,
      "KPM6": null,
      "Pyro": 20.0,
      "KPM7": 2.0,
      "Spy": 0,
      "KPM8": null,
      "Eng": 0,
      "KPM9": null,
      "SG": 0,
      "KPM0": null
    },
    {
      "Name": "Predator#47",
      "Sco": 2.0,
      "KPM1": 0.2,
      "Sold": 0,
      "KPM3": null,
      "Demo": 0,
      "KPM4": null,
      "Med": 0,
      "KPM5": null,
      "HwG": 0,
      "KPM6": null,
      "Pyro": 0,
      "KPM7": null,
      "Spy": 0,
      "KPM8": null,
      "Eng": 0,
      "KPM9": null,
      "SG": 0,
      "KPM0": null
    },
    {
      "Name": "randomTecH-Z-#77",
      "Sco": 0,
      "KPM1": null,
      "Sold": 0,
      "KPM3": null,
      "Demo": 0,
      "KPM4": null,
      "Med": 10.0,
      "KPM5": 1.0,
      "HwG": 0,
      "KPM6": null,
      "Pyro": 0,
      "KPM7": null,
      "Spy": 0,
      "KPM8": null,
      "Eng": 0,
      "KPM9": null,
      "SG": 0,
      "KPM0": null
    },
    {
      "Name": "REV6thecarn#312",
      "Sco": 0,
      "KPM1": null,
      "Sold": 20.0,
      "KPM3": 2.0,
      "Demo": 0,
      "KPM4": null,
      "Med": 0,
      "KPM5": null,
      "HwG": 0,
      "KPM6": null,
      "Pyro": 0,
      "KPM7": null,
      "Spy": 0,
      "KPM8": null,
      "Eng": 0,
      "KPM9": null,
      "SG": 0,
      "KPM0": null
    }
  ],
  "ClassFragDefence": [
    {
      "Name": "[LSD]ViD#53",
      "Sco": 0,
      "KPM1": null,
      "Sold": 0,
      "KPM3": null,
      "Demo": 0,
      "KPM4": null,
      "Med": 0,
      "KPM5": null,
      "HwG": 20.0,
      "KPM6": 2.0,
      "Pyro": 0,
      "KPM7": null,
      "Spy": 0,
      "KPM8": null,
      "Eng": 0,
      "KPM9": null,
      "SG": 0,
      "KPM0": null
    },
    {
      "Name": "Carp#478",
      "Sco": 0,
      "KPM1": null,
      "Sold": 0,
      "KPM3": null,
      "Demo": 30.0,
      "KPM4": 3.0,
      "Med": 0,
      "KPM5": null,
      "HwG": 0,
      "KPM6": null,
      "Pyro": 0,
      "KPM7": null,
      "Spy": 0,
      "KPM8": null,
      "Eng": 0,
      "KPM9": null,
      "SG": 0,
      "KPM0": null
    },
    {
      "Name": "Kylarn#302",
      "Sco": 0,
      "KPM1": null,
      "Sold": 21.0,
      "KPM3": 2.1,
      "Demo": 0,
      "KPM4": null,
      "Med": 0,
      "KPM5": null,
      "HwG": 0,
      "KPM6": null,
      "Pyro": 0,
      "KPM7": null,
      "Spy": 0,
      "KPM8": null,
      "Eng": 0,
      "KPM9": null,
      "SG": 0,
      "KPM0": null
    },
    {
      "Name": "scottybugattiz#61",
      "Sco": 0,
      "KPM1": null,
      "Sold": 0,
      "KPM3": null,
      "Demo": 0,
      "KPM4": null,
      "Med": 0,
      "KPM5": null,
      "HwG": 0,
      "KPM6": null,
      "Pyro": 24.0,
      "KPM7": 2.4,
      "Spy": 0,
      "KPM8": null,
      "Eng": 0,
      "KPM9": null,
      "SG": 0,
      "KPM0": null
    },
    {
      "Name": "Tulkas#48",
      "Sco": 0,
      "KPM1": null,
      "Sold": 0,
      "KPM3": null,
      "Demo": 0,
      "KPM4": null,
      "Med": 0,
      "KPM5": null,
      "HwG": 0,
      "KPM6": null,
      "Pyro": 0,
      "KPM7": null,
      "Spy": 0,
      "KPM8": null,
      "Eng": 12.0,
      "KPM9": 1.2,
      "SG": 15.0,
      "KPM0": 1.5
    },
    {
      "Name": "elsharko.tf#279",
      "Sco": 0,
      "KPM1": null,
      "Sold": 0,
      "KPM3": null,
      "Demo": 0,
      "KPM4": null,
      "Med": 0,
      "KPM5": null,
      "HwG": 30.0,
      "KPM6": 3.0,
      "Pyro": 0,
      "KPM7": null,
      "Spy": 0,
      "KPM8": null,
      "Eng": 0,
      "KPM9": null,
      "SG": 0,
      "KPM0": null
    },
    {
      "Name": "grome#741",
      "Sco": 0,
      "KPM1": null,
      "Sold": 28.0,
      "KPM3": 2.8,
      "Demo": 0,
      "KPM4": null,
      "Med": 0,
      "KPM5": null,
      "HwG": 0,
      "KPM6": null,
      "Pyro": 0,
      "KPM7": null,
      "Spy": 0,
      "KPM8": null,
      "Eng": 0,
      "KPM9": null,
      "SG": 0,
      "KPM0": null
    },
    {
      "Name": "Predator#47",
      "Sco": 0,
      "KPM1": null,
      "Sold": 0,
      "KPM3": null,
      "Demo": 31.0,
      "KPM4": 3.1,
      "Med": 0,
      "KPM5": null,
      "HwG": 0,
      "KPM6": null,
      "Pyro": 0,
      "KPM7": null,
      "Spy": 0,
      "KPM8": null,
      "Eng": 0,
      "KPM9": null,
      "SG": 0,
      "KPM0": null
    },
    {
      "Name": "randomTecH-Z-#77",
      "Sco": 0,
      "KPM1": null,
      "Sold": 0,
      "KPM3": null,
      "Demo": 0,
      "KPM4": null,
      "Med": 0,
      "KPM5": null,
      "HwG": 0,
      "KPM6": null,
      "Pyro": 15.0,
      "KPM7": 1.5,
      "Spy": 0,
      "KPM8": null,
      "Eng": 0,
      "KPM9": null,
      "SG": 0,
      "KPM0": null
    },
    {
      "Name": "REV6thecarn#312",
      "Sco": 0,
      "KPM1": null,
      "Sold": 0,
      "KPM3": null,
      "Demo": 0,
      "KPM4": null,
      "Med": 0,
      "KPM5": null,
      "HwG": 0,
      "KPM6": null,
      "Pyro": 0,
      "KPM7": null,
      "Spy": 0,
      "KPM8": null,
      "Eng": 8.0,
      "KPM9": 0.8,
      "SG": 10.0,
      "KPM0": 1.0
    }
  ],
  "ClassTimeAttack": [
    {
      "Name": "[LSD]ViD#53",
      "Sco": 0,
      "Sold": 0,
      "Demo": 0,
      "Med": 0,
      "HwG": 0,
      "Pyro": 0,
      "Spy": 600,
      "Eng": 0
    },
    {
      "Name": "Carp#478",
      "Sco": 0,
      "Sold": 600,
      "Demo": 0,
      "Med": 0,
      "HwG": 0,
      "Pyro": 0,
      "Spy": 0,
      "Eng": 0
    },
    {
      "Name": "Kylarn#302",
      "Sco": 600,
      "Sold": 0,
      "Demo": 0,
      "Med": 0,
      "HwG": 0,
      "Pyro": 0,
      "Spy": 0,
      "Eng": 0
    },
    {
      "Name": "scottybugattiz#61",
      "Sco": 0,
      "Sold": 0,
      "Demo": 0,
      "Med": 600,
      "HwG": 0,
      "Pyro": 0,
      "Spy": 0,
      "Eng": 0
    },
    {
      "Name": "Tulkas#48",
      "Sco": 0,
      "Sold": 0,
      "Demo": 0,
      "Med": 0,
      "HwG": 0,
      "Pyro": 600,
      "Spy": 0,
      "Eng": 0
    },
    {
      "Name": "elsharko.tf#279",
      "Sco": 0,
      "Sold": 0,
      "Demo": 0,
      "Med": 0,
      "HwG": 0,
      "Pyro": 0,
      "Spy": 600,
      "Eng": 0
    },
    {
      "Name": "grome#741",
      "Sco": 0,
      "Sold": 0,
      "Demo": 0,
      "Med": 0,
      "HwG": 0,
      "Pyro": 600,
      "Spy": 0,
      "Eng": 0
    },
    {
      "Name": "Predator#47",
      "Sco": 600,
      "Sold": 0,
      "Demo": 0,
      "Med": 0,
      "HwG": 0,
      "Pyro": 0,
      "Spy": 0,
      "Eng": 0
    },
    {
      "Name": "randomTecH-Z-#77",
      "Sco": 0,
      "Sold": 0,
      "Demo": 0,
      "Med": 600,
      "HwG": 0,
      "Pyro": 0,
      "Spy": 0,
      "Eng": 0
    },
    {
      "Name": "REV6thecarn#312",
      "Sco": 0,
      "Sold": 600,
      "Demo": 0,
      "Med": 0,
      "HwG": 0,
      "Pyro": 0,
      "Spy": 0,
      "Eng": 0
    }
  ],
  "ClassTimeDefence": [
    {
      "Name": "[LSD]ViD#53",
      "Sco": 0,
      "Sold": 0,
      "Demo": 0,
      "Med": 0,
      "HwG": 600,
      "Pyro": 0,
      "Spy": 0,
      "Eng": 0
    },
    {
      "Name": "Carp#478",
      "Sco": 0,
      "Sold": 0,
      "Demo": 600,
      "Med": 0,
      "HwG": 0,
      "Pyro": 0,
      "Spy": 0,
      "Eng": 0
    },
    {
      "Name": "Kylarn#302",
      "Sco": 0,
      "Sold": 600,
      "Demo": 0,
      "Med": 0,
      "HwG": 0,
      "Pyro": 0,
      "Spy": 0,
      "Eng": 0
    },
    {
      "Name": "scottybugattiz#61",
      "Sco": 0,
      "Sold": 0,
      "Demo": 0,
      "Med": 0,
      "HwG": 0,
      "Pyro": 600,
      "Spy": 0,
      "Eng": 0
    },
    {
      "Name": "Tulkas#48",
      "Sco": 0,
      "Sold": 0,
      "Demo": 0,
      "Med": 0,
      "HwG": 0,
      "Pyro": 0,
      "Spy": 0,
      "Eng": 600
    },
    {
      "Name": "elsharko.tf#279",
      "Sco": 0,
      "Sold": 0,
      "Demo": 0,
      "Med": 0,
      "HwG": 600,
      "Pyro": 0,
      "Spy": 0,
      "Eng": 0
    },
    {
      "Name": "grome#741",
      "Sco": 0,
      "Sold": 600,
      "Demo": 0,
      "Med": 0,
      "HwG": 0,
      "Pyro": 0,
      "Spy": 0,
      "Eng": 0
    },
    {
      "Name": "Predator#47",
      "Sco": 0,
      "Sold": 0,
      "Demo": 600,
      "Med": 0,
      "HwG": 0,
      "Pyro": 0,
      "Spy": 0,
      "Eng": 0
    },
    {
      "Name": "randomTecH-Z-#77",
      "Sco": 0,
      "Sold": 0,
      "Demo": 0,
      "Med": 0,
      "HwG": 0,
      "Pyro": 600,
      "Spy": 0,
      "Eng": 0
    },
    {
      "Name": "REV6thecarn#312",
      "Sco": 0,
      "Sold": 0,
      "Demo": 0,
      "Med": 0,
      "HwG": 0,
      "Pyro": 0,
      "Spy": 0,
      "Eng": 600
    }
  ]
}
