{
  "Matches": [
    {
      "Server": "virginia/staging",
      "Match": "2023-03-31-02-32-27_[nbases_b1]",
      "Winner": "Team2",
      "Rating": "69 %",
      "Score1": 0,
      "Team1": "4lbone,4lededdneddyfan,4lexiled,4lgonadsandstrife",
      "Score2": 10,
      "Team2": "]rs[w1ggy,rsdriz,rsfantom,rspredator"
    }
  ],
  "SummaryAttack": [
    {
      "Name": "4lbone",
      "KPM": 0.32,
      "KD": 0.1,
      "Kills": 3,
      "Death": 30,
      "TKill": 1,
      "Dmg": 520.0,
      "DPM": 55.0,
      "FlagCap": 1,
      "FlagTake": 2.0,
      "FlagTime": "0:02",
      "FlagStop": 0,
      "Win": 0,
      "Draw": 0,
      "Loss": 1,
      "TimePlayed": "9:29",
      "Classes": "Spy  63 %|Sco  37 %"
    },
    {
      "Name": "4lededdneddyfan",
      "KPM": 1.5,
      "KD": 0.5,
      "Kills": 15,
      "Death": 30,
      "TKill": 0,
      "Dmg": 2683.0,
      "DPM": 268.0,
      "FlagCap": 1,
      "FlagTake": 3.0,
      "FlagTime": "0:03",
      "FlagStop": 0,
      "Win": 0,
      "Draw": 0,
      "Loss": 1,
      "TimePlayed": "10:00",
      "Classes": "Med  100 %"
    },
    {
      "Name": "4lexiled",
      "KPM": 1.6,
      "KD": 0.53,
      "Kills": 16,
      "Death": 30,
      "TKill": 0,
      "Dmg": 6056.0,
      "DPM": 606.0,
      "FlagCap": 1,
      "FlagTake": 1.0,
      "FlagTime": "0:02",
      "FlagStop": 0,
      "Win": 0,
      "Draw": 0,
      "Loss": 1,
      "TimePlayed": "10:00",
      "Classes": "Pyro 100 %"
    },
    {
      "Name": "4lgonadsandstrife",
      "KPM": 2.5,
      "KD": 1.04,
      "Kills": 25,
      "Death": 24,
      "TKill": 1,
      "Dmg": 5456.0,
      "DPM": 546.0,
      "FlagCap": 1,
      "FlagTake": 4.0,
      "FlagTime": "0:04",
      "FlagStop": 0,
      "Win": 0,
      "Draw": 0,
      "Loss": 1,
      "TimePlayed": "10:00",
      "Classes": "Sold 100 %"
    },
    {
      "Name": "]rs[w1ggy",
      "KPM": 1.91,
      "KD": 0.75,
      "Kills": 6,
      "Death": 8,
      "TKill": 1,
      "Dmg": 894.0,
      "DPM": 285.0,
      "FlagCap": 1.0,
      "FlagTake": 3.0,
      "FlagTime": "0:13",
      "FlagStop": 0,
      "Win": 1,
      "Draw": 0,
      "Loss": 0,
      "TimePlayed": "3:08",
      "Classes": "Spy  100 %"
    },
    {
      "Name": "rsdriz",
      "KPM": 2.55,
      "KD": 1.33,
      "Kills": 8,
      "Death": 6,
      "TKill": 1,
      "Dmg": 2160.0,
      "DPM": 689.0,
      "FlagCap": 1,
      "FlagTake": 1,
      "FlagTime": "0:01",
      "FlagStop": 0,
      "Win": 1,
      "Draw": 0,
      "Loss": 0,
      "TimePlayed": "3:08",
      "Classes": "Sold 100 %"
    },
    {
      "Name": "rsfantom",
      "KPM": 2.87,
      "KD": 1.12,
      "Kills": 9,
      "Death": 8,
      "TKill": 1,
      "Dmg": 1717.0,
      "DPM": 548.0,
      "FlagCap": 1,
      "FlagTake": 1.0,
      "FlagTime": "0:01",
      "FlagStop": 0,
      "Win": 1,
      "Draw": 0,
      "Loss": 0,
      "TimePlayed": "3:08",
      "Classes": "Pyro 100 %"
    },
    {
      "Name": "rspredator",
      "KPM": 0.96,
      "KD": 0.33,
      "Kills": 3,
      "Death": 9,
      "TKill": 0,
      "Dmg": 558.0,
      "DPM": 178.0,
      "FlagCap": 1,
      "FlagTake": 2.0,
      "FlagTime": "0:21",
      "FlagStop": 0,
      "Win": 1,
      "Draw": 0,
      "Loss": 0,
      "TimePlayed": "3:08",
      "Classes": "Med  62 %|Sco  38 %"
    }
  ],
  "SummaryDefence": [
    {
      "Name": "4lbone",
      "KPM": 0.96,
      "KD": 0.27,
      "Kills": 3,
      "Death": 11,
      "TKill": 1,
      "Dmg": 1045.0,
      "DPM": 334.0,
      "FlagCap": 0,
      "FlagTake": 0,
      "FlagTime": 0,
      "FlagStop": 1,
      "Win": 0,
      "Draw": 0,
      "Loss": 1,
      "TimePlayed": "3:08",
      "Classes": "Eng  100 %"
    },
    {
      "Name": "4lededdneddyfan",
      "KPM": 1.6,
      "KD": 1.67,
      "Kills": 5,
      "Death": 3,
      "TKill": 3,
      "Dmg": 1080.0,
      "DPM": 345.0,
      "FlagCap": 0,
      "FlagTake": 0,
      "FlagTime": 0,
      "FlagStop": 1,
      "Win": 0,
      "Draw": 0,
      "Loss": 1,
      "TimePlayed": "3:08",
      "Classes": "Demo 100 %"
    },
    {
      "Name": "4lexiled",
      "KPM": 3.19,
      "KD": 1.25,
      "Kills": 10,
      "Death": 8,
      "TKill": 0,
      "Dmg": 2029.0,
      "DPM": 648.0,
      "FlagCap": 0,
      "FlagTake": 0,
      "FlagTime": 0,
      "FlagStop": 1,
      "Win": 0,
      "Draw": 0,
      "Loss": 1,
      "TimePlayed": "3:08",
      "Classes": "Pyro 100 %"
    },
    {
      "Name": "4lgonadsandstrife",
      "KPM": 1.91,
      "KD": 0.67,
      "Kills": 6,
      "Death": 9,
      "TKill": 0,
      "Dmg": 2378.0,
      "DPM": 759.0,
      "FlagCap": 0,
      "FlagTake": 0,
      "FlagTime": 0,
      "FlagStop": 1,
      "Win": 0,
      "Draw": 0,
      "Loss": 1,
      "TimePlayed": "3:08",
      "Classes": "Sold 100 %"
    },
    {
      "Name": "]rs[w1ggy",
      "KPM": 3.3,
      "KD": 1.38,
      "Kills": 33,
      "Death": 24,
      "TKill": 3,
      "Dmg": 7330.0,
      "DPM": 733.0,
      "FlagCap": 0,
      "FlagTake": 0,
      "FlagTime": 0,
      "FlagStop": 2.0,
      "Win": 1,
      "Draw": 0,
      "Loss": 0,
      "TimePlayed": "10:00",
      "Classes": "Eng  100 %"
    },
    {
      "Name": "rsdriz",
      "KPM": 2.0,
      "KD": 0.87,
      "Kills": 20,
      "Death": 23,
      "TKill": 5,
      "Dmg": 5201.0,
      "DPM": 520.0,
      "FlagCap": 0,
      "FlagTake": 0,
      "FlagTime": 0,
      "FlagStop": 1,
      "Win": 1,
      "Draw": 0,
      "Loss": 0,
      "TimePlayed": "10:00",
      "Classes": "Sold 100 %"
    },
    {
      "Name": "rsfantom",
      "KPM": 2.8,
      "KD": 1.33,
      "Kills": 28,
      "Death": 21,
      "TKill": 4,
      "Dmg": 6422.0,
      "DPM": 642.0,
      "FlagCap": 0,
      "FlagTake": 0,
      "FlagTime": 0,
      "FlagStop": 1,
      "Win": 1,
      "Draw": 0,
      "Loss": 0,
      "TimePlayed": "10:00",
      "Classes": "HwG  100 %"
    },
    {
      "Name": "rspredator",
      "KPM": 2.5,
      "KD": 1.92,
      "Kills": 25,
      "Death": 13,
      "TKill": 6,
      "Dmg": 4888.0,
      "DPM": 489.0,
      "FlagCap": 0,
      "FlagTake": 0,
      "FlagTime": 0,
      "FlagStop": 1,
      "Win": 1,
      "Draw": 0,
      "Loss": 0,
      "TimePlayed": "10:00",
      "Classes": "Demo 100 %"
    }
  ],
  "ClassFragAttack": [
    {
      "Name": "4lbone",
      "Sco": 0,
      "KPM1": null,
      "Sold": 0,
      "KPM3": null,
      "Demo": 0,
      "KPM4": null,
      "Med": 0,
      "KPM5": null,
      "HwG": 0,
      "KPM6": null,
      "Pyro": 0,
      "KPM7": null,
      "Spy": 3.0,
      "KPM8": 0.51,
      "Eng": 0,
      "KPM9": null,
      "SG": 0,
      "KPM0": null
    },
    {
      "Name": "4lededdneddyfan",
      "Sco": 0,
      "KPM1": null,
      "Sold": 0,
      "KPM3": null,
      "Demo": 0,
      "KPM4": null,
      "Med": 15.0,
      "KPM5": 1.5,
      "HwG": 0,
      "KPM6": null,
      "Pyro": 0,
      "KPM7": null,
      "Spy": 0,
      "KPM8": null,
      "Eng": 0,
      "KPM9": null,
      "SG": 0,
      "KPM0": null
    },
    {
      "Name": "4lexiled",
      "Sco": 0,
      "KPM1": null,
      "Sold": 0,
      "KPM3": null,
      "Demo": 0,
      "KPM4": null,
      "Med": 0,
      "KPM5": null,
      "HwG": 0,
      "KPM6": null,
      "Pyro": 16.0,
      "KPM7": 1.6,
      "Spy": 0,
      "KPM8": null,
      "Eng": 0,
      "KPM9": null,
      "SG": 0,
      "KPM0": null
    },
    {
      "Name": "4lgonadsandstrife",
      "Sco": 0,
      "KPM1": null,
      "Sold": 25.0,
      "KPM3": 2.5,
      "Demo": 0,
      "KPM4": null,
      "Med": 0,
      "KPM5": null,
      "HwG": 0,
      "KPM6": null,
      "Pyro": 0,
      "KPM7": null,
      "Spy": 0,
      "KPM8": null,
      "Eng": 0,
      "KPM9": null,
      "SG": 0,
      "KPM0": null
    },
    {
      "Name": "]rs[w1ggy",
      "Sco": 0,
      "KPM1": null,
      "Sold": 0,
      "KPM3": null,
      "Demo": 0,
      "KPM4": null,
      "Med": 0,
      "KPM5": null,
      "HwG": 0,
      "KPM6": null,
      "Pyro": 0,
      "KPM7": null,
      "Spy": 6.0,
      "KPM8": 1.91,
      "Eng": 0,
      "KPM9": null,
      "SG": 0,
      "KPM0": null
    },
    {
      "Name": "rsdriz",
      "Sco": 0,
      "KPM1": null,
      "Sold": 8.0,
      "KPM3": 2.55,
      "Demo": 0,
      "KPM4": null,
      "Med": 0,
      "KPM5": null,
      "HwG": 0,
      "KPM6": null,
      "Pyro": 0,
      "KPM7": null,
      "Spy": 0,
      "KPM8": null,
      "Eng": 0,
      "KPM9": null,
      "SG": 0,
      "KPM0": null
    },
    {
      "Name": "rsfantom",
      "Sco": 0,
      "KPM1": null,
      "Sold": 0,
      "KPM3": null,
      "Demo": 0,
      "KPM4": null,
      "Med": 0,
      "KPM5": null,
      "HwG": 0,
      "KPM6": null,
      "Pyro": 9.0,
      "KPM7": 2.87,
      "Spy": 0,
      "KPM8": null,
      "Eng": 0,
      "KPM9": null,
      "SG": 0,
      "KPM0": null
    },
    {
      "Name": "rspredator",
      "Sco": 0,
      "KPM1": null,
      "Sold": 0,
      "KPM3": null,
      "Demo": 0,
      "KPM4": null,
      "Med": 3.0,
      "KPM5": 1.55,
      "HwG": 0,
      "KPM6": null,
      "Pyro": 0,
      "KPM7": null,
      "Spy": 0,
      "KPM8": null,
      "Eng": 0,
      "KPM9": null,
      "SG": 0,
      "KPM0": null
    }
  ],
  "ClassFragDefence": [
    {
      "Name": "4lbone",
      "Sco": 0,
      "KPM1": null,
      "Sold": 0,
      "KPM3": null,
      "Demo": 0,
      "KPM4": null,
      "Med": 0,
      "KPM5": null,
      "HwG": 0,
      "KPM6": null,
      "Pyro": 0,
      "KPM7": null,
      "Spy": 0,
      "KPM8": null,
      "Eng": 3.0,
      "KPM9": 0.96,
      "SG": 0,
      "KPM0": null
    },
    {
      "Name": "4lededdneddyfan",
      "Sco": 0,
      "KPM1": null,
      "Sold": 0,
      "KPM3": null,
      "Demo": 5.0,
      "KPM4": 1.6,
      "Med": 0,
      "KPM5": null,
      "HwG": 0,
      "KPM6": null,
      "Pyro": 0,
      "KPM7": null,
      "Spy": 0,
      "KPM8": null,
      "Eng": 0,
      "KPM9": null,
      "SG": 0,
      "KPM0": null
    },
    {
      "Name": "4lexiled",
      "Sco": 0,
      "KPM1": null,
      "Sold": 0,
      "KPM3": null,
      "Demo": 0,
      "KPM4": null,
      "Med": 0,
      "KPM5": null,
      "HwG": 0,
      "KPM6": null,
      "Pyro": 10.0,
      "KPM7": 3.19,
      "Spy": 0,
      "KPM8": null,
      "Eng": 0,
      "KPM9": null,
      "SG": 0,
      "KPM0": null
    },
    {
      "Name": "4lgonadsandstrife",
      "Sco": 0,
      "KPM1": null,
      "Sold": 6.0,
      "KPM3": 1.91,
      "Demo": 0,
      "KPM4": null,
      "Med": 0,
      "KPM5": null,
      "HwG": 0,
      "KPM6": null,
      "Pyro": 0,
      "KPM7": null,
      "Spy": 0,
      "KPM8": null,
      "Eng": 0,
      "KPM9": null,
      "SG": 0,
      "KPM0": null
    },
    {
      "Name": "]rs[w1ggy",
      "Sco": 0,
      "KPM1": null,
      "Sold": 0,
      "KPM3": null,
      "Demo": 0,
      "KPM4": null,
      "Med": 0,
      "KPM5": null,
      "HwG": 0,
      "KPM6": null,
      "Pyro": 0,
      "KPM7": null,
      "Spy": 0,
      "KPM8": null,
      "Eng": 29.0,
      "KPM9": 2.9,
      "SG": 4.0,
      "KPM0": 0.4
    },
    {
      "Name": "rsdriz",
      "Sco": 0,
      "KPM1": null,
      "Sold": 20.0,
      "KPM3": 2.0,
      "Demo": 0,
      "KPM4": null,
      "Med": 0,
      "KPM5": null,
      "HwG": 0,
      "KPM6": null,
      "Pyro": 0,
      "KPM7": null,
      "Spy": 0,
      "KPM8": null,
      "Eng": 0,
      "KPM9": null,
      "SG": 0,
      "KPM0": null
    },
    {
      "Name": "rsfantom",
      "Sco": 0,
      "KPM1": null,
      "Sold": 0,
      "KPM3": null,
      "Demo": 0,
      "KPM4": null,
      "Med": 0,
      "KPM5": null,
      "HwG": 28.0,
      "KPM6": 2.8,
      "Pyro": 0,
      "KPM7": null,
      "Spy": 0,
      "KPM8": null,
      "Eng": 0,
      "KPM9": null,
      "SG": 0,
      "KPM0": null
    },
    {
      "Name": "rspredator",
      "Sco": 0,
      "KPM1": null,
      "Sold": 0,
      "KPM3": null,
      "Demo": 25.0,
      "KPM4": 2.5,
      "Med": 0,
      "KPM5": null,
      "HwG": 0,
      "KPM6": null,
      "Pyro": 0,
      "KPM7": null,
      "Spy": 0,
      "KPM8": null,
      "Eng": 0,
      "KPM9": null,
      "SG": 0,
      "KPM0": null
    }
  ],
  "ClassTimeAttack": [
    {
      "Name": "4lbone",
      "Sco": 213,
      "Sold": 0,
      "Demo": 0,
      "Med": 0,
      "HwG": 0,
      "Pyro": 0,
      "Spy": 356,
      "Eng": 0
    },
    {
      "Name": "4lededdneddyfan",
      "Sco": 0,
      "Sold": 0,
      "Demo": 0,
      "Med": 600,
      "HwG": 0,
      "Pyro": 0,
      "Spy": 0,
      "Eng": 0
    },
    {
      "Name": "4lexiled",
      "Sco": 0,
      "Sold": 0,
      "Demo": 0,
      "Med": 0,
      "HwG": 0,
      "Pyro": 600,
      "Spy": 0,
      "Eng": 0
    },
    {
      "Name": "4lgonadsandstrife",
      "Sco": 0,
      "Sold": 600,
      "Demo": 0,
      "Med": 0,
      "HwG": 0,
      "Pyro": 0,
      "Spy": 0,
      "Eng": 0
    },
    {
      "Name": "]rs[w1ggy",
      "Sco": 0,
      "Sold": 0,
      "Demo": 0,
      "Med": 0,
      "HwG": 0,
      "Pyro": 0,
      "Spy": 188,
      "Eng": 0
    },
    {
      "Name": "rsdriz",
      "Sco": 0,
      "Sold": 188,
      "Demo": 0,
      "Med": 0,
      "HwG": 0,
      "Pyro": 0,
      "Spy": 0,
      "Eng": 0
    },
    {
      "Name": "rsfantom",
      "Sco": 0,
      "Sold": 0,
      "Demo": 0,
      "Med": 0,
      "HwG": 0,
      "Pyro": 188,
      "Spy": 0,
      "Eng": 0
    },
    {
      "Name": "rspredator",
      "Sco": 72,
      "Sold": 0,
      "Demo": 0,
      "Med": 116,
      "HwG": 0,
      "Pyro": 0,
      "Spy": 0,
      "Eng": 0
    }
  ],
  "ClassTimeDefence": [
    {
      "Name": "4lbone",
      "Sco": 0,
      "Sold": 0,
      "Demo": 0,
      "Med": 0,
      "HwG": 0,
      "Pyro": 0,
      "Spy": 0,
      "Eng": 188
    },
    {
      "Name": "4lededdneddyfan",
      "Sco": 0,
      "Sold": 0,
      "Demo": 188,
      "Med": 0,
      "HwG": 0,
      "Pyro": 0,
      "Spy": 0,
      "Eng": 0
    },
    {
      "Name": "4lexiled",
      "Sco": 0,
      "Sold": 0,
      "Demo": 0,
      "Med": 0,
      "HwG": 0,
      "Pyro": 188,
      "Spy": 0,
      "Eng": 0
    },
    {
      "Name": "4lgonadsandstrife",
      "Sco": 0,
      "Sold": 188,
      "Demo": 0,
      "Med": 0,
      "HwG": 0,
      "Pyro": 0,
      "Spy": 0,
      "Eng": 0
    },
    {
      "Name": "]rs[w1ggy",
      "Sco": 0,
      "Sold": 0,
      "Demo": 0,
      "Med": 0,
      "HwG": 0,
      "Pyro": 0,
      "Spy": 0,
      "Eng": 600
    },
    {
      "Name": "rsdriz",
      "Sco": 0,
      "Sold": 600,
      "Demo": 0,
      "Med": 0,
      "HwG": 0,
      "Pyro": 0,
      "Spy": 0,
      "Eng": 0
    },
    {
      "Name": "rsfantom",
      "Sco": 0,
      "Sold": 0,
      "Demo": 0,
      "Med": 0,
      "HwG": 600,
      "Pyro": 0,
      "Spy": 0,
      "Eng": 0
    },
    {
      "Name": "rspredator",
      "Sco": 0,
      "Sold": 0,
      "Demo": 600,
      "Med": 0,
      "HwG": 0,
      "Pyro": 0,
      "Spy": 0,
      "Eng": 0
    }
  ]
}
