﻿{
    "Matches":  [
                    {
                        "Server":  "virginia/staging/",
                        "Match":  "2023-12-05-22-02-24_[blitzkrieg2]",
                        "Winner":  "Draw",
                        "Rating":  "0%",
                        "Score1":  70,
                        "Team1":  "elsharko.tf#279,fantomar#191,fragged8#316,REV6thecarn#312,shock144#485",
                        "Score2":  70,
                        "Team2":  "grome#741,Kylarn#302,randomTecH-Z-#77,scottybugattiz#61,tightvnc#933"
                    }
                ],
    "SummaryAttack":  [
                          {
                              "Name":  "elsharko.tf#279",
                              "KPM":  1.3,
                              "KD":  0.57,
                              "Kills":  13,
                              "Death":  23,
                              "TKill":  1,
                              "Dmg":  3033,
                              "DPM":  303,
                              "SGKills":  4,
                              "SGDeath":  0,
                              "FlagCap":  3,
                              "FlagTake":  11,
                              "FlagTime":  "1:18",
                              "FlagStop":  0,
                              "Win":  0,
                              "Draw":  1,
                              "Loss":  0,
                              "TimePlayed":  "10:00",
                              "Classes":  "Med  100%"
                          },
                          {
                              "Name":  "fantomar#191",
                              "KPM":  2.3,
                              "KD":  0.79,
                              "Kills":  23,
                              "Death":  29,
                              "TKill":  2,
                              "Dmg":  5020,
                              "DPM":  502,
                              "SGKills":  1,
                              "SGDeath":  0,
                              "FlagCap":  2,
                              "FlagTake":  9,
                              "FlagTime":  "1:06",
                              "FlagStop":  0,
                              "Win":  0,
                              "Draw":  1,
                              "Loss":  0,
                              "TimePlayed":  "10:00",
                              "Classes":  "Pyro 100%"
                          },
                          {
                              "Name":  "fragged8#316",
                              "KPM":  0.2,
                              "KD":  0.07,
                              "Kills":  2,
                              "Death":  29,
                              "TKill":  1,
                              "Dmg":  387,
                              "DPM":  39,
                              "SGKills":  0,
                              "SGDeath":  0,
                              "FlagCap":  1,
                              "FlagTake":  6,
                              "FlagTime":  "0:31",
                              "FlagStop":  0,
                              "Win":  0,
                              "Draw":  1,
                              "Loss":  0,
                              "TimePlayed":  "10:00",
                              "Classes":  "Sco  100%"
                          },
                          {
                              "Name":  "REV6thecarn#312",
                              "KPM":  1.8,
                              "KD":  0.6,
                              "Kills":  18,
                              "Death":  30,
                              "TKill":  1,
                              "Dmg":  4008,
                              "DPM":  401,
                              "SGKills":  4,
                              "SGDeath":  0,
                              "FlagCap":  0,
                              "FlagTake":  4,
                              "FlagTime":  "0:12",
                              "FlagStop":  0,
                              "Win":  0,
                              "Draw":  1,
                              "Loss":  0,
                              "TimePlayed":  "10:00",
                              "Classes":  "Sold 100%"
                          },
                          {
                              "Name":  "shock144#485",
                              "KPM":  0.4,
                              "KD":  0.15,
                              "Kills":  4,
                              "Death":  27,
                              "TKill":  1,
                              "Dmg":  791,
                              "DPM":  79,
                              "SGKills":  0,
                              "SGDeath":  0,
                              "FlagCap":  1,
                              "FlagTake":  8,
                              "FlagTime":  "0:47",
                              "FlagStop":  0,
                              "Win":  0,
                              "Draw":  1,
                              "Loss":  0,
                              "TimePlayed":  "10:00",
                              "Classes":  "Spy  100%"
                          },
                          {
                              "Name":  "grome#741",
                              "KPM":  3.2,
                              "KD":  1.07,
                              "Kills":  32,
                              "Death":  30,
                              "TKill":  0,
                              "Dmg":  5942,
                              "DPM":  594,
                              "SGKills":  8,
                              "SGDeath":  0,
                              "FlagCap":  1,
                              "FlagTake":  9,
                              "FlagTime":  "0:34",
                              "FlagStop":  0,
                              "Win":  0,
                              "Draw":  1,
                              "Loss":  0,
                              "TimePlayed":  "10:00",
                              "Classes":  "Pyro 100%"
                          },
                          {
                              "Name":  "Kylarn#302",
                              "KPM":  0.5,
                              "KD":  0.21,
                              "Kills":  5,
                              "Death":  24,
                              "TKill":  2,
                              "Dmg":  1264,
                              "DPM":  126,
                              "SGKills":  1,
                              "SGDeath":  0,
                              "FlagCap":  2,
                              "FlagTake":  7,
                              "FlagTime":  "1:16",
                              "FlagStop":  0,
                              "Win":  0,
                              "Draw":  1,
                              "Loss":  0,
                              "TimePlayed":  "10:00",
                              "Classes":  "Spy  100%"
                          },
                          {
                              "Name":  "randomTecH-Z-#77",
                              "KPM":  1.2,
                              "KD":  0.6,
                              "Kills":  12,
                              "Death":  20,
                              "TKill":  3,
                              "Dmg":  2557,
                              "DPM":  256,
                              "SGKills":  0,
                              "SGDeath":  0,
                              "FlagCap":  2,
                              "FlagTake":  10,
                              "FlagTime":  "1:24",
                              "FlagStop":  0,
                              "Win":  0,
                              "Draw":  1,
                              "Loss":  0,
                              "TimePlayed":  "10:00",
                              "Classes":  "Med  100%"
                          },
                          {
                              "Name":  "scottybugattiz#61",
                              "KPM":  2.7,
                              "KD":  0.9,
                              "Kills":  27,
                              "Death":  30,
                              "TKill":  1,
                              "Dmg":  6330,
                              "DPM":  633,
                              "SGKills":  6,
                              "SGDeath":  0,
                              "FlagCap":  1,
                              "FlagTake":  2,
                              "FlagTime":  "0:26",
                              "FlagStop":  0,
                              "Win":  0,
                              "Draw":  1,
                              "Loss":  0,
                              "TimePlayed":  "10:00",
                              "Classes":  "Sold 100%"
                          },
                          {
                              "Name":  "tightvnc#933",
                              "KPM":  0.3,
                              "KD":  0.1,
                              "Kills":  3,
                              "Death":  31,
                              "TKill":  1,
                              "Dmg":  487,
                              "DPM":  49,
                              "SGKills":  0,
                              "SGDeath":  0,
                              "FlagCap":  1,
                              "FlagTake":  4,
                              "FlagTime":  "0:39",
                              "FlagStop":  0,
                              "Win":  0,
                              "Draw":  1,
                              "Loss":  0,
                              "TimePlayed":  "10:00",
                              "Classes":  "Sco  100%"
                          }
                      ],
    "SummaryDefence":  [
                           {
                               "Name":  "elsharko.tf#279",
                               "KPM":  3.1,
                               "KD":  1.63,
                               "Kills":  31,
                               "Death":  19,
                               "TKill":  10,
                               "Dmg":  5216,
                               "DPM":  522,
                               "SGKills":  0,
                               "SGDeath":  0,
                               "FlagCap":  0,
                               "FlagTake":  0,
                               "FlagTime":  0,
                               "FlagStop":  6,
                               "Win":  0,
                               "Draw":  1,
                               "Loss":  0,
                               "TimePlayed":  "10:00",
                               "Classes":  "HwG  100%"
                           },
                           {
                               "Name":  "fantomar#191",
                               "KPM":  2.1,
                               "KD":  1,
                               "Kills":  21,
                               "Death":  21,
                               "TKill":  7,
                               "Dmg":  3783,
                               "DPM":  378,
                               "SGKills":  0,
                               "SGDeath":  0,
                               "FlagCap":  0,
                               "FlagTake":  0,
                               "FlagTime":  0,
                               "FlagStop":  5,
                               "Win":  0,
                               "Draw":  1,
                               "Loss":  0,
                               "TimePlayed":  "10:00",
                               "Classes":  "Demo 100%"
                           },
                           {
                               "Name":  "fragged8#316",
                               "KPM":  1.6,
                               "KD":  0.62,
                               "Kills":  16,
                               "Death":  26,
                               "TKill":  1,
                               "Dmg":  2970,
                               "DPM":  297,
                               "SGKills":  0,
                               "SGDeath":  15,
                               "FlagCap":  0,
                               "FlagTake":  0,
                               "FlagTime":  0,
                               "FlagStop":  0,
                               "Win":  0,
                               "Draw":  1,
                               "Loss":  0,
                               "TimePlayed":  "10:00",
                               "Classes":  "Eng  100%"
                           },
                           {
                               "Name":  "REV6thecarn#312",
                               "KPM":  1.9,
                               "KD":  0.95,
                               "Kills":  19,
                               "Death":  20,
                               "TKill":  3,
                               "Dmg":  3357,
                               "DPM":  336,
                               "SGKills":  0,
                               "SGDeath":  0,
                               "FlagCap":  0,
                               "FlagTake":  0,
                               "FlagTime":  0,
                               "FlagStop":  2,
                               "Win":  0,
                               "Draw":  1,
                               "Loss":  0,
                               "TimePlayed":  "10:00",
                               "Classes":  "Sold 100%"
                           },
                           {
                               "Name":  "shock144#485",
                               "KPM":  3,
                               "KD":  1.25,
                               "Kills":  30,
                               "Death":  24,
                               "TKill":  0,
                               "Dmg":  6679,
                               "DPM":  668,
                               "SGKills":  0,
                               "SGDeath":  0,
                               "FlagCap":  0,
                               "FlagTake":  0,
                               "FlagTime":  0,
                               "FlagStop":  3,
                               "Win":  0,
                               "Draw":  1,
                               "Loss":  0,
                               "TimePlayed":  "10:00",
                               "Classes":  "Pyro 100%"
                           },
                           {
                               "Name":  "grome#741",
                               "KPM":  2,
                               "KD":  1.67,
                               "Kills":  20,
                               "Death":  12,
                               "TKill":  5,
                               "Dmg":  4474,
                               "DPM":  447,
                               "SGKills":  0,
                               "SGDeath":  9,
                               "FlagCap":  0,
                               "FlagTake":  0,
                               "FlagTime":  0,
                               "FlagStop":  2,
                               "Win":  0,
                               "Draw":  1,
                               "Loss":  0,
                               "TimePlayed":  "10:00",
                               "Classes":  "Eng  100%"
                           },
                           {
                               "Name":  "Kylarn#302",
                               "KPM":  2.8,
                               "KD":  1.47,
                               "Kills":  28,
                               "Death":  19,
                               "TKill":  1,
                               "Dmg":  3975,
                               "DPM":  398,
                               "SGKills":  0,
                               "SGDeath":  0,
                               "FlagCap":  0,
                               "FlagTake":  0,
                               "FlagTime":  0,
                               "FlagStop":  1,
                               "Win":  0,
                               "Draw":  1,
                               "Loss":  0,
                               "TimePlayed":  "10:00",
                               "Classes":  "Sold 100%"
                           },
                           {
                               "Name":  "randomTecH-Z-#77",
                               "KPM":  3.1,
                               "KD":  1.03,
                               "Kills":  31,
                               "Death":  30,
                               "TKill":  6,
                               "Dmg":  6821,
                               "DPM":  682,
                               "SGKills":  0,
                               "SGDeath":  0,
                               "FlagCap":  0,
                               "FlagTake":  0,
                               "FlagTime":  0,
                               "FlagStop":  6,
                               "Win":  0,
                               "Draw":  1,
                               "Loss":  0,
                               "TimePlayed":  "10:00",
                               "Classes":  "Pyro 100%"
                           },
                           {
                               "Name":  "scottybugattiz#61",
                               "KPM":  3.3,
                               "KD":  1.43,
                               "Kills":  33,
                               "Death":  23,
                               "TKill":  8,
                               "Dmg":  6102,
                               "DPM":  610,
                               "SGKills":  0,
                               "SGDeath":  0,
                               "FlagCap":  0,
                               "FlagTake":  0,
                               "FlagTime":  0,
                               "FlagStop":  8,
                               "Win":  0,
                               "Draw":  1,
                               "Loss":  0,
                               "TimePlayed":  "10:00",
                               "Classes":  "Demo 100%"
                           },
                           {
                               "Name":  "tightvnc#933",
                               "KPM":  0.6,
                               "KD":  0.4,
                               "Kills":  6,
                               "Death":  15,
                               "TKill":  1,
                               "Dmg":  1457,
                               "DPM":  146,
                               "SGKills":  0,
                               "SGDeath":  0,
                               "FlagCap":  0,
                               "FlagTake":  0,
                               "FlagTime":  0,
                               "FlagStop":  0,
                               "Win":  0,
                               "Draw":  1,
                               "Loss":  0,
                               "TimePlayed":  "10:00",
                               "Classes":  "HwG  100%"
                           }
                       ],
    "ClassFragAttack":  [
                            {
                                "Name":  "elsharko.tf#279",
                                "Sco":  0,
                                "KPM1":  null,
                                "Sold":  0,
                                "KPM3":  null,
                                "Demo":  0,
                                "KPM4":  null,
                                "Med":  13,
                                "KPM5":  1.3,
                                "HwG":  0,
                                "KPM6":  null,
                                "Pyro":  0,
                                "KPM7":  null,
                                "Spy":  0,
                                "KPM8":  null,
                                "Eng":  0,
                                "KPM9":  null,
                                "SG":  0,
                                "KPM0":  null
                            },
                            {
                                "Name":  "fantomar#191",
                                "Sco":  0,
                                "KPM1":  null,
                                "Sold":  0,
                                "KPM3":  null,
                                "Demo":  0,
                                "KPM4":  null,
                                "Med":  0,
                                "KPM5":  null,
                                "HwG":  0,
                                "KPM6":  null,
                                "Pyro":  23,
                                "KPM7":  2.3,
                                "Spy":  0,
                                "KPM8":  null,
                                "Eng":  0,
                                "KPM9":  null,
                                "SG":  0,
                                "KPM0":  null
                            },
                            {
                                "Name":  "fragged8#316",
                                "Sco":  2,
                                "KPM1":  0.2,
                                "Sold":  0,
                                "KPM3":  null,
                                "Demo":  0,
                                "KPM4":  null,
                                "Med":  0,
                                "KPM5":  null,
                                "HwG":  0,
                                "KPM6":  null,
                                "Pyro":  0,
                                "KPM7":  null,
                                "Spy":  0,
                                "KPM8":  null,
                                "Eng":  0,
                                "KPM9":  null,
                                "SG":  0,
                                "KPM0":  null
                            },
                            {
                                "Name":  "REV6thecarn#312",
                                "Sco":  0,
                                "KPM1":  null,
                                "Sold":  18,
                                "KPM3":  1.8,
                                "Demo":  0,
                                "KPM4":  null,
                                "Med":  0,
                                "KPM5":  null,
                                "HwG":  0,
                                "KPM6":  null,
                                "Pyro":  0,
                                "KPM7":  null,
                                "Spy":  0,
                                "KPM8":  null,
                                "Eng":  0,
                                "KPM9":  null,
                                "SG":  0,
                                "KPM0":  null
                            },
                            {
                                "Name":  "shock144#485",
                                "Sco":  0,
                                "KPM1":  null,
                                "Sold":  0,
                                "KPM3":  null,
                                "Demo":  0,
                                "KPM4":  null,
                                "Med":  0,
                                "KPM5":  null,
                                "HwG":  0,
                                "KPM6":  null,
                                "Pyro":  0,
                                "KPM7":  null,
                                "Spy":  4,
                                "KPM8":  0.4,
                                "Eng":  0,
                                "KPM9":  null,
                                "SG":  0,
                                "KPM0":  null
                            },
                            {
                                "Name":  "grome#741",
                                "Sco":  0,
                                "KPM1":  null,
                                "Sold":  0,
                                "KPM3":  null,
                                "Demo":  0,
                                "KPM4":  null,
                                "Med":  0,
                                "KPM5":  null,
                                "HwG":  0,
                                "KPM6":  null,
                                "Pyro":  32,
                                "KPM7":  3.2,
                                "Spy":  0,
                                "KPM8":  null,
                                "Eng":  0,
                                "KPM9":  null,
                                "SG":  0,
                                "KPM0":  null
                            },
                            {
                                "Name":  "Kylarn#302",
                                "Sco":  0,
                                "KPM1":  null,
                                "Sold":  0,
                                "KPM3":  null,
                                "Demo":  0,
                                "KPM4":  null,
                                "Med":  0,
                                "KPM5":  null,
                                "HwG":  0,
                                "KPM6":  null,
                                "Pyro":  0,
                                "KPM7":  null,
                                "Spy":  5,
                                "KPM8":  0.5,
                                "Eng":  0,
                                "KPM9":  null,
                                "SG":  0,
                                "KPM0":  null
                            },
                            {
                                "Name":  "randomTecH-Z-#77",
                                "Sco":  0,
                                "KPM1":  null,
                                "Sold":  0,
                                "KPM3":  null,
                                "Demo":  0,
                                "KPM4":  null,
                                "Med":  12,
                                "KPM5":  1.2,
                                "HwG":  0,
                                "KPM6":  null,
                                "Pyro":  0,
                                "KPM7":  null,
                                "Spy":  0,
                                "KPM8":  null,
                                "Eng":  0,
                                "KPM9":  null,
                                "SG":  0,
                                "KPM0":  null
                            },
                            {
                                "Name":  "scottybugattiz#61",
                                "Sco":  0,
                                "KPM1":  null,
                                "Sold":  27,
                                "KPM3":  2.7,
                                "Demo":  0,
                                "KPM4":  null,
                                "Med":  0,
                                "KPM5":  null,
                                "HwG":  0,
                                "KPM6":  null,
                                "Pyro":  0,
                                "KPM7":  null,
                                "Spy":  0,
                                "KPM8":  null,
                                "Eng":  0,
                                "KPM9":  null,
                                "SG":  0,
                                "KPM0":  null
                            },
                            {
                                "Name":  "tightvnc#933",
                                "Sco":  3,
                                "KPM1":  0.3,
                                "Sold":  0,
                                "KPM3":  null,
                                "Demo":  0,
                                "KPM4":  null,
                                "Med":  0,
                                "KPM5":  null,
                                "HwG":  0,
                                "KPM6":  null,
                                "Pyro":  0,
                                "KPM7":  null,
                                "Spy":  0,
                                "KPM8":  null,
                                "Eng":  0,
                                "KPM9":  null,
                                "SG":  0,
                                "KPM0":  null
                            }
                        ],
    "ClassFragDefence":  [
                             {
                                 "Name":  "elsharko.tf#279",
                                 "Sco":  0,
                                 "KPM1":  null,
                                 "Sold":  0,
                                 "KPM3":  null,
                                 "Demo":  0,
                                 "KPM4":  null,
                                 "Med":  0,
                                 "KPM5":  null,
                                 "HwG":  31,
                                 "KPM6":  3.1,
                                 "Pyro":  0,
                                 "KPM7":  null,
                                 "Spy":  0,
                                 "KPM8":  null,
                                 "Eng":  0,
                                 "KPM9":  null,
                                 "SG":  0,
                                 "KPM0":  null
                             },
                             {
                                 "Name":  "fantomar#191",
                                 "Sco":  0,
                                 "KPM1":  null,
                                 "Sold":  0,
                                 "KPM3":  null,
                                 "Demo":  21,
                                 "KPM4":  2.1,
                                 "Med":  0,
                                 "KPM5":  null,
                                 "HwG":  0,
                                 "KPM6":  null,
                                 "Pyro":  0,
                                 "KPM7":  null,
                                 "Spy":  0,
                                 "KPM8":  null,
                                 "Eng":  0,
                                 "KPM9":  null,
                                 "SG":  0,
                                 "KPM0":  null
                             },
                             {
                                 "Name":  "fragged8#316",
                                 "Sco":  0,
                                 "KPM1":  null,
                                 "Sold":  0,
                                 "KPM3":  null,
                                 "Demo":  0,
                                 "KPM4":  null,
                                 "Med":  0,
                                 "KPM5":  null,
                                 "HwG":  0,
                                 "KPM6":  null,
                                 "Pyro":  0,
                                 "KPM7":  null,
                                 "Spy":  0,
                                 "KPM8":  null,
                                 "Eng":  4,
                                 "KPM9":  0.4,
                                 "SG":  12,
                                 "KPM0":  1.2
                             },
                             {
                                 "Name":  "REV6thecarn#312",
                                 "Sco":  0,
                                 "KPM1":  null,
                                 "Sold":  19,
                                 "KPM3":  1.9,
                                 "Demo":  0,
                                 "KPM4":  null,
                                 "Med":  0,
                                 "KPM5":  null,
                                 "HwG":  0,
                                 "KPM6":  null,
                                 "Pyro":  0,
                                 "KPM7":  null,
                                 "Spy":  0,
                                 "KPM8":  null,
                                 "Eng":  0,
                                 "KPM9":  null,
                                 "SG":  0,
                                 "KPM0":  null
                             },
                             {
                                 "Name":  "shock144#485",
                                 "Sco":  0,
                                 "KPM1":  null,
                                 "Sold":  0,
                                 "KPM3":  null,
                                 "Demo":  0,
                                 "KPM4":  null,
                                 "Med":  0,
                                 "KPM5":  null,
                                 "HwG":  0,
                                 "KPM6":  null,
                                 "Pyro":  30,
                                 "KPM7":  3,
                                 "Spy":  0,
                                 "KPM8":  null,
                                 "Eng":  0,
                                 "KPM9":  null,
                                 "SG":  0,
                                 "KPM0":  null
                             },
                             {
                                 "Name":  "grome#741",
                                 "Sco":  0,
                                 "KPM1":  null,
                                 "Sold":  0,
                                 "KPM3":  null,
                                 "Demo":  0,
                                 "KPM4":  null,
                                 "Med":  0,
                                 "KPM5":  null,
                                 "HwG":  0,
                                 "KPM6":  null,
                                 "Pyro":  0,
                                 "KPM7":  null,
                                 "Spy":  0,
                                 "KPM8":  null,
                                 "Eng":  11,
                                 "KPM9":  1.1,
                                 "SG":  9,
                                 "KPM0":  0.9
                             },
                             {
                                 "Name":  "Kylarn#302",
                                 "Sco":  0,
                                 "KPM1":  null,
                                 "Sold":  28,
                                 "KPM3":  2.8,
                                 "Demo":  0,
                                 "KPM4":  null,
                                 "Med":  0,
                                 "KPM5":  null,
                                 "HwG":  0,
                                 "KPM6":  null,
                                 "Pyro":  0,
                                 "KPM7":  null,
                                 "Spy":  0,
                                 "KPM8":  null,
                                 "Eng":  0,
                                 "KPM9":  null,
                                 "SG":  0,
                                 "KPM0":  null
                             },
                             {
                                 "Name":  "randomTecH-Z-#77",
                                 "Sco":  0,
                                 "KPM1":  null,
                                 "Sold":  0,
                                 "KPM3":  null,
                                 "Demo":  0,
                                 "KPM4":  null,
                                 "Med":  0,
                                 "KPM5":  null,
                                 "HwG":  0,
                                 "KPM6":  null,
                                 "Pyro":  31,
                                 "KPM7":  3.1,
                                 "Spy":  0,
                                 "KPM8":  null,
                                 "Eng":  0,
                                 "KPM9":  null,
                                 "SG":  0,
                                 "KPM0":  null
                             },
                             {
                                 "Name":  "scottybugattiz#61",
                                 "Sco":  0,
                                 "KPM1":  null,
                                 "Sold":  0,
                                 "KPM3":  null,
                                 "Demo":  33,
                                 "KPM4":  3.3,
                                 "Med":  0,
                                 "KPM5":  null,
                                 "HwG":  0,
                                 "KPM6":  null,
                                 "Pyro":  0,
                                 "KPM7":  null,
                                 "Spy":  0,
                                 "KPM8":  null,
                                 "Eng":  0,
                                 "KPM9":  null,
                                 "SG":  0,
                                 "KPM0":  null
                             },
                             {
                                 "Name":  "tightvnc#933",
                                 "Sco":  0,
                                 "KPM1":  null,
                                 "Sold":  0,
                                 "KPM3":  null,
                                 "Demo":  0,
                                 "KPM4":  null,
                                 "Med":  0,
                                 "KPM5":  null,
                                 "HwG":  6,
                                 "KPM6":  0.6,
                                 "Pyro":  0,
                                 "KPM7":  null,
                                 "Spy":  0,
                                 "KPM8":  null,
                                 "Eng":  0,
                                 "KPM9":  null,
                                 "SG":  0,
                                 "KPM0":  null
                             }
                         ],
    "ClassTimeAttack":  [
                            {
                                "Name":  "elsharko.tf#279",
                                "Sco":  0,
                                "Sold":  0,
                                "Demo":  0,
                                "Med":  600,
                                "HwG":  0,
                                "Pyro":  0,
                                "Spy":  0,
                                "Eng":  0
                            },
                            {
                                "Name":  "fantomar#191",
                                "Sco":  0,
                                "Sold":  0,
                                "Demo":  0,
                                "Med":  0,
                                "HwG":  0,
                                "Pyro":  600,
                                "Spy":  0,
                                "Eng":  0
                            },
                            {
                                "Name":  "fragged8#316",
                                "Sco":  600,
                                "Sold":  0,
                                "Demo":  0,
                                "Med":  0,
                                "HwG":  0,
                                "Pyro":  0,
                                "Spy":  0,
                                "Eng":  0
                            },
                            {
                                "Name":  "REV6thecarn#312",
                                "Sco":  0,
                                "Sold":  600,
                                "Demo":  0,
                                "Med":  0,
                                "HwG":  0,
                                "Pyro":  0,
                                "Spy":  0,
                                "Eng":  0
                            },
                            {
                                "Name":  "shock144#485",
                                "Sco":  0,
                                "Sold":  0,
                                "Demo":  0,
                                "Med":  0,
                                "HwG":  0,
                                "Pyro":  0,
                                "Spy":  600,
                                "Eng":  0
                            },
                            {
                                "Name":  "grome#741",
                                "Sco":  0,
                                "Sold":  0,
                                "Demo":  0,
                                "Med":  0,
                                "HwG":  0,
                                "Pyro":  600,
                                "Spy":  0,
                                "Eng":  0
                            },
                            {
                                "Name":  "Kylarn#302",
                                "Sco":  0,
                                "Sold":  0,
                                "Demo":  0,
                                "Med":  0,
                                "HwG":  0,
                                "Pyro":  0,
                                "Spy":  600,
                                "Eng":  0
                            },
                            {
                                "Name":  "randomTecH-Z-#77",
                                "Sco":  0,
                                "Sold":  0,
                                "Demo":  0,
                                "Med":  600,
                                "HwG":  0,
                                "Pyro":  0,
                                "Spy":  0,
                                "Eng":  0
                            },
                            {
                                "Name":  "scottybugattiz#61",
                                "Sco":  0,
                                "Sold":  600,
                                "Demo":  0,
                                "Med":  0,
                                "HwG":  0,
                                "Pyro":  0,
                                "Spy":  0,
                                "Eng":  0
                            },
                            {
                                "Name":  "tightvnc#933",
                                "Sco":  600,
                                "Sold":  0,
                                "Demo":  0,
                                "Med":  0,
                                "HwG":  0,
                                "Pyro":  0,
                                "Spy":  0,
                                "Eng":  0
                            }
                        ],
    "ClassTimeDefence":  [
                             {
                                 "Name":  "elsharko.tf#279",
                                 "Sco":  0,
                                 "Sold":  0,
                                 "Demo":  0,
                                 "Med":  0,
                                 "HwG":  600,
                                 "Pyro":  0,
                                 "Spy":  0,
                                 "Eng":  0
                             },
                             {
                                 "Name":  "fantomar#191",
                                 "Sco":  0,
                                 "Sold":  0,
                                 "Demo":  600,
                                 "Med":  0,
                                 "HwG":  0,
                                 "Pyro":  0,
                                 "Spy":  0,
                                 "Eng":  0
                             },
                             {
                                 "Name":  "fragged8#316",
                                 "Sco":  0,
                                 "Sold":  0,
                                 "Demo":  0,
                                 "Med":  0,
                                 "HwG":  0,
                                 "Pyro":  0,
                                 "Spy":  0,
                                 "Eng":  600
                             },
                             {
                                 "Name":  "REV6thecarn#312",
                                 "Sco":  0,
                                 "Sold":  600,
                                 "Demo":  0,
                                 "Med":  0,
                                 "HwG":  0,
                                 "Pyro":  0,
                                 "Spy":  0,
                                 "Eng":  0
                             },
                             {
                                 "Name":  "shock144#485",
                                 "Sco":  0,
                                 "Sold":  0,
                                 "Demo":  0,
                                 "Med":  0,
                                 "HwG":  0,
                                 "Pyro":  600,
                                 "Spy":  0,
                                 "Eng":  0
                             },
                             {
                                 "Name":  "grome#741",
                                 "Sco":  0,
                                 "Sold":  0,
                                 "Demo":  0,
                                 "Med":  0,
                                 "HwG":  0,
                                 "Pyro":  0,
                                 "Spy":  0,
                                 "Eng":  600
                             },
                             {
                                 "Name":  "Kylarn#302",
                                 "Sco":  0,
                                 "Sold":  600,
                                 "Demo":  0,
                                 "Med":  0,
                                 "HwG":  0,
                                 "Pyro":  0,
                                 "Spy":  0,
                                 "Eng":  0
                             },
                             {
                                 "Name":  "randomTecH-Z-#77",
                                 "Sco":  0,
                                 "Sold":  0,
                                 "Demo":  0,
                                 "Med":  0,
                                 "HwG":  0,
                                 "Pyro":  600,
                                 "Spy":  0,
                                 "Eng":  0
                             },
                             {
                                 "Name":  "scottybugattiz#61",
                                 "Sco":  0,
                                 "Sold":  0,
                                 "Demo":  600,
                                 "Med":  0,
                                 "HwG":  0,
                                 "Pyro":  0,
                                 "Spy":  0,
                                 "Eng":  0
                             },
                             {
                                 "Name":  "tightvnc#933",
                                 "Sco":  0,
                                 "Sold":  0,
                                 "Demo":  0,
                                 "Med":  0,
                                 "HwG":  600,
                                 "Pyro":  0,
                                 "Spy":  0,
                                 "Eng":  0
                             }
                         ]
}
