﻿{
    "Matches":  [
                    {
                        "Server":  "virginia/staging/",
                        "Match":  "2023-09-21-08-33-26_[5speed5]",
                        "Winner":  "Team1",
                        "Rating":  "90%",
                        "Score1":  90,
                        "Team1":  "elsharko.tf#279,haunterpt#337",
                        "Score2":  10,
                        "Team2":  "Kylarn#302,newby#281"
                    }
                ],
    "SummaryAttack":  [
                          {
                              "Name":  "elsharko.tf#279",
                              "KPM":  1.2,
                              "KD":  0.41,
                              "Kills":  12,
                              "Death":  29,
                              "TKill":  3,
                              "Dmg":  4391,
                              "DPM":  439,
                              "SGKills":  0,
                              "SGDeath":  0,
                              "FlagCap":  5,
                              "FlagTake":  18,
                              "FlagTime":  "1:48",
                              "FlagStop":  0,
                              "Win":  1,
                              "Draw":  0,
                              "Loss":  0,
                              "TimePlayed":  "10:00",
                              "Classes":  "Pyro 83%|Med  17%"
                          },
                          {
                              "Name":  "haunterpt#337",
                              "KPM":  0.9,
                              "KD":  0.3,
                              "Kills":  9,
                              "Death":  30,
                              "TKill":  0,
                              "Dmg":  2653,
                              "DPM":  265,
                              "SGKills":  0,
                              "SGDeath":  0,
                              "FlagCap":  4,
                              "FlagTake":  20,
                              "FlagTime":  "1:59",
                              "FlagStop":  0,
                              "Win":  1,
                              "Draw":  0,
                              "Loss":  0,
                              "TimePlayed":  "10:00",
                              "Classes":  "Med  69%|Sold 31%"
                          },
                          {
                              "Name":  "Kylarn#302",
                              "KPM":  0.7,
                              "KD":  0.19,
                              "Kills":  7,
                              "Death":  37,
                              "TKill":  1,
                              "Dmg":  2453,
                              "DPM":  245,
                              "SGKills":  0,
                              "SGDeath":  0,
                              "FlagCap":  1,
                              "FlagTake":  14,
                              "FlagTime":  "0:31",
                              "FlagStop":  0,
                              "Win":  0,
                              "Draw":  0,
                              "Loss":  1,
                              "TimePlayed":  "10:00",
                              "Classes":  "Med  100%"
                          },
                          {
                              "Name":  "newby#281",
                              "KPM":  0.5,
                              "KD":  0.12,
                              "Kills":  5,
                              "Death":  41,
                              "TKill":  0,
                              "Dmg":  2510,
                              "DPM":  251,
                              "SGKills":  0,
                              "SGDeath":  0,
                              "FlagCap":  0,
                              "FlagTake":  12,
                              "FlagTime":  "0:08",
                              "FlagStop":  0,
                              "Win":  0,
                              "Draw":  0,
                              "Loss":  1,
                              "TimePlayed":  "10:00",
                              "Classes":  "Sold 100%"
                          }
                      ],
    "SummaryDefence":  [
                           {
                               "Name":  "elsharko.tf#279",
                               "KPM":  2.6,
                               "KD":  1.08,
                               "Kills":  26,
                               "Death":  24,
                               "TKill":  1,
                               "Dmg":  6995,
                               "DPM":  700,
                               "SGKills":  0,
                               "SGDeath":  0,
                               "FlagCap":  0,
                               "FlagTake":  0,
                               "FlagTime":  0,
                               "FlagStop":  3,
                               "Win":  1,
                               "Draw":  0,
                               "Loss":  0,
                               "TimePlayed":  "10:00",
                               "Classes":  "Pyro 100%"
                           },
                           {
                               "Name":  "haunterpt#337",
                               "KPM":  4.3,
                               "KD":  3.07,
                               "Kills":  43,
                               "Death":  14,
                               "TKill":  8,
                               "Dmg":  8842,
                               "DPM":  884,
                               "SGKills":  0,
                               "SGDeath":  0,
                               "FlagCap":  0,
                               "FlagTake":  0,
                               "FlagTime":  0,
                               "FlagStop":  11,
                               "Win":  1,
                               "Draw":  0,
                               "Loss":  0,
                               "TimePlayed":  "10:00",
                               "Classes":  "Demo 100%"
                           },
                           {
                               "Name":  "Kylarn#302",
                               "KPM":  2.3,
                               "KD":  1.1,
                               "Kills":  23,
                               "Death":  21,
                               "TKill":  4,
                               "Dmg":  5644,
                               "DPM":  564,
                               "SGKills":  0,
                               "SGDeath":  0,
                               "FlagCap":  0,
                               "FlagTake":  0,
                               "FlagTime":  0,
                               "FlagStop":  4,
                               "Win":  0,
                               "Draw":  0,
                               "Loss":  1,
                               "TimePlayed":  "10:00",
                               "Classes":  "Pyro 100%"
                           },
                           {
                               "Name":  "newby#281",
                               "KPM":  2.6,
                               "KD":  1.04,
                               "Kills":  26,
                               "Death":  25,
                               "TKill":  4,
                               "Dmg":  7124,
                               "DPM":  712,
                               "SGKills":  0,
                               "SGDeath":  0,
                               "FlagCap":  0,
                               "FlagTake":  0,
                               "FlagTime":  0,
                               "FlagStop":  9,
                               "Win":  0,
                               "Draw":  0,
                               "Loss":  1,
                               "TimePlayed":  "10:00",
                               "Classes":  "Demo 100%"
                           }
                       ],
    "ClassFragAttack":  [
                            {
                                "Name":  "elsharko.tf#279",
                                "Sco":  0,
                                "KPM1":  null,
                                "Sold":  0,
                                "KPM3":  null,
                                "Demo":  0,
                                "KPM4":  null,
                                "Med":  2,
                                "KPM5":  1.15,
                                "HwG":  0,
                                "KPM6":  null,
                                "Pyro":  10,
                                "KPM7":  1.21,
                                "Spy":  0,
                                "KPM8":  null,
                                "Eng":  0,
                                "KPM9":  null,
                                "SG":  0,
                                "KPM0":  null
                            },
                            {
                                "Name":  "haunterpt#337",
                                "Sco":  0,
                                "KPM1":  null,
                                "Sold":  4,
                                "KPM3":  1.28,
                                "Demo":  0,
                                "KPM4":  null,
                                "Med":  5,
                                "KPM5":  0.73,
                                "HwG":  0,
                                "KPM6":  null,
                                "Pyro":  0,
                                "KPM7":  null,
                                "Spy":  0,
                                "KPM8":  null,
                                "Eng":  0,
                                "KPM9":  null,
                                "SG":  0,
                                "KPM0":  null
                            },
                            {
                                "Name":  "Kylarn#302",
                                "Sco":  0,
                                "KPM1":  null,
                                "Sold":  0,
                                "KPM3":  null,
                                "Demo":  0,
                                "KPM4":  null,
                                "Med":  7,
                                "KPM5":  0.7,
                                "HwG":  0,
                                "KPM6":  null,
                                "Pyro":  0,
                                "KPM7":  null,
                                "Spy":  0,
                                "KPM8":  null,
                                "Eng":  0,
                                "KPM9":  null,
                                "SG":  0,
                                "KPM0":  null
                            },
                            {
                                "Name":  "newby#281",
                                "Sco":  0,
                                "KPM1":  null,
                                "Sold":  5,
                                "KPM3":  0.5,
                                "Demo":  0,
                                "KPM4":  null,
                                "Med":  0,
                                "KPM5":  null,
                                "HwG":  0,
                                "KPM6":  null,
                                "Pyro":  0,
                                "KPM7":  null,
                                "Spy":  0,
                                "KPM8":  null,
                                "Eng":  0,
                                "KPM9":  null,
                                "SG":  0,
                                "KPM0":  null
                            }
                        ],
    "ClassFragDefence":  [
                             {
                                 "Name":  "elsharko.tf#279",
                                 "Sco":  0,
                                 "KPM1":  null,
                                 "Sold":  0,
                                 "KPM3":  null,
                                 "Demo":  0,
                                 "KPM4":  null,
                                 "Med":  0,
                                 "KPM5":  null,
                                 "HwG":  0,
                                 "KPM6":  null,
                                 "Pyro":  26,
                                 "KPM7":  2.6,
                                 "Spy":  0,
                                 "KPM8":  null,
                                 "Eng":  0,
                                 "KPM9":  null,
                                 "SG":  0,
                                 "KPM0":  null
                             },
                             {
                                 "Name":  "haunterpt#337",
                                 "Sco":  0,
                                 "KPM1":  null,
                                 "Sold":  0,
                                 "KPM3":  null,
                                 "Demo":  43,
                                 "KPM4":  4.3,
                                 "Med":  0,
                                 "KPM5":  null,
                                 "HwG":  0,
                                 "KPM6":  null,
                                 "Pyro":  0,
                                 "KPM7":  null,
                                 "Spy":  0,
                                 "KPM8":  null,
                                 "Eng":  0,
                                 "KPM9":  null,
                                 "SG":  0,
                                 "KPM0":  null
                             },
                             {
                                 "Name":  "Kylarn#302",
                                 "Sco":  0,
                                 "KPM1":  null,
                                 "Sold":  0,
                                 "KPM3":  null,
                                 "Demo":  0,
                                 "KPM4":  null,
                                 "Med":  0,
                                 "KPM5":  null,
                                 "HwG":  0,
                                 "KPM6":  null,
                                 "Pyro":  23,
                                 "KPM7":  2.3,
                                 "Spy":  0,
                                 "KPM8":  null,
                                 "Eng":  0,
                                 "KPM9":  null,
                                 "SG":  0,
                                 "KPM0":  null
                             },
                             {
                                 "Name":  "newby#281",
                                 "Sco":  0,
                                 "KPM1":  null,
                                 "Sold":  0,
                                 "KPM3":  null,
                                 "Demo":  26,
                                 "KPM4":  2.6,
                                 "Med":  0,
                                 "KPM5":  null,
                                 "HwG":  0,
                                 "KPM6":  null,
                                 "Pyro":  0,
                                 "KPM7":  null,
                                 "Spy":  0,
                                 "KPM8":  null,
                                 "Eng":  0,
                                 "KPM9":  null,
                                 "SG":  0,
                                 "KPM0":  null
                             }
                         ],
    "ClassTimeAttack":  [
                            {
                                "Name":  "elsharko.tf#279",
                                "Sco":  0,
                                "Sold":  0,
                                "Demo":  0,
                                "Med":  104,
                                "HwG":  0,
                                "Pyro":  496,
                                "Spy":  0,
                                "Eng":  0
                            },
                            {
                                "Name":  "haunterpt#337",
                                "Sco":  0,
                                "Sold":  188,
                                "Demo":  0,
                                "Med":  412,
                                "HwG":  0,
                                "Pyro":  0,
                                "Spy":  0,
                                "Eng":  0
                            },
                            {
                                "Name":  "Kylarn#302",
                                "Sco":  0,
                                "Sold":  0,
                                "Demo":  0,
                                "Med":  600,
                                "HwG":  0,
                                "Pyro":  0,
                                "Spy":  0,
                                "Eng":  0
                            },
                            {
                                "Name":  "newby#281",
                                "Sco":  0,
                                "Sold":  600,
                                "Demo":  0,
                                "Med":  0,
                                "HwG":  0,
                                "Pyro":  0,
                                "Spy":  0,
                                "Eng":  0
                            }
                        ],
    "ClassTimeDefence":  [
                             {
                                 "Name":  "elsharko.tf#279",
                                 "Sco":  0,
                                 "Sold":  0,
                                 "Demo":  0,
                                 "Med":  0,
                                 "HwG":  0,
                                 "Pyro":  600,
                                 "Spy":  0,
                                 "Eng":  0
                             },
                             {
                                 "Name":  "haunterpt#337",
                                 "Sco":  0,
                                 "Sold":  0,
                                 "Demo":  600,
                                 "Med":  0,
                                 "HwG":  0,
                                 "Pyro":  0,
                                 "Spy":  0,
                                 "Eng":  0
                             },
                             {
                                 "Name":  "Kylarn#302",
                                 "Sco":  0,
                                 "Sold":  0,
                                 "Demo":  0,
                                 "Med":  0,
                                 "HwG":  0,
                                 "Pyro":  600,
                                 "Spy":  0,
                                 "Eng":  0
                             },
                             {
                                 "Name":  "newby#281",
                                 "Sco":  0,
                                 "Sold":  0,
                                 "Demo":  600,
                                 "Med":  0,
                                 "HwG":  0,
                                 "Pyro":  0,
                                 "Spy":  0,
                                 "Eng":  0
                             }
                         ]
}
