﻿{
    "Matches":  [
                    {
                        "Server":  "virginia/staging/",
                        "Match":  "2023-11-29-01-05-39_[h5rdcore_b2]",
                        "Winner":  "Team1",
                        "Rating":  "38%",
                        "Score1":  70,
                        "Team1":  "Carp#478,scottybugattiz#61,shock144#485,wos..#430",
                        "Score2":  50,
                        "Team2":  "elsharko.tf#279,haunterpt#337,newby#281,Predator#47"
                    }
                ],
    "SummaryAttack":  [
                          {
                              "Name":  "Carp#478",
                              "KPM":  2.7,
                              "KD":  0.93,
                              "Kills":  27,
                              "Death":  29,
                              "TKill":  2,
                              "Dmg":  6353,
                              "DPM":  635,
                              "SGKills":  2,
                              "SGDeath":  0,
                              "FlagCap":  2,
                              "FlagTake":  19,
                              "FlagTime":  "1:01",
                              "FlagStop":  0,
                              "Win":  1,
                              "Draw":  0,
                              "Loss":  0,
                              "TimePlayed":  "10:00",
                              "Classes":  "Sold 100%"
                          },
                          {
                              "Name":  "scottybugattiz#61",
                              "KPM":  2.5,
                              "KD":  0.78,
                              "Kills":  25,
                              "Death":  32,
                              "TKill":  0,
                              "Dmg":  4585,
                              "DPM":  458,
                              "SGKills":  5,
                              "SGDeath":  0,
                              "FlagCap":  1,
                              "FlagTake":  13,
                              "FlagTime":  "0:39",
                              "FlagStop":  0,
                              "Win":  1,
                              "Draw":  0,
                              "Loss":  0,
                              "TimePlayed":  "10:00",
                              "Classes":  "Med  100%"
                          },
                          {
                              "Name":  "shock144#485",
                              "KPM":  1.2,
                              "KD":  0.4,
                              "Kills":  12,
                              "Death":  30,
                              "TKill":  3,
                              "Dmg":  2683,
                              "DPM":  268,
                              "SGKills":  3,
                              "SGDeath":  0,
                              "FlagCap":  0,
                              "FlagTake":  8,
                              "FlagTime":  "0:10",
                              "FlagStop":  0,
                              "Win":  1,
                              "Draw":  0,
                              "Loss":  0,
                              "TimePlayed":  "10:00",
                              "Classes":  "Spy  69%|Sco  31%"
                          },
                          {
                              "Name":  "wos..#430",
                              "KPM":  2.8,
                              "KD":  0.85,
                              "Kills":  28,
                              "Death":  33,
                              "TKill":  3,
                              "Dmg":  4529,
                              "DPM":  453,
                              "SGKills":  6,
                              "SGDeath":  0,
                              "FlagCap":  4,
                              "FlagTake":  14,
                              "FlagTime":  "1:04",
                              "FlagStop":  0,
                              "Win":  1,
                              "Draw":  0,
                              "Loss":  0,
                              "TimePlayed":  "10:00",
                              "Classes":  "Pyro 100%"
                          },
                          {
                              "Name":  "elsharko.tf#279",
                              "KPM":  2,
                              "KD":  0.69,
                              "Kills":  20,
                              "Death":  29,
                              "TKill":  1,
                              "Dmg":  2860,
                              "DPM":  286,
                              "SGKills":  7,
                              "SGDeath":  0,
                              "FlagCap":  0,
                              "FlagTake":  11,
                              "FlagTime":  "0:19",
                              "FlagStop":  0,
                              "Win":  0,
                              "Draw":  0,
                              "Loss":  1,
                              "TimePlayed":  "10:00",
                              "Classes":  "Med  100%"
                          },
                          {
                              "Name":  "haunterpt#337",
                              "KPM":  3.4,
                              "KD":  1.13,
                              "Kills":  34,
                              "Death":  30,
                              "TKill":  2,
                              "Dmg":  6331,
                              "DPM":  633,
                              "SGKills":  7,
                              "SGDeath":  0,
                              "FlagCap":  0,
                              "FlagTake":  9,
                              "FlagTime":  "0:17",
                              "FlagStop":  0,
                              "Win":  0,
                              "Draw":  0,
                              "Loss":  1,
                              "TimePlayed":  "10:00",
                              "Classes":  "Pyro 100%"
                          },
                          {
                              "Name":  "newby#281",
                              "KPM":  2.9,
                              "KD":  0.88,
                              "Kills":  29,
                              "Death":  33,
                              "TKill":  1,
                              "Dmg":  5231,
                              "DPM":  523,
                              "SGKills":  3,
                              "SGDeath":  0,
                              "FlagCap":  1,
                              "FlagTake":  9,
                              "FlagTime":  "0:23",
                              "FlagStop":  0,
                              "Win":  0,
                              "Draw":  0,
                              "Loss":  1,
                              "TimePlayed":  "10:00",
                              "Classes":  "Sold 100%"
                          },
                          {
                              "Name":  "Predator#47",
                              "KPM":  0.4,
                              "KD":  0.13,
                              "Kills":  4,
                              "Death":  30,
                              "TKill":  0,
                              "Dmg":  820,
                              "DPM":  82,
                              "SGKills":  1,
                              "SGDeath":  0,
                              "FlagCap":  4,
                              "FlagTake":  15,
                              "FlagTime":  "1:47",
                              "FlagStop":  0,
                              "Win":  0,
                              "Draw":  0,
                              "Loss":  1,
                              "TimePlayed":  "10:00",
                              "Classes":  "Sco  74%|Spy  26%"
                          }
                      ],
    "SummaryDefence":  [
                           {
                               "Name":  "Carp#478",
                               "KPM":  3.5,
                               "KD":  1.35,
                               "Kills":  35,
                               "Death":  26,
                               "TKill":  13,
                               "Dmg":  6576,
                               "DPM":  658,
                               "SGKills":  0,
                               "SGDeath":  0,
                               "FlagCap":  0,
                               "FlagTake":  0,
                               "FlagTime":  0,
                               "FlagStop":  9,
                               "Win":  1,
                               "Draw":  0,
                               "Loss":  0,
                               "TimePlayed":  "10:00",
                               "Classes":  "Demo 100%"
                           },
                           {
                               "Name":  "scottybugattiz#61",
                               "KPM":  3,
                               "KD":  1.03,
                               "Kills":  30,
                               "Death":  29,
                               "TKill":  9,
                               "Dmg":  7006,
                               "DPM":  701,
                               "SGKills":  0,
                               "SGDeath":  0,
                               "FlagCap":  0,
                               "FlagTake":  0,
                               "FlagTime":  0,
                               "FlagStop":  4,
                               "Win":  1,
                               "Draw":  0,
                               "Loss":  0,
                               "TimePlayed":  "10:00",
                               "Classes":  "Sold 100%"
                           },
                           {
                               "Name":  "shock144#485",
                               "KPM":  2.1,
                               "KD":  0.7,
                               "Kills":  21,
                               "Death":  30,
                               "TKill":  2,
                               "Dmg":  5635,
                               "DPM":  564,
                               "SGKills":  0,
                               "SGDeath":  18,
                               "FlagCap":  0,
                               "FlagTake":  0,
                               "FlagTime":  0,
                               "FlagStop":  2,
                               "Win":  1,
                               "Draw":  0,
                               "Loss":  0,
                               "TimePlayed":  "10:00",
                               "Classes":  "Eng  100%"
                           },
                           {
                               "Name":  "wos..#430",
                               "KPM":  2.6,
                               "KD":  0.84,
                               "Kills":  26,
                               "Death":  31,
                               "TKill":  7,
                               "Dmg":  6061,
                               "DPM":  606,
                               "SGKills":  0,
                               "SGDeath":  0,
                               "FlagCap":  0,
                               "FlagTake":  0,
                               "FlagTime":  0,
                               "FlagStop":  3,
                               "Win":  1,
                               "Draw":  0,
                               "Loss":  0,
                               "TimePlayed":  "10:00",
                               "Classes":  "Pyro 100%"
                           },
                           {
                               "Name":  "elsharko.tf#279",
                               "KPM":  1.8,
                               "KD":  1.06,
                               "Kills":  18,
                               "Death":  17,
                               "TKill":  3,
                               "Dmg":  3642,
                               "DPM":  364,
                               "SGKills":  0,
                               "SGDeath":  16,
                               "FlagCap":  0,
                               "FlagTake":  0,
                               "FlagTime":  0,
                               "FlagStop":  2,
                               "Win":  0,
                               "Draw":  0,
                               "Loss":  1,
                               "TimePlayed":  "10:00",
                               "Classes":  "Eng  100%"
                           },
                           {
                               "Name":  "haunterpt#337",
                               "KPM":  3.4,
                               "KD":  0.85,
                               "Kills":  34,
                               "Death":  40,
                               "TKill":  3,
                               "Dmg":  8537,
                               "DPM":  854,
                               "SGKills":  0,
                               "SGDeath":  0,
                               "FlagCap":  0,
                               "FlagTake":  0,
                               "FlagTime":  0,
                               "FlagStop":  9,
                               "Win":  0,
                               "Draw":  0,
                               "Loss":  1,
                               "TimePlayed":  "10:00",
                               "Classes":  "Pyro 100%"
                           },
                           {
                               "Name":  "newby#281",
                               "KPM":  2.2,
                               "KD":  0.58,
                               "Kills":  22,
                               "Death":  38,
                               "TKill":  3,
                               "Dmg":  5994,
                               "DPM":  599,
                               "SGKills":  0,
                               "SGDeath":  0,
                               "FlagCap":  0,
                               "FlagTake":  0,
                               "FlagTime":  0,
                               "FlagStop":  1,
                               "Win":  0,
                               "Draw":  0,
                               "Loss":  1,
                               "TimePlayed":  "10:00",
                               "Classes":  "Sold 100%"
                           },
                           {
                               "Name":  "Predator#47",
                               "KPM":  3.2,
                               "KD":  0.84,
                               "Kills":  32,
                               "Death":  38,
                               "TKill":  24,
                               "Dmg":  7645,
                               "DPM":  764,
                               "SGKills":  0,
                               "SGDeath":  0,
                               "FlagCap":  0,
                               "FlagTake":  0,
                               "FlagTime":  0,
                               "FlagStop":  7,
                               "Win":  0,
                               "Draw":  0,
                               "Loss":  1,
                               "TimePlayed":  "10:00",
                               "Classes":  "Demo 100%"
                           }
                       ],
    "ClassFragAttack":  [
                            {
                                "Name":  "Carp#478",
                                "Sco":  0,
                                "KPM1":  null,
                                "Sold":  27,
                                "KPM3":  2.7,
                                "Demo":  0,
                                "KPM4":  null,
                                "Med":  0,
                                "KPM5":  null,
                                "HwG":  0,
                                "KPM6":  null,
                                "Pyro":  0,
                                "KPM7":  null,
                                "Spy":  0,
                                "KPM8":  null,
                                "Eng":  0,
                                "KPM9":  null,
                                "SG":  0,
                                "KPM0":  null
                            },
                            {
                                "Name":  "scottybugattiz#61",
                                "Sco":  0,
                                "KPM1":  null,
                                "Sold":  0,
                                "KPM3":  null,
                                "Demo":  0,
                                "KPM4":  null,
                                "Med":  25,
                                "KPM5":  2.5,
                                "HwG":  0,
                                "KPM6":  null,
                                "Pyro":  0,
                                "KPM7":  null,
                                "Spy":  0,
                                "KPM8":  null,
                                "Eng":  0,
                                "KPM9":  null,
                                "SG":  0,
                                "KPM0":  null
                            },
                            {
                                "Name":  "shock144#485",
                                "Sco":  1,
                                "KPM1":  0.32,
                                "Sold":  0,
                                "KPM3":  null,
                                "Demo":  0,
                                "KPM4":  null,
                                "Med":  0,
                                "KPM5":  null,
                                "HwG":  0,
                                "KPM6":  null,
                                "Pyro":  0,
                                "KPM7":  null,
                                "Spy":  11,
                                "KPM8":  1.59,
                                "Eng":  0,
                                "KPM9":  null,
                                "SG":  0,
                                "KPM0":  null
                            },
                            {
                                "Name":  "wos..#430",
                                "Sco":  0,
                                "KPM1":  null,
                                "Sold":  0,
                                "KPM3":  null,
                                "Demo":  0,
                                "KPM4":  null,
                                "Med":  0,
                                "KPM5":  null,
                                "HwG":  0,
                                "KPM6":  null,
                                "Pyro":  28,
                                "KPM7":  2.8,
                                "Spy":  0,
                                "KPM8":  null,
                                "Eng":  0,
                                "KPM9":  null,
                                "SG":  0,
                                "KPM0":  null
                            },
                            {
                                "Name":  "elsharko.tf#279",
                                "Sco":  0,
                                "KPM1":  null,
                                "Sold":  0,
                                "KPM3":  null,
                                "Demo":  0,
                                "KPM4":  null,
                                "Med":  20,
                                "KPM5":  2,
                                "HwG":  0,
                                "KPM6":  null,
                                "Pyro":  0,
                                "KPM7":  null,
                                "Spy":  0,
                                "KPM8":  null,
                                "Eng":  0,
                                "KPM9":  null,
                                "SG":  0,
                                "KPM0":  null
                            },
                            {
                                "Name":  "haunterpt#337",
                                "Sco":  0,
                                "KPM1":  null,
                                "Sold":  0,
                                "KPM3":  null,
                                "Demo":  0,
                                "KPM4":  null,
                                "Med":  0,
                                "KPM5":  null,
                                "HwG":  0,
                                "KPM6":  null,
                                "Pyro":  34,
                                "KPM7":  3.4,
                                "Spy":  0,
                                "KPM8":  null,
                                "Eng":  0,
                                "KPM9":  null,
                                "SG":  0,
                                "KPM0":  null
                            },
                            {
                                "Name":  "newby#281",
                                "Sco":  0,
                                "KPM1":  null,
                                "Sold":  29,
                                "KPM3":  2.9,
                                "Demo":  0,
                                "KPM4":  null,
                                "Med":  0,
                                "KPM5":  null,
                                "HwG":  0,
                                "KPM6":  null,
                                "Pyro":  0,
                                "KPM7":  null,
                                "Spy":  0,
                                "KPM8":  null,
                                "Eng":  0,
                                "KPM9":  null,
                                "SG":  0,
                                "KPM0":  null
                            },
                            {
                                "Name":  "Predator#47",
                                "Sco":  0,
                                "KPM1":  null,
                                "Sold":  0,
                                "KPM3":  null,
                                "Demo":  0,
                                "KPM4":  null,
                                "Med":  0,
                                "KPM5":  null,
                                "HwG":  0,
                                "KPM6":  null,
                                "Pyro":  0,
                                "KPM7":  null,
                                "Spy":  4,
                                "KPM8":  1.54,
                                "Eng":  0,
                                "KPM9":  null,
                                "SG":  0,
                                "KPM0":  null
                            }
                        ],
    "ClassFragDefence":  [
                             {
                                 "Name":  "Carp#478",
                                 "Sco":  0,
                                 "KPM1":  null,
                                 "Sold":  0,
                                 "KPM3":  null,
                                 "Demo":  35,
                                 "KPM4":  3.5,
                                 "Med":  0,
                                 "KPM5":  null,
                                 "HwG":  0,
                                 "KPM6":  null,
                                 "Pyro":  0,
                                 "KPM7":  null,
                                 "Spy":  0,
                                 "KPM8":  null,
                                 "Eng":  0,
                                 "KPM9":  null,
                                 "SG":  0,
                                 "KPM0":  null
                             },
                             {
                                 "Name":  "scottybugattiz#61",
                                 "Sco":  0,
                                 "KPM1":  null,
                                 "Sold":  30,
                                 "KPM3":  3,
                                 "Demo":  0,
                                 "KPM4":  null,
                                 "Med":  0,
                                 "KPM5":  null,
                                 "HwG":  0,
                                 "KPM6":  null,
                                 "Pyro":  0,
                                 "KPM7":  null,
                                 "Spy":  0,
                                 "KPM8":  null,
                                 "Eng":  0,
                                 "KPM9":  null,
                                 "SG":  0,
                                 "KPM0":  null
                             },
                             {
                                 "Name":  "shock144#485",
                                 "Sco":  0,
                                 "KPM1":  null,
                                 "Sold":  0,
                                 "KPM3":  null,
                                 "Demo":  0,
                                 "KPM4":  null,
                                 "Med":  0,
                                 "KPM5":  null,
                                 "HwG":  0,
                                 "KPM6":  null,
                                 "Pyro":  0,
                                 "KPM7":  null,
                                 "Spy":  0,
                                 "KPM8":  null,
                                 "Eng":  14,
                                 "KPM9":  1.4,
                                 "SG":  7,
                                 "KPM0":  0.7
                             },
                             {
                                 "Name":  "wos..#430",
                                 "Sco":  0,
                                 "KPM1":  null,
                                 "Sold":  0,
                                 "KPM3":  null,
                                 "Demo":  0,
                                 "KPM4":  null,
                                 "Med":  0,
                                 "KPM5":  null,
                                 "HwG":  0,
                                 "KPM6":  null,
                                 "Pyro":  26,
                                 "KPM7":  2.6,
                                 "Spy":  0,
                                 "KPM8":  null,
                                 "Eng":  0,
                                 "KPM9":  null,
                                 "SG":  0,
                                 "KPM0":  null
                             },
                             {
                                 "Name":  "elsharko.tf#279",
                                 "Sco":  0,
                                 "KPM1":  null,
                                 "Sold":  0,
                                 "KPM3":  null,
                                 "Demo":  0,
                                 "KPM4":  null,
                                 "Med":  0,
                                 "KPM5":  null,
                                 "HwG":  0,
                                 "KPM6":  null,
                                 "Pyro":  0,
                                 "KPM7":  null,
                                 "Spy":  0,
                                 "KPM8":  null,
                                 "Eng":  9,
                                 "KPM9":  0.9,
                                 "SG":  9,
                                 "KPM0":  0.9
                             },
                             {
                                 "Name":  "haunterpt#337",
                                 "Sco":  0,
                                 "KPM1":  null,
                                 "Sold":  0,
                                 "KPM3":  null,
                                 "Demo":  0,
                                 "KPM4":  null,
                                 "Med":  0,
                                 "KPM5":  null,
                                 "HwG":  0,
                                 "KPM6":  null,
                                 "Pyro":  34,
                                 "KPM7":  3.4,
                                 "Spy":  0,
                                 "KPM8":  null,
                                 "Eng":  0,
                                 "KPM9":  null,
                                 "SG":  0,
                                 "KPM0":  null
                             },
                             {
                                 "Name":  "newby#281",
                                 "Sco":  0,
                                 "KPM1":  null,
                                 "Sold":  22,
                                 "KPM3":  2.2,
                                 "Demo":  0,
                                 "KPM4":  null,
                                 "Med":  0,
                                 "KPM5":  null,
                                 "HwG":  0,
                                 "KPM6":  null,
                                 "Pyro":  0,
                                 "KPM7":  null,
                                 "Spy":  0,
                                 "KPM8":  null,
                                 "Eng":  0,
                                 "KPM9":  null,
                                 "SG":  0,
                                 "KPM0":  null
                             },
                             {
                                 "Name":  "Predator#47",
                                 "Sco":  0,
                                 "KPM1":  null,
                                 "Sold":  0,
                                 "KPM3":  null,
                                 "Demo":  32,
                                 "KPM4":  3.2,
                                 "Med":  0,
                                 "KPM5":  null,
                                 "HwG":  0,
                                 "KPM6":  null,
                                 "Pyro":  0,
                                 "KPM7":  null,
                                 "Spy":  0,
                                 "KPM8":  null,
                                 "Eng":  0,
                                 "KPM9":  null,
                                 "SG":  0,
                                 "KPM0":  null
                             }
                         ],
    "ClassTimeAttack":  [
                            {
                                "Name":  "Carp#478",
                                "Sco":  0,
                                "Sold":  600,
                                "Demo":  0,
                                "Med":  0,
                                "HwG":  0,
                                "Pyro":  0,
                                "Spy":  0,
                                "Eng":  0
                            },
                            {
                                "Name":  "scottybugattiz#61",
                                "Sco":  0,
                                "Sold":  0,
                                "Demo":  0,
                                "Med":  600,
                                "HwG":  0,
                                "Pyro":  0,
                                "Spy":  0,
                                "Eng":  0
                            },
                            {
                                "Name":  "shock144#485",
                                "Sco":  186,
                                "Sold":  0,
                                "Demo":  0,
                                "Med":  0,
                                "HwG":  0,
                                "Pyro":  0,
                                "Spy":  414,
                                "Eng":  0
                            },
                            {
                                "Name":  "wos..#430",
                                "Sco":  0,
                                "Sold":  0,
                                "Demo":  0,
                                "Med":  0,
                                "HwG":  0,
                                "Pyro":  600,
                                "Spy":  0,
                                "Eng":  0
                            },
                            {
                                "Name":  "elsharko.tf#279",
                                "Sco":  0,
                                "Sold":  0,
                                "Demo":  0,
                                "Med":  600,
                                "HwG":  0,
                                "Pyro":  0,
                                "Spy":  0,
                                "Eng":  0
                            },
                            {
                                "Name":  "haunterpt#337",
                                "Sco":  0,
                                "Sold":  0,
                                "Demo":  0,
                                "Med":  0,
                                "HwG":  0,
                                "Pyro":  600,
                                "Spy":  0,
                                "Eng":  0
                            },
                            {
                                "Name":  "newby#281",
                                "Sco":  0,
                                "Sold":  600,
                                "Demo":  0,
                                "Med":  0,
                                "HwG":  0,
                                "Pyro":  0,
                                "Spy":  0,
                                "Eng":  0
                            },
                            {
                                "Name":  "Predator#47",
                                "Sco":  444,
                                "Sold":  0,
                                "Demo":  0,
                                "Med":  0,
                                "HwG":  0,
                                "Pyro":  0,
                                "Spy":  156,
                                "Eng":  0
                            }
                        ],
    "ClassTimeDefence":  [
                             {
                                 "Name":  "Carp#478",
                                 "Sco":  0,
                                 "Sold":  0,
                                 "Demo":  600,
                                 "Med":  0,
                                 "HwG":  0,
                                 "Pyro":  0,
                                 "Spy":  0,
                                 "Eng":  0
                             },
                             {
                                 "Name":  "scottybugattiz#61",
                                 "Sco":  0,
                                 "Sold":  600,
                                 "Demo":  0,
                                 "Med":  0,
                                 "HwG":  0,
                                 "Pyro":  0,
                                 "Spy":  0,
                                 "Eng":  0
                             },
                             {
                                 "Name":  "shock144#485",
                                 "Sco":  0,
                                 "Sold":  0,
                                 "Demo":  0,
                                 "Med":  0,
                                 "HwG":  0,
                                 "Pyro":  0,
                                 "Spy":  0,
                                 "Eng":  600
                             },
                             {
                                 "Name":  "wos..#430",
                                 "Sco":  0,
                                 "Sold":  0,
                                 "Demo":  0,
                                 "Med":  0,
                                 "HwG":  0,
                                 "Pyro":  600,
                                 "Spy":  0,
                                 "Eng":  0
                             },
                             {
                                 "Name":  "elsharko.tf#279",
                                 "Sco":  0,
                                 "Sold":  0,
                                 "Demo":  0,
                                 "Med":  0,
                                 "HwG":  0,
                                 "Pyro":  0,
                                 "Spy":  0,
                                 "Eng":  600
                             },
                             {
                                 "Name":  "haunterpt#337",
                                 "Sco":  0,
                                 "Sold":  0,
                                 "Demo":  0,
                                 "Med":  0,
                                 "HwG":  0,
                                 "Pyro":  600,
                                 "Spy":  0,
                                 "Eng":  0
                             },
                             {
                                 "Name":  "newby#281",
                                 "Sco":  0,
                                 "Sold":  600,
                                 "Demo":  0,
                                 "Med":  0,
                                 "HwG":  0,
                                 "Pyro":  0,
                                 "Spy":  0,
                                 "Eng":  0
                             },
                             {
                                 "Name":  "Predator#47",
                                 "Sco":  0,
                                 "Sold":  0,
                                 "Demo":  600,
                                 "Med":  0,
                                 "HwG":  0,
                                 "Pyro":  0,
                                 "Spy":  0,
                                 "Eng":  0
                             }
                         ]
}
