﻿{
    "Matches":  [
                    {
                        "Server":  "virginia/staging/",
                        "Match":  "2023-10-05-05-03-28_[ff-phantomr]",
                        "Winner":  "Draw",
                        "Rating":  "0%",
                        "Score1":  70,
                        "Team1":  "EvilAnt#22,spas.#19,tulkastf#48,wiggybr#73",
                        "Score2":  70,
                        "Team2":  "[LSD]ViD#53,hydr0buds#18,newby#281,pecan#23"
                    }
                ],
    "SummaryAttack":  [
                          {
                              "Name":  "EvilAnt#22",
                              "KPM":  1.9,
                              "KD":  0.7,
                              "Kills":  19,
                              "Death":  27,
                              "TKill":  4,
                              "Dmg":  3115,
                              "DPM":  312,
                              "SGKills":  1,
                              "SGDeath":  0,
                              "FlagCap":  1,
                              "FlagTake":  6,
                              "FlagTime":  "0:34",
                              "FlagStop":  0,
                              "Win":  0,
                              "Draw":  1,
                              "Loss":  0,
                              "TimePlayed":  "10:00",
                              "Classes":  "Spy  100%"
                          },
                          {
                              "Name":  "spas.#19",
                              "KPM":  2.6,
                              "KD":  0.96,
                              "Kills":  26,
                              "Death":  27,
                              "TKill":  4,
                              "Dmg":  4945,
                              "DPM":  494,
                              "SGKills":  6,
                              "SGDeath":  0,
                              "FlagCap":  3,
                              "FlagTake":  7,
                              "FlagTime":  "0:52",
                              "FlagStop":  0,
                              "Win":  0,
                              "Draw":  1,
                              "Loss":  0,
                              "TimePlayed":  "10:00",
                              "Classes":  "Pyro 100%"
                          },
                          {
                              "Name":  "tulkastf#48",
                              "KPM":  3.1,
                              "KD":  1.03,
                              "Kills":  31,
                              "Death":  30,
                              "TKill":  1,
                              "Dmg":  5110,
                              "DPM":  511,
                              "SGKills":  8,
                              "SGDeath":  0,
                              "FlagCap":  0,
                              "FlagTake":  4,
                              "FlagTime":  "0:03",
                              "FlagStop":  0,
                              "Win":  0,
                              "Draw":  1,
                              "Loss":  0,
                              "TimePlayed":  "10:00",
                              "Classes":  "Sold 100%"
                          },
                          {
                              "Name":  "wiggybr#73",
                              "KPM":  0.9,
                              "KD":  0.29,
                              "Kills":  9,
                              "Death":  31,
                              "TKill":  1,
                              "Dmg":  2036,
                              "DPM":  204,
                              "SGKills":  3,
                              "SGDeath":  0,
                              "FlagCap":  3,
                              "FlagTake":  15,
                              "FlagTime":  "1:09",
                              "FlagStop":  0,
                              "Win":  0,
                              "Draw":  1,
                              "Loss":  0,
                              "TimePlayed":  "10:00",
                              "Classes":  "Med  100%"
                          },
                          {
                              "Name":  "[LSD]ViD#53",
                              "KPM":  1.9,
                              "KD":  0.61,
                              "Kills":  19,
                              "Death":  31,
                              "TKill":  5,
                              "Dmg":  3667,
                              "DPM":  367,
                              "SGKills":  3,
                              "SGDeath":  0,
                              "FlagCap":  0,
                              "FlagTake":  8,
                              "FlagTime":  "0:06",
                              "FlagStop":  0,
                              "Win":  0,
                              "Draw":  1,
                              "Loss":  0,
                              "TimePlayed":  "10:00",
                              "Classes":  "Pyro 100%"
                          },
                          {
                              "Name":  "hydr0buds#18",
                              "KPM":  1.3,
                              "KD":  0.42,
                              "Kills":  13,
                              "Death":  31,
                              "TKill":  1,
                              "Dmg":  2446,
                              "DPM":  245,
                              "SGKills":  3,
                              "SGDeath":  0,
                              "FlagCap":  1,
                              "FlagTake":  13,
                              "FlagTime":  "0:31",
                              "FlagStop":  0,
                              "Win":  0,
                              "Draw":  1,
                              "Loss":  0,
                              "TimePlayed":  "10:00",
                              "Classes":  "Spy  100%"
                          },
                          {
                              "Name":  "newby#281",
                              "KPM":  0.6,
                              "KD":  0.2,
                              "Kills":  6,
                              "Death":  30,
                              "TKill":  1,
                              "Dmg":  1095,
                              "DPM":  110,
                              "SGKills":  1,
                              "SGDeath":  0,
                              "FlagCap":  3,
                              "FlagTake":  17,
                              "FlagTime":  "1:22",
                              "FlagStop":  0,
                              "Win":  0,
                              "Draw":  1,
                              "Loss":  0,
                              "TimePlayed":  "10:00",
                              "Classes":  "Med  100%"
                          },
                          {
                              "Name":  "pecan#23",
                              "KPM":  3.5,
                              "KD":  1.21,
                              "Kills":  35,
                              "Death":  29,
                              "TKill":  0,
                              "Dmg":  5987,
                              "DPM":  599,
                              "SGKills":  12,
                              "SGDeath":  0,
                              "FlagCap":  3,
                              "FlagTake":  3,
                              "FlagTime":  "0:54",
                              "FlagStop":  0,
                              "Win":  0,
                              "Draw":  1,
                              "Loss":  0,
                              "TimePlayed":  "10:00",
                              "Classes":  "Sold 100%"
                          }
                      ],
    "SummaryDefence":  [
                           {
                               "Name":  "EvilAnt#22",
                               "KPM":  2.4,
                               "KD":  1.14,
                               "Kills":  24,
                               "Death":  21,
                               "TKill":  7,
                               "Dmg":  6121,
                               "DPM":  612,
                               "SGKills":  0,
                               "SGDeath":  19,
                               "FlagCap":  0,
                               "FlagTake":  0,
                               "FlagTime":  0,
                               "FlagStop":  3,
                               "Win":  0,
                               "Draw":  1,
                               "Loss":  0,
                               "TimePlayed":  "10:00",
                               "Classes":  "Eng  100%"
                           },
                           {
                               "Name":  "spas.#19",
                               "KPM":  2.5,
                               "KD":  1.25,
                               "Kills":  25,
                               "Death":  20,
                               "TKill":  8,
                               "Dmg":  5039,
                               "DPM":  504,
                               "SGKills":  0,
                               "SGDeath":  0,
                               "FlagCap":  0,
                               "FlagTake":  0,
                               "FlagTime":  0,
                               "FlagStop":  7,
                               "Win":  0,
                               "Draw":  1,
                               "Loss":  0,
                               "TimePlayed":  "10:00",
                               "Classes":  "Demo 100%"
                           },
                           {
                               "Name":  "tulkastf#48",
                               "KPM":  2.8,
                               "KD":  0.88,
                               "Kills":  28,
                               "Death":  32,
                               "TKill":  1,
                               "Dmg":  7377,
                               "DPM":  738,
                               "SGKills":  0,
                               "SGDeath":  0,
                               "FlagCap":  0,
                               "FlagTake":  0,
                               "FlagTime":  0,
                               "FlagStop":  3,
                               "Win":  0,
                               "Draw":  1,
                               "Loss":  0,
                               "TimePlayed":  "10:00",
                               "Classes":  "Pyro 100%"
                           },
                           {
                               "Name":  "wiggybr#73",
                               "KPM":  2.2,
                               "KD":  1.22,
                               "Kills":  22,
                               "Death":  18,
                               "TKill":  4,
                               "Dmg":  5257,
                               "DPM":  526,
                               "SGKills":  0,
                               "SGDeath":  0,
                               "FlagCap":  0,
                               "FlagTake":  0,
                               "FlagTime":  0,
                               "FlagStop":  1,
                               "Win":  0,
                               "Draw":  1,
                               "Loss":  0,
                               "TimePlayed":  "10:00",
                               "Classes":  "HwG  100%"
                           },
                           {
                               "Name":  "[LSD]ViD#53",
                               "KPM":  2.2,
                               "KD":  1.16,
                               "Kills":  22,
                               "Death":  19,
                               "TKill":  3,
                               "Dmg":  3901,
                               "DPM":  390,
                               "SGKills":  0,
                               "SGDeath":  0,
                               "FlagCap":  0,
                               "FlagTake":  0,
                               "FlagTime":  0,
                               "FlagStop":  0,
                               "Win":  0,
                               "Draw":  1,
                               "Loss":  0,
                               "TimePlayed":  "10:00",
                               "Classes":  "HwG  100%"
                           },
                           {
                               "Name":  "hydr0buds#18",
                               "KPM":  1.6,
                               "KD":  0.5,
                               "Kills":  16,
                               "Death":  32,
                               "TKill":  2,
                               "Dmg":  4481,
                               "DPM":  448,
                               "SGKills":  0,
                               "SGDeath":  18,
                               "FlagCap":  0,
                               "FlagTake":  0,
                               "FlagTime":  0,
                               "FlagStop":  1,
                               "Win":  0,
                               "Draw":  1,
                               "Loss":  0,
                               "TimePlayed":  "10:00",
                               "Classes":  "Eng  100%"
                           },
                           {
                               "Name":  "newby#281",
                               "KPM":  3.7,
                               "KD":  1,
                               "Kills":  37,
                               "Death":  37,
                               "TKill":  7,
                               "Dmg":  9188,
                               "DPM":  919,
                               "SGKills":  0,
                               "SGDeath":  0,
                               "FlagCap":  0,
                               "FlagTake":  0,
                               "FlagTime":  0,
                               "FlagStop":  6,
                               "Win":  0,
                               "Draw":  1,
                               "Loss":  0,
                               "TimePlayed":  "10:00",
                               "Classes":  "Pyro 100%"
                           },
                           {
                               "Name":  "pecan#23",
                               "KPM":  2.1,
                               "KD":  0.7,
                               "Kills":  21,
                               "Death":  30,
                               "TKill":  13,
                               "Dmg":  6288,
                               "DPM":  629,
                               "SGKills":  0,
                               "SGDeath":  0,
                               "FlagCap":  0,
                               "FlagTake":  0,
                               "FlagTime":  0,
                               "FlagStop":  5,
                               "Win":  0,
                               "Draw":  1,
                               "Loss":  0,
                               "TimePlayed":  "10:00",
                               "Classes":  "Demo 100%"
                           }
                       ],
    "ClassFragAttack":  [
                            {
                                "Name":  "EvilAnt#22",
                                "Sco":  0,
                                "KPM1":  null,
                                "Sold":  0,
                                "KPM3":  null,
                                "Demo":  0,
                                "KPM4":  null,
                                "Med":  0,
                                "KPM5":  null,
                                "HwG":  0,
                                "KPM6":  null,
                                "Pyro":  0,
                                "KPM7":  null,
                                "Spy":  19,
                                "KPM8":  1.9,
                                "Eng":  0,
                                "KPM9":  null,
                                "SG":  0,
                                "KPM0":  null
                            },
                            {
                                "Name":  "spas.#19",
                                "Sco":  0,
                                "KPM1":  null,
                                "Sold":  0,
                                "KPM3":  null,
                                "Demo":  0,
                                "KPM4":  null,
                                "Med":  0,
                                "KPM5":  null,
                                "HwG":  0,
                                "KPM6":  null,
                                "Pyro":  26,
                                "KPM7":  2.6,
                                "Spy":  0,
                                "KPM8":  null,
                                "Eng":  0,
                                "KPM9":  null,
                                "SG":  0,
                                "KPM0":  null
                            },
                            {
                                "Name":  "tulkastf#48",
                                "Sco":  0,
                                "KPM1":  null,
                                "Sold":  31,
                                "KPM3":  3.1,
                                "Demo":  0,
                                "KPM4":  null,
                                "Med":  0,
                                "KPM5":  null,
                                "HwG":  0,
                                "KPM6":  null,
                                "Pyro":  0,
                                "KPM7":  null,
                                "Spy":  0,
                                "KPM8":  null,
                                "Eng":  0,
                                "KPM9":  null,
                                "SG":  0,
                                "KPM0":  null
                            },
                            {
                                "Name":  "wiggybr#73",
                                "Sco":  0,
                                "KPM1":  null,
                                "Sold":  0,
                                "KPM3":  null,
                                "Demo":  0,
                                "KPM4":  null,
                                "Med":  9,
                                "KPM5":  0.9,
                                "HwG":  0,
                                "KPM6":  null,
                                "Pyro":  0,
                                "KPM7":  null,
                                "Spy":  0,
                                "KPM8":  null,
                                "Eng":  0,
                                "KPM9":  null,
                                "SG":  0,
                                "KPM0":  null
                            },
                            {
                                "Name":  "[LSD]ViD#53",
                                "Sco":  0,
                                "KPM1":  null,
                                "Sold":  0,
                                "KPM3":  null,
                                "Demo":  0,
                                "KPM4":  null,
                                "Med":  0,
                                "KPM5":  null,
                                "HwG":  0,
                                "KPM6":  null,
                                "Pyro":  19,
                                "KPM7":  1.9,
                                "Spy":  0,
                                "KPM8":  null,
                                "Eng":  0,
                                "KPM9":  null,
                                "SG":  0,
                                "KPM0":  null
                            },
                            {
                                "Name":  "hydr0buds#18",
                                "Sco":  0,
                                "KPM1":  null,
                                "Sold":  0,
                                "KPM3":  null,
                                "Demo":  0,
                                "KPM4":  null,
                                "Med":  0,
                                "KPM5":  null,
                                "HwG":  0,
                                "KPM6":  null,
                                "Pyro":  0,
                                "KPM7":  null,
                                "Spy":  13,
                                "KPM8":  1.3,
                                "Eng":  0,
                                "KPM9":  null,
                                "SG":  0,
                                "KPM0":  null
                            },
                            {
                                "Name":  "newby#281",
                                "Sco":  0,
                                "KPM1":  null,
                                "Sold":  0,
                                "KPM3":  null,
                                "Demo":  0,
                                "KPM4":  null,
                                "Med":  6,
                                "KPM5":  0.6,
                                "HwG":  0,
                                "KPM6":  null,
                                "Pyro":  0,
                                "KPM7":  null,
                                "Spy":  0,
                                "KPM8":  null,
                                "Eng":  0,
                                "KPM9":  null,
                                "SG":  0,
                                "KPM0":  null
                            },
                            {
                                "Name":  "pecan#23",
                                "Sco":  0,
                                "KPM1":  null,
                                "Sold":  35,
                                "KPM3":  3.5,
                                "Demo":  0,
                                "KPM4":  null,
                                "Med":  0,
                                "KPM5":  null,
                                "HwG":  0,
                                "KPM6":  null,
                                "Pyro":  0,
                                "KPM7":  null,
                                "Spy":  0,
                                "KPM8":  null,
                                "Eng":  0,
                                "KPM9":  null,
                                "SG":  0,
                                "KPM0":  null
                            }
                        ],
    "ClassFragDefence":  [
                             {
                                 "Name":  "EvilAnt#22",
                                 "Sco":  0,
                                 "KPM1":  null,
                                 "Sold":  0,
                                 "KPM3":  null,
                                 "Demo":  0,
                                 "KPM4":  null,
                                 "Med":  0,
                                 "KPM5":  null,
                                 "HwG":  0,
                                 "KPM6":  null,
                                 "Pyro":  0,
                                 "KPM7":  null,
                                 "Spy":  0,
                                 "KPM8":  null,
                                 "Eng":  13,
                                 "KPM9":  1.3,
                                 "SG":  11,
                                 "KPM0":  1.1
                             },
                             {
                                 "Name":  "spas.#19",
                                 "Sco":  0,
                                 "KPM1":  null,
                                 "Sold":  0,
                                 "KPM3":  null,
                                 "Demo":  25,
                                 "KPM4":  2.5,
                                 "Med":  0,
                                 "KPM5":  null,
                                 "HwG":  0,
                                 "KPM6":  null,
                                 "Pyro":  0,
                                 "KPM7":  null,
                                 "Spy":  0,
                                 "KPM8":  null,
                                 "Eng":  0,
                                 "KPM9":  null,
                                 "SG":  0,
                                 "KPM0":  null
                             },
                             {
                                 "Name":  "tulkastf#48",
                                 "Sco":  0,
                                 "KPM1":  null,
                                 "Sold":  0,
                                 "KPM3":  null,
                                 "Demo":  0,
                                 "KPM4":  null,
                                 "Med":  0,
                                 "KPM5":  null,
                                 "HwG":  0,
                                 "KPM6":  null,
                                 "Pyro":  28,
                                 "KPM7":  2.8,
                                 "Spy":  0,
                                 "KPM8":  null,
                                 "Eng":  0,
                                 "KPM9":  null,
                                 "SG":  0,
                                 "KPM0":  null
                             },
                             {
                                 "Name":  "wiggybr#73",
                                 "Sco":  0,
                                 "KPM1":  null,
                                 "Sold":  0,
                                 "KPM3":  null,
                                 "Demo":  0,
                                 "KPM4":  null,
                                 "Med":  0,
                                 "KPM5":  null,
                                 "HwG":  22,
                                 "KPM6":  2.2,
                                 "Pyro":  0,
                                 "KPM7":  null,
                                 "Spy":  0,
                                 "KPM8":  null,
                                 "Eng":  0,
                                 "KPM9":  null,
                                 "SG":  0,
                                 "KPM0":  null
                             },
                             {
                                 "Name":  "[LSD]ViD#53",
                                 "Sco":  0,
                                 "KPM1":  null,
                                 "Sold":  0,
                                 "KPM3":  null,
                                 "Demo":  0,
                                 "KPM4":  null,
                                 "Med":  0,
                                 "KPM5":  null,
                                 "HwG":  22,
                                 "KPM6":  2.2,
                                 "Pyro":  0,
                                 "KPM7":  null,
                                 "Spy":  0,
                                 "KPM8":  null,
                                 "Eng":  0,
                                 "KPM9":  null,
                                 "SG":  0,
                                 "KPM0":  null
                             },
                             {
                                 "Name":  "hydr0buds#18",
                                 "Sco":  0,
                                 "KPM1":  null,
                                 "Sold":  0,
                                 "KPM3":  null,
                                 "Demo":  0,
                                 "KPM4":  null,
                                 "Med":  0,
                                 "KPM5":  null,
                                 "HwG":  0,
                                 "KPM6":  null,
                                 "Pyro":  0,
                                 "KPM7":  null,
                                 "Spy":  0,
                                 "KPM8":  null,
                                 "Eng":  10,
                                 "KPM9":  1,
                                 "SG":  6,
                                 "KPM0":  0.6
                             },
                             {
                                 "Name":  "newby#281",
                                 "Sco":  0,
                                 "KPM1":  null,
                                 "Sold":  0,
                                 "KPM3":  null,
                                 "Demo":  0,
                                 "KPM4":  null,
                                 "Med":  0,
                                 "KPM5":  null,
                                 "HwG":  0,
                                 "KPM6":  null,
                                 "Pyro":  37,
                                 "KPM7":  3.7,
                                 "Spy":  0,
                                 "KPM8":  null,
                                 "Eng":  0,
                                 "KPM9":  null,
                                 "SG":  0,
                                 "KPM0":  null
                             },
                             {
                                 "Name":  "pecan#23",
                                 "Sco":  0,
                                 "KPM1":  null,
                                 "Sold":  0,
                                 "KPM3":  null,
                                 "Demo":  21,
                                 "KPM4":  2.1,
                                 "Med":  0,
                                 "KPM5":  null,
                                 "HwG":  0,
                                 "KPM6":  null,
                                 "Pyro":  0,
                                 "KPM7":  null,
                                 "Spy":  0,
                                 "KPM8":  null,
                                 "Eng":  0,
                                 "KPM9":  null,
                                 "SG":  0,
                                 "KPM0":  null
                             }
                         ],
    "ClassTimeAttack":  [
                            {
                                "Name":  "EvilAnt#22",
                                "Sco":  0,
                                "Sold":  0,
                                "Demo":  0,
                                "Med":  0,
                                "HwG":  0,
                                "Pyro":  0,
                                "Spy":  600,
                                "Eng":  0
                            },
                            {
                                "Name":  "spas.#19",
                                "Sco":  0,
                                "Sold":  0,
                                "Demo":  0,
                                "Med":  0,
                                "HwG":  0,
                                "Pyro":  600,
                                "Spy":  0,
                                "Eng":  0
                            },
                            {
                                "Name":  "tulkastf#48",
                                "Sco":  0,
                                "Sold":  600,
                                "Demo":  0,
                                "Med":  0,
                                "HwG":  0,
                                "Pyro":  0,
                                "Spy":  0,
                                "Eng":  0
                            },
                            {
                                "Name":  "wiggybr#73",
                                "Sco":  0,
                                "Sold":  0,
                                "Demo":  0,
                                "Med":  600,
                                "HwG":  0,
                                "Pyro":  0,
                                "Spy":  0,
                                "Eng":  0
                            },
                            {
                                "Name":  "[LSD]ViD#53",
                                "Sco":  0,
                                "Sold":  0,
                                "Demo":  0,
                                "Med":  0,
                                "HwG":  0,
                                "Pyro":  600,
                                "Spy":  0,
                                "Eng":  0
                            },
                            {
                                "Name":  "hydr0buds#18",
                                "Sco":  0,
                                "Sold":  0,
                                "Demo":  0,
                                "Med":  0,
                                "HwG":  0,
                                "Pyro":  0,
                                "Spy":  600,
                                "Eng":  0
                            },
                            {
                                "Name":  "newby#281",
                                "Sco":  0,
                                "Sold":  0,
                                "Demo":  0,
                                "Med":  600,
                                "HwG":  0,
                                "Pyro":  0,
                                "Spy":  0,
                                "Eng":  0
                            },
                            {
                                "Name":  "pecan#23",
                                "Sco":  0,
                                "Sold":  600,
                                "Demo":  0,
                                "Med":  0,
                                "HwG":  0,
                                "Pyro":  0,
                                "Spy":  0,
                                "Eng":  0
                            }
                        ],
    "ClassTimeDefence":  [
                             {
                                 "Name":  "EvilAnt#22",
                                 "Sco":  0,
                                 "Sold":  0,
                                 "Demo":  0,
                                 "Med":  0,
                                 "HwG":  0,
                                 "Pyro":  0,
                                 "Spy":  0,
                                 "Eng":  600
                             },
                             {
                                 "Name":  "spas.#19",
                                 "Sco":  0,
                                 "Sold":  0,
                                 "Demo":  600,
                                 "Med":  0,
                                 "HwG":  0,
                                 "Pyro":  0,
                                 "Spy":  0,
                                 "Eng":  0
                             },
                             {
                                 "Name":  "tulkastf#48",
                                 "Sco":  0,
                                 "Sold":  0,
                                 "Demo":  0,
                                 "Med":  0,
                                 "HwG":  0,
                                 "Pyro":  600,
                                 "Spy":  0,
                                 "Eng":  0
                             },
                             {
                                 "Name":  "wiggybr#73",
                                 "Sco":  0,
                                 "Sold":  0,
                                 "Demo":  0,
                                 "Med":  0,
                                 "HwG":  600,
                                 "Pyro":  0,
                                 "Spy":  0,
                                 "Eng":  0
                             },
                             {
                                 "Name":  "[LSD]ViD#53",
                                 "Sco":  0,
                                 "Sold":  0,
                                 "Demo":  0,
                                 "Med":  0,
                                 "HwG":  600,
                                 "Pyro":  0,
                                 "Spy":  0,
                                 "Eng":  0
                             },
                             {
                                 "Name":  "hydr0buds#18",
                                 "Sco":  0,
                                 "Sold":  0,
                                 "Demo":  0,
                                 "Med":  0,
                                 "HwG":  0,
                                 "Pyro":  0,
                                 "Spy":  0,
                                 "Eng":  600
                             },
                             {
                                 "Name":  "newby#281",
                                 "Sco":  0,
                                 "Sold":  0,
                                 "Demo":  0,
                                 "Med":  0,
                                 "HwG":  0,
                                 "Pyro":  600,
                                 "Spy":  0,
                                 "Eng":  0
                             },
                             {
                                 "Name":  "pecan#23",
                                 "Sco":  0,
                                 "Sold":  0,
                                 "Demo":  600,
                                 "Med":  0,
                                 "HwG":  0,
                                 "Pyro":  0,
                                 "Spy":  0,
                                 "Eng":  0
                             }
                         ]
}
