﻿{
    "Matches":  [
                    {
                        "Server":  "virginia/staging/",
                        "Match":  "2023-10-08-21-51-14_[openfirer]",
                        "Winner":  "Team2",
                        "Rating":  "23%",
                        "Score1":  50,
                        "Team1":  "Carp#478,newby#281,scottybugattiz#61,welsher#52",
                        "Score2":  60,
                        "Team2":  "elsharko.tf#279,haunterpt#337,pecan#23,Predator#47"
                    }
                ],
    "SummaryAttack":  [
                          {
                              "Name":  "Carp#478",
                              "KPM":  2,
                              "KD":  0.59,
                              "Kills":  20,
                              "Death":  34,
                              "TKill":  0,
                              "Dmg":  4718,
                              "DPM":  472,
                              "SGKills":  5,
                              "SGDeath":  0,
                              "FlagCap":  0,
                              "FlagTake":  7,
                              "FlagTime":  "0:10",
                              "FlagStop":  0,
                              "Win":  0,
                              "Draw":  0,
                              "Loss":  1,
                              "TimePlayed":  "10:00",
                              "Classes":  "Sold 100%"
                          },
                          {
                              "Name":  "newby#281",
                              "KPM":  0.3,
                              "KD":  0.09,
                              "Kills":  3,
                              "Death":  32,
                              "TKill":  1,
                              "Dmg":  1004,
                              "DPM":  100,
                              "SGKills":  3,
                              "SGDeath":  0,
                              "FlagCap":  2,
                              "FlagTake":  13,
                              "FlagTime":  "0:36",
                              "FlagStop":  0,
                              "Win":  0,
                              "Draw":  0,
                              "Loss":  1,
                              "TimePlayed":  "10:00",
                              "Classes":  "Spy  100%"
                          },
                          {
                              "Name":  "scottybugattiz#61",
                              "KPM":  0.9,
                              "KD":  0.27,
                              "Kills":  9,
                              "Death":  33,
                              "TKill":  0,
                              "Dmg":  2387,
                              "DPM":  239,
                              "SGKills":  0,
                              "SGDeath":  0,
                              "FlagCap":  3,
                              "FlagTake":  14,
                              "FlagTime":  "0:56",
                              "FlagStop":  0,
                              "Win":  0,
                              "Draw":  0,
                              "Loss":  1,
                              "TimePlayed":  "10:00",
                              "Classes":  "Med  100%"
                          },
                          {
                              "Name":  "welsher#52",
                              "KPM":  2.7,
                              "KD":  0.66,
                              "Kills":  27,
                              "Death":  41,
                              "TKill":  2,
                              "Dmg":  4023,
                              "DPM":  402,
                              "SGKills":  14,
                              "SGDeath":  0,
                              "FlagCap":  0,
                              "FlagTake":  3,
                              "FlagTime":  "0:00",
                              "FlagStop":  0,
                              "Win":  0,
                              "Draw":  0,
                              "Loss":  1,
                              "TimePlayed":  "10:00",
                              "Classes":  "Pyro 100%"
                          },
                          {
                              "Name":  "elsharko.tf#279",
                              "KPM":  0.91,
                              "KD":  0.27,
                              "Kills":  7,
                              "Death":  26,
                              "TKill":  0,
                              "Dmg":  1216,
                              "DPM":  157,
                              "SGKills":  2,
                              "SGDeath":  0,
                              "FlagCap":  2,
                              "FlagTake":  12,
                              "FlagTime":  "0:39",
                              "FlagStop":  0,
                              "Win":  1,
                              "Draw":  0,
                              "Loss":  0,
                              "TimePlayed":  "7:44",
                              "Classes":  "Med  100%"
                          },
                          {
                              "Name":  "haunterpt#337",
                              "KPM":  3.23,
                              "KD":  0.86,
                              "Kills":  25,
                              "Death":  29,
                              "TKill":  2,
                              "Dmg":  4587,
                              "DPM":  593,
                              "SGKills":  6,
                              "SGDeath":  0,
                              "FlagCap":  1,
                              "FlagTake":  9,
                              "FlagTime":  "0:22",
                              "FlagStop":  0,
                              "Win":  1,
                              "Draw":  0,
                              "Loss":  0,
                              "TimePlayed":  "7:44",
                              "Classes":  "Pyro 100%"
                          },
                          {
                              "Name":  "pecan#23",
                              "KPM":  0.65,
                              "KD":  0.22,
                              "Kills":  5,
                              "Death":  23,
                              "TKill":  1,
                              "Dmg":  1046,
                              "DPM":  135,
                              "SGKills":  1,
                              "SGDeath":  0,
                              "FlagCap":  3,
                              "FlagTake":  15,
                              "FlagTime":  "0:46",
                              "FlagStop":  0,
                              "Win":  1,
                              "Draw":  0,
                              "Loss":  0,
                              "TimePlayed":  "7:44",
                              "Classes":  "Spy  100%"
                          },
                          {
                              "Name":  "Predator#47",
                              "KPM":  2.59,
                              "KD":  0.67,
                              "Kills":  20,
                              "Death":  30,
                              "TKill":  1,
                              "Dmg":  3701,
                              "DPM":  479,
                              "SGKills":  4,
                              "SGDeath":  0,
                              "FlagCap":  0,
                              "FlagTake":  9,
                              "FlagTime":  "0:10",
                              "FlagStop":  0,
                              "Win":  1,
                              "Draw":  0,
                              "Loss":  0,
                              "TimePlayed":  "7:44",
                              "Classes":  "Sold 100%"
                          }
                      ],
    "SummaryDefence":  [
                           {
                               "Name":  "Carp#478",
                               "KPM":  4.27,
                               "KD":  2.06,
                               "Kills":  33,
                               "Death":  16,
                               "TKill":  8,
                               "Dmg":  5376,
                               "DPM":  695,
                               "SGKills":  0,
                               "SGDeath":  0,
                               "FlagCap":  0,
                               "FlagTake":  0,
                               "FlagTime":  0,
                               "FlagStop":  14,
                               "Win":  0,
                               "Draw":  0,
                               "Loss":  1,
                               "TimePlayed":  "7:44",
                               "Classes":  "Demo 100%"
                           },
                           {
                               "Name":  "newby#281",
                               "KPM":  3.49,
                               "KD":  1.8,
                               "Kills":  27,
                               "Death":  15,
                               "TKill":  10,
                               "Dmg":  4667,
                               "DPM":  603,
                               "SGKills":  0,
                               "SGDeath":  0,
                               "FlagCap":  0,
                               "FlagTake":  0,
                               "FlagTime":  0,
                               "FlagStop":  5,
                               "Win":  0,
                               "Draw":  0,
                               "Loss":  1,
                               "TimePlayed":  "7:44",
                               "Classes":  "HwG  100%"
                           },
                           {
                               "Name":  "scottybugattiz#61",
                               "KPM":  2.33,
                               "KD":  0.67,
                               "Kills":  18,
                               "Death":  27,
                               "TKill":  3,
                               "Dmg":  5175,
                               "DPM":  669,
                               "SGKills":  0,
                               "SGDeath":  0,
                               "FlagCap":  0,
                               "FlagTake":  0,
                               "FlagTime":  0,
                               "FlagStop":  2,
                               "Win":  0,
                               "Draw":  0,
                               "Loss":  1,
                               "TimePlayed":  "7:44",
                               "Classes":  "Pyro 100%"
                           },
                           {
                               "Name":  "welsher#52",
                               "KPM":  2.07,
                               "KD":  0.89,
                               "Kills":  16,
                               "Death":  18,
                               "TKill":  2,
                               "Dmg":  5424,
                               "DPM":  701,
                               "SGKills":  0,
                               "SGDeath":  13,
                               "FlagCap":  0,
                               "FlagTake":  0,
                               "FlagTime":  0,
                               "FlagStop":  1,
                               "Win":  0,
                               "Draw":  0,
                               "Loss":  1,
                               "TimePlayed":  "7:44",
                               "Classes":  "Eng  100%"
                           },
                           {
                               "Name":  "elsharko.tf#279",
                               "KPM":  2.7,
                               "KD":  1.59,
                               "Kills":  27,
                               "Death":  17,
                               "TKill":  2,
                               "Dmg":  5582,
                               "DPM":  558,
                               "SGKills":  0,
                               "SGDeath":  22,
                               "FlagCap":  0,
                               "FlagTake":  0,
                               "FlagTime":  0,
                               "FlagStop":  0,
                               "Win":  1,
                               "Draw":  0,
                               "Loss":  0,
                               "TimePlayed":  "10:00",
                               "Classes":  "Eng  100%"
                           },
                           {
                               "Name":  "haunterpt#337",
                               "KPM":  3.5,
                               "KD":  1.3,
                               "Kills":  35,
                               "Death":  27,
                               "TKill":  3,
                               "Dmg":  6811,
                               "DPM":  681,
                               "SGKills":  0,
                               "SGDeath":  0,
                               "FlagCap":  0,
                               "FlagTake":  0,
                               "FlagTime":  0,
                               "FlagStop":  3,
                               "Win":  1,
                               "Draw":  0,
                               "Loss":  0,
                               "TimePlayed":  "10:00",
                               "Classes":  "Pyro 100%"
                           },
                           {
                               "Name":  "pecan#23",
                               "KPM":  3.3,
                               "KD":  1.57,
                               "Kills":  33,
                               "Death":  21,
                               "TKill":  13,
                               "Dmg":  5763,
                               "DPM":  576,
                               "SGKills":  0,
                               "SGDeath":  0,
                               "FlagCap":  0,
                               "FlagTake":  0,
                               "FlagTime":  0,
                               "FlagStop":  10,
                               "Win":  1,
                               "Draw":  0,
                               "Loss":  0,
                               "TimePlayed":  "10:00",
                               "Classes":  "Demo 100%"
                           },
                           {
                               "Name":  "Predator#47",
                               "KPM":  3.4,
                               "KD":  2,
                               "Kills":  34,
                               "Death":  17,
                               "TKill":  8,
                               "Dmg":  6633,
                               "DPM":  663,
                               "SGKills":  0,
                               "SGDeath":  0,
                               "FlagCap":  0,
                               "FlagTake":  0,
                               "FlagTime":  0,
                               "FlagStop":  3,
                               "Win":  1,
                               "Draw":  0,
                               "Loss":  0,
                               "TimePlayed":  "10:00",
                               "Classes":  "HwG  100%"
                           }
                       ],
    "ClassFragAttack":  [
                            {
                                "Name":  "Carp#478",
                                "Sco":  0,
                                "KPM1":  null,
                                "Sold":  20,
                                "KPM3":  2,
                                "Demo":  0,
                                "KPM4":  null,
                                "Med":  0,
                                "KPM5":  null,
                                "HwG":  0,
                                "KPM6":  null,
                                "Pyro":  0,
                                "KPM7":  null,
                                "Spy":  0,
                                "KPM8":  null,
                                "Eng":  0,
                                "KPM9":  null,
                                "SG":  0,
                                "KPM0":  null
                            },
                            {
                                "Name":  "newby#281",
                                "Sco":  0,
                                "KPM1":  null,
                                "Sold":  0,
                                "KPM3":  null,
                                "Demo":  0,
                                "KPM4":  null,
                                "Med":  0,
                                "KPM5":  null,
                                "HwG":  0,
                                "KPM6":  null,
                                "Pyro":  0,
                                "KPM7":  null,
                                "Spy":  3,
                                "KPM8":  0.3,
                                "Eng":  0,
                                "KPM9":  null,
                                "SG":  0,
                                "KPM0":  null
                            },
                            {
                                "Name":  "scottybugattiz#61",
                                "Sco":  0,
                                "KPM1":  null,
                                "Sold":  0,
                                "KPM3":  null,
                                "Demo":  0,
                                "KPM4":  null,
                                "Med":  9,
                                "KPM5":  0.9,
                                "HwG":  0,
                                "KPM6":  null,
                                "Pyro":  0,
                                "KPM7":  null,
                                "Spy":  0,
                                "KPM8":  null,
                                "Eng":  0,
                                "KPM9":  null,
                                "SG":  0,
                                "KPM0":  null
                            },
                            {
                                "Name":  "welsher#52",
                                "Sco":  0,
                                "KPM1":  null,
                                "Sold":  0,
                                "KPM3":  null,
                                "Demo":  0,
                                "KPM4":  null,
                                "Med":  0,
                                "KPM5":  null,
                                "HwG":  0,
                                "KPM6":  null,
                                "Pyro":  27,
                                "KPM7":  2.7,
                                "Spy":  0,
                                "KPM8":  null,
                                "Eng":  0,
                                "KPM9":  null,
                                "SG":  0,
                                "KPM0":  null
                            },
                            {
                                "Name":  "elsharko.tf#279",
                                "Sco":  0,
                                "KPM1":  null,
                                "Sold":  0,
                                "KPM3":  null,
                                "Demo":  0,
                                "KPM4":  null,
                                "Med":  7,
                                "KPM5":  0.91,
                                "HwG":  0,
                                "KPM6":  null,
                                "Pyro":  0,
                                "KPM7":  null,
                                "Spy":  0,
                                "KPM8":  null,
                                "Eng":  0,
                                "KPM9":  null,
                                "SG":  0,
                                "KPM0":  null
                            },
                            {
                                "Name":  "haunterpt#337",
                                "Sco":  0,
                                "KPM1":  null,
                                "Sold":  0,
                                "KPM3":  null,
                                "Demo":  0,
                                "KPM4":  null,
                                "Med":  0,
                                "KPM5":  null,
                                "HwG":  0,
                                "KPM6":  null,
                                "Pyro":  25,
                                "KPM7":  3.23,
                                "Spy":  0,
                                "KPM8":  null,
                                "Eng":  0,
                                "KPM9":  null,
                                "SG":  0,
                                "KPM0":  null
                            },
                            {
                                "Name":  "pecan#23",
                                "Sco":  0,
                                "KPM1":  null,
                                "Sold":  0,
                                "KPM3":  null,
                                "Demo":  0,
                                "KPM4":  null,
                                "Med":  0,
                                "KPM5":  null,
                                "HwG":  0,
                                "KPM6":  null,
                                "Pyro":  0,
                                "KPM7":  null,
                                "Spy":  5,
                                "KPM8":  0.65,
                                "Eng":  0,
                                "KPM9":  null,
                                "SG":  0,
                                "KPM0":  null
                            },
                            {
                                "Name":  "Predator#47",
                                "Sco":  0,
                                "KPM1":  null,
                                "Sold":  20,
                                "KPM3":  2.59,
                                "Demo":  0,
                                "KPM4":  null,
                                "Med":  0,
                                "KPM5":  null,
                                "HwG":  0,
                                "KPM6":  null,
                                "Pyro":  0,
                                "KPM7":  null,
                                "Spy":  0,
                                "KPM8":  null,
                                "Eng":  0,
                                "KPM9":  null,
                                "SG":  0,
                                "KPM0":  null
                            }
                        ],
    "ClassFragDefence":  [
                             {
                                 "Name":  "Carp#478",
                                 "Sco":  0,
                                 "KPM1":  null,
                                 "Sold":  0,
                                 "KPM3":  null,
                                 "Demo":  33,
                                 "KPM4":  4.27,
                                 "Med":  0,
                                 "KPM5":  null,
                                 "HwG":  0,
                                 "KPM6":  null,
                                 "Pyro":  0,
                                 "KPM7":  null,
                                 "Spy":  0,
                                 "KPM8":  null,
                                 "Eng":  0,
                                 "KPM9":  null,
                                 "SG":  0,
                                 "KPM0":  null
                             },
                             {
                                 "Name":  "newby#281",
                                 "Sco":  0,
                                 "KPM1":  null,
                                 "Sold":  0,
                                 "KPM3":  null,
                                 "Demo":  0,
                                 "KPM4":  null,
                                 "Med":  0,
                                 "KPM5":  null,
                                 "HwG":  27,
                                 "KPM6":  3.49,
                                 "Pyro":  0,
                                 "KPM7":  null,
                                 "Spy":  0,
                                 "KPM8":  null,
                                 "Eng":  0,
                                 "KPM9":  null,
                                 "SG":  0,
                                 "KPM0":  null
                             },
                             {
                                 "Name":  "scottybugattiz#61",
                                 "Sco":  0,
                                 "KPM1":  null,
                                 "Sold":  0,
                                 "KPM3":  null,
                                 "Demo":  0,
                                 "KPM4":  null,
                                 "Med":  0,
                                 "KPM5":  null,
                                 "HwG":  0,
                                 "KPM6":  null,
                                 "Pyro":  18,
                                 "KPM7":  2.33,
                                 "Spy":  0,
                                 "KPM8":  null,
                                 "Eng":  0,
                                 "KPM9":  null,
                                 "SG":  0,
                                 "KPM0":  null
                             },
                             {
                                 "Name":  "welsher#52",
                                 "Sco":  0,
                                 "KPM1":  null,
                                 "Sold":  0,
                                 "KPM3":  null,
                                 "Demo":  0,
                                 "KPM4":  null,
                                 "Med":  0,
                                 "KPM5":  null,
                                 "HwG":  0,
                                 "KPM6":  null,
                                 "Pyro":  0,
                                 "KPM7":  null,
                                 "Spy":  0,
                                 "KPM8":  null,
                                 "Eng":  8,
                                 "KPM9":  1.03,
                                 "SG":  8,
                                 "KPM0":  1.03
                             },
                             {
                                 "Name":  "elsharko.tf#279",
                                 "Sco":  0,
                                 "KPM1":  null,
                                 "Sold":  0,
                                 "KPM3":  null,
                                 "Demo":  0,
                                 "KPM4":  null,
                                 "Med":  0,
                                 "KPM5":  null,
                                 "HwG":  0,
                                 "KPM6":  null,
                                 "Pyro":  0,
                                 "KPM7":  null,
                                 "Spy":  0,
                                 "KPM8":  null,
                                 "Eng":  14,
                                 "KPM9":  1.4,
                                 "SG":  13,
                                 "KPM0":  1.3
                             },
                             {
                                 "Name":  "haunterpt#337",
                                 "Sco":  0,
                                 "KPM1":  null,
                                 "Sold":  0,
                                 "KPM3":  null,
                                 "Demo":  0,
                                 "KPM4":  null,
                                 "Med":  0,
                                 "KPM5":  null,
                                 "HwG":  0,
                                 "KPM6":  null,
                                 "Pyro":  35,
                                 "KPM7":  3.5,
                                 "Spy":  0,
                                 "KPM8":  null,
                                 "Eng":  0,
                                 "KPM9":  null,
                                 "SG":  0,
                                 "KPM0":  null
                             },
                             {
                                 "Name":  "pecan#23",
                                 "Sco":  0,
                                 "KPM1":  null,
                                 "Sold":  0,
                                 "KPM3":  null,
                                 "Demo":  33,
                                 "KPM4":  3.3,
                                 "Med":  0,
                                 "KPM5":  null,
                                 "HwG":  0,
                                 "KPM6":  null,
                                 "Pyro":  0,
                                 "KPM7":  null,
                                 "Spy":  0,
                                 "KPM8":  null,
                                 "Eng":  0,
                                 "KPM9":  null,
                                 "SG":  0,
                                 "KPM0":  null
                             },
                             {
                                 "Name":  "Predator#47",
                                 "Sco":  0,
                                 "KPM1":  null,
                                 "Sold":  0,
                                 "KPM3":  null,
                                 "Demo":  0,
                                 "KPM4":  null,
                                 "Med":  0,
                                 "KPM5":  null,
                                 "HwG":  34,
                                 "KPM6":  3.4,
                                 "Pyro":  0,
                                 "KPM7":  null,
                                 "Spy":  0,
                                 "KPM8":  null,
                                 "Eng":  0,
                                 "KPM9":  null,
                                 "SG":  0,
                                 "KPM0":  null
                             }
                         ],
    "ClassTimeAttack":  [
                            {
                                "Name":  "Carp#478",
                                "Sco":  0,
                                "Sold":  600,
                                "Demo":  0,
                                "Med":  0,
                                "HwG":  0,
                                "Pyro":  0,
                                "Spy":  0,
                                "Eng":  0
                            },
                            {
                                "Name":  "newby#281",
                                "Sco":  0,
                                "Sold":  0,
                                "Demo":  0,
                                "Med":  0,
                                "HwG":  0,
                                "Pyro":  0,
                                "Spy":  600,
                                "Eng":  0
                            },
                            {
                                "Name":  "scottybugattiz#61",
                                "Sco":  0,
                                "Sold":  0,
                                "Demo":  0,
                                "Med":  600,
                                "HwG":  0,
                                "Pyro":  0,
                                "Spy":  0,
                                "Eng":  0
                            },
                            {
                                "Name":  "welsher#52",
                                "Sco":  0,
                                "Sold":  0,
                                "Demo":  0,
                                "Med":  0,
                                "HwG":  0,
                                "Pyro":  600,
                                "Spy":  0,
                                "Eng":  0
                            },
                            {
                                "Name":  "elsharko.tf#279",
                                "Sco":  0,
                                "Sold":  0,
                                "Demo":  0,
                                "Med":  464,
                                "HwG":  0,
                                "Pyro":  0,
                                "Spy":  0,
                                "Eng":  0
                            },
                            {
                                "Name":  "haunterpt#337",
                                "Sco":  0,
                                "Sold":  0,
                                "Demo":  0,
                                "Med":  0,
                                "HwG":  0,
                                "Pyro":  464,
                                "Spy":  0,
                                "Eng":  0
                            },
                            {
                                "Name":  "pecan#23",
                                "Sco":  0,
                                "Sold":  0,
                                "Demo":  0,
                                "Med":  0,
                                "HwG":  0,
                                "Pyro":  0,
                                "Spy":  464,
                                "Eng":  0
                            },
                            {
                                "Name":  "Predator#47",
                                "Sco":  0,
                                "Sold":  464,
                                "Demo":  0,
                                "Med":  0,
                                "HwG":  0,
                                "Pyro":  0,
                                "Spy":  0,
                                "Eng":  0
                            }
                        ],
    "ClassTimeDefence":  [
                             {
                                 "Name":  "Carp#478",
                                 "Sco":  0,
                                 "Sold":  0,
                                 "Demo":  464,
                                 "Med":  0,
                                 "HwG":  0,
                                 "Pyro":  0,
                                 "Spy":  0,
                                 "Eng":  0
                             },
                             {
                                 "Name":  "newby#281",
                                 "Sco":  0,
                                 "Sold":  0,
                                 "Demo":  0,
                                 "Med":  0,
                                 "HwG":  464,
                                 "Pyro":  0,
                                 "Spy":  0,
                                 "Eng":  0
                             },
                             {
                                 "Name":  "scottybugattiz#61",
                                 "Sco":  0,
                                 "Sold":  0,
                                 "Demo":  0,
                                 "Med":  0,
                                 "HwG":  0,
                                 "Pyro":  464,
                                 "Spy":  0,
                                 "Eng":  0
                             },
                             {
                                 "Name":  "welsher#52",
                                 "Sco":  0,
                                 "Sold":  0,
                                 "Demo":  0,
                                 "Med":  0,
                                 "HwG":  0,
                                 "Pyro":  0,
                                 "Spy":  0,
                                 "Eng":  464
                             },
                             {
                                 "Name":  "elsharko.tf#279",
                                 "Sco":  0,
                                 "Sold":  0,
                                 "Demo":  0,
                                 "Med":  0,
                                 "HwG":  0,
                                 "Pyro":  0,
                                 "Spy":  0,
                                 "Eng":  600
                             },
                             {
                                 "Name":  "haunterpt#337",
                                 "Sco":  0,
                                 "Sold":  0,
                                 "Demo":  0,
                                 "Med":  0,
                                 "HwG":  0,
                                 "Pyro":  600,
                                 "Spy":  0,
                                 "Eng":  0
                             },
                             {
                                 "Name":  "pecan#23",
                                 "Sco":  0,
                                 "Sold":  0,
                                 "Demo":  600,
                                 "Med":  0,
                                 "HwG":  0,
                                 "Pyro":  0,
                                 "Spy":  0,
                                 "Eng":  0
                             },
                             {
                                 "Name":  "Predator#47",
                                 "Sco":  0,
                                 "Sold":  0,
                                 "Demo":  0,
                                 "Med":  0,
                                 "HwG":  600,
                                 "Pyro":  0,
                                 "Spy":  0,
                                 "Eng":  0
                             }
                         ]
}
