﻿{
    "Matches":  [
                    {
                        "Server":  "virginia/staging/",
                        "Match":  "2023-12-12-23-03-25_[japanc]",
                        "Winner":  "",
                        "Rating":  "",
                        "Score1":  null,
                        "Team1":  "scottybugattiz#61,welsher#52",
                        "Score2":  null,
                        "Team2":  ""
                    }
                ],
    "SummaryAttack":  [
                          {
                              "Name":  "welsher#52",
                              "KPM":  null,
                              "KD":  null,
                              "Kills":  0,
                              "Death":  0,
                              "TKill":  0,
                              "Dmg":  0,
                              "DPM":  null,
                              "SGKills":  0,
                              "SGDeath":  0,
                              "FlagCap":  0,
                              "FlagTake":  0,
                              "FlagTime":  "0:00",
                              "FlagStop":  0,
                              "Win":  0,
                              "Draw":  0,
                              "Loss":  1,
                              "TimePlayed":  "0:00",
                              "Classes":  null
                          }
                      ],
    "SummaryDefence":  [

                       ],
    "ClassFragAttack":  null,
    "ClassFragDefence":  null,
    "ClassTimeAttack":  null,
    "ClassTimeDefence":  null
}
