{
  "Matches": [
    {
      "Server": "virginia/staging",
      "Match": "2023-01-19-05-33-15_[pineapple_b3]",
      "Winner": "Team2",
      "Rating": "29%",
      "Score1": 20,
      "Team1": "bstmfox,justice.wwg,predator,tech",
      "Score2": 30,
      "Team2": "(1)ciabrice,driz,stmearth-2156,w1ggy"
    }
  ],
  "SummaryAttack": [
    {
      "Name": "bstmfox",
      "KPM": 1.2,
      "KD": 0.6,
      "Kills": 12,
      "Death": 20,
      "TKill": 0,
      "Dmg": 2056,
      "DPM": 206,
      "FlagCap": 1,
      "FlagTake": 6,
      "FlagTime": "0:28",
      "FlagStop": 0,
      "Win": 0,
      "Draw": 0,
      "Loss": 1,
      "TimePlayed": "10:00",
      "Classes": "Spy  100%"
    },
    {
      "Name": "justice.wwg",
      "KPM": 1.4,
      "KD": 0.52,
      "Kills": 14,
      "Death": 27,
      "TKill": 1,
      "Dmg": 3903,
      "DPM": 390,
      "FlagCap": 2,
      "FlagTake": 6,
      "FlagTime": "0:44",
      "FlagStop": 0,
      "Win": 0,
      "Draw": 0,
      "Loss": 1,
      "TimePlayed": "10:00",
      "Classes": "Pyro 93%|Spy   7%"
    },
    {
      "Name": "predator",
      "KPM": 3.2,
      "KD": 1.07,
      "Kills": 32,
      "Death": 30,
      "TKill": 2,
      "Dmg": 5473,
      "DPM": 547,
      "FlagCap": 1,
      "FlagTake": 4,
      "FlagTime": "0:09",
      "FlagStop": 0,
      "Win": 0,
      "Draw": 0,
      "Loss": 1,
      "TimePlayed": "10:00",
      "Classes": "Sold 100%"
    },
    {
      "Name": "tech",
      "KPM": 1.2,
      "KD": 0.44,
      "Kills": 12,
      "Death": 27,
      "TKill": 1,
      "Dmg": 3004,
      "DPM": 300,
      "FlagCap": 1,
      "FlagTake": 5,
      "FlagTime": "0:05",
      "FlagStop": 0,
      "Win": 0,
      "Draw": 0,
      "Loss": 1,
      "TimePlayed": "10:00",
      "Classes": "Med  100%"
    },
    {
      "Name": "(1)ciabrice",
      "KPM": 1.56,
      "KD": 0.58,
      "Kills": 11,
      "Death": 19,
      "TKill": 2,
      "Dmg": 1843,
      "DPM": 261,
      "FlagCap": 1,
      "FlagTake": 6,
      "FlagTime": "0:07",
      "FlagStop": 0,
      "Win": 1,
      "Draw": 0,
      "Loss": 0,
      "TimePlayed": "7:04",
      "Classes": "Spy  100%"
    },
    {
      "Name": "driz",
      "KPM": 1.56,
      "KD": 0.73,
      "Kills": 11,
      "Death": 15,
      "TKill": 2,
      "Dmg": 3486,
      "DPM": 493,
      "FlagCap": 1,
      "FlagTake": 6,
      "FlagTime": "0:31",
      "FlagStop": 0,
      "Win": 1,
      "Draw": 0,
      "Loss": 0,
      "TimePlayed": "7:04",
      "Classes": "Sold 100%"
    },
    {
      "Name": "stmearth-2156",
      "KPM": 2.28,
      "KD": 0.8,
      "Kills": 16,
      "Death": 20,
      "TKill": 1,
      "Dmg": 4451,
      "DPM": 634,
      "FlagCap": 2,
      "FlagTake": 11,
      "FlagTime": "0:38",
      "FlagStop": 0,
      "Win": 1,
      "Draw": 0,
      "Loss": 0,
      "TimePlayed": "7:01",
      "Classes": "Pyro 86%|Sco  14%"
    },
    {
      "Name": "w1ggy",
      "KPM": 2.41,
      "KD": 0.89,
      "Kills": 17,
      "Death": 19,
      "TKill": 0,
      "Dmg": 3394,
      "DPM": 480,
      "FlagCap": 1,
      "FlagTake": 8,
      "FlagTime": "0:10",
      "FlagStop": 0,
      "Win": 1,
      "Draw": 0,
      "Loss": 0,
      "TimePlayed": "7:04",
      "Classes": "Med  100%"
    }
  ],
  "SummaryDefence": [
    {
      "Name": "bstmfox",
      "KPM": 1.7,
      "KD": 0.67,
      "Kills": 12,
      "Death": 18,
      "TKill": 0,
      "Dmg": 2464,
      "DPM": 349,
      "FlagCap": 0,
      "FlagTake": 0,
      "FlagTime": 0,
      "FlagStop": 1,
      "Win": 0,
      "Draw": 0,
      "Loss": 1,
      "TimePlayed": "7:04",
      "Classes": "Eng  100%"
    },
    {
      "Name": "justice.wwg",
      "KPM": 3.25,
      "KD": 1.21,
      "Kills": 23,
      "Death": 19,
      "TKill": 9,
      "Dmg": 4664,
      "DPM": 660,
      "FlagCap": 0,
      "FlagTake": 0,
      "FlagTime": 0,
      "FlagStop": 5,
      "Win": 0,
      "Draw": 0,
      "Loss": 1,
      "TimePlayed": "7:04",
      "Classes": "Demo 100%"
    },
    {
      "Name": "predator",
      "KPM": 1.7,
      "KD": 0.8,
      "Kills": 12,
      "Death": 15,
      "TKill": 5,
      "Dmg": 2941,
      "DPM": 416,
      "FlagCap": 0,
      "FlagTake": 0,
      "FlagTime": 0,
      "FlagStop": 3,
      "Win": 0,
      "Draw": 0,
      "Loss": 1,
      "TimePlayed": "7:04",
      "Classes": "HwG  100%"
    },
    {
      "Name": "tech",
      "KPM": 1.13,
      "KD": 0.47,
      "Kills": 8,
      "Death": 17,
      "TKill": 3,
      "Dmg": 3602,
      "DPM": 510,
      "FlagCap": 0,
      "FlagTake": 0,
      "FlagTime": 0,
      "FlagStop": 3,
      "Win": 0,
      "Draw": 0,
      "Loss": 1,
      "TimePlayed": "7:04",
      "Classes": "Sold 100%"
    },
    {
      "Name": "(1)ciabrice",
      "KPM": 1.4,
      "KD": 0.61,
      "Kills": 14,
      "Death": 23,
      "TKill": 1,
      "Dmg": 3209,
      "DPM": 321,
      "FlagCap": 0,
      "FlagTake": 0,
      "FlagTime": 0,
      "FlagStop": 1,
      "Win": 1,
      "Draw": 0,
      "Loss": 0,
      "TimePlayed": "10:00",
      "Classes": "Eng  100%"
    },
    {
      "Name": "driz",
      "KPM": 2.5,
      "KD": 1.32,
      "Kills": 25,
      "Death": 19,
      "TKill": 5,
      "Dmg": 6850,
      "DPM": 685,
      "FlagCap": 0,
      "FlagTake": 0,
      "FlagTime": 0,
      "FlagStop": 1,
      "Win": 1,
      "Draw": 0,
      "Loss": 0,
      "TimePlayed": "10:00",
      "Classes": "HwG  100%"
    },
    {
      "Name": "stmearth-2156",
      "KPM": 2.1,
      "KD": 1.05,
      "Kills": 21,
      "Death": 20,
      "TKill": 5,
      "Dmg": 3873,
      "DPM": 387,
      "FlagCap": 0,
      "FlagTake": 0,
      "FlagTime": 0,
      "FlagStop": 5,
      "Win": 1,
      "Draw": 0,
      "Loss": 0,
      "TimePlayed": "10:00",
      "Classes": "Demo 100%"
    },
    {
      "Name": "w1ggy",
      "KPM": 2.6,
      "KD": 1.24,
      "Kills": 26,
      "Death": 21,
      "TKill": 5,
      "Dmg": 6999,
      "DPM": 700,
      "FlagCap": 0,
      "FlagTake": 0,
      "FlagTime": 0,
      "FlagStop": 2,
      "Win": 1,
      "Draw": 0,
      "Loss": 0,
      "TimePlayed": "10:00",
      "Classes": "Sold 100%"
    }
  ],
  "ClassFragAttack": [
    {
      "Name": "bstmfox",
      "Sco": 0,
      "KPM1": null,
      "Sold": 0,
      "KPM3": null,
      "Demo": 0,
      "KPM4": null,
      "Med": 0,
      "KPM5": null,
      "HwG": 0,
      "KPM6": null,
      "Pyro": 0,
      "KPM7": null,
      "Spy": 12,
      "KPM8": 1.2,
      "Eng": 0,
      "KPM9": null,
      "SG": 0,
      "KPM0": null
    },
    {
      "Name": "justice.wwg",
      "Sco": 0,
      "KPM1": null,
      "Sold": 0,
      "KPM3": null,
      "Demo": 0,
      "KPM4": null,
      "Med": 0,
      "KPM5": null,
      "HwG": 0,
      "KPM6": null,
      "Pyro": 13,
      "KPM7": 1.4,
      "Spy": 1,
      "KPM8": 1.4,
      "Eng": 0,
      "KPM9": null,
      "SG": 0,
      "KPM0": null
    },
    {
      "Name": "predator",
      "Sco": 0,
      "KPM1": null,
      "Sold": 32,
      "KPM3": 3.2,
      "Demo": 0,
      "KPM4": null,
      "Med": 0,
      "KPM5": null,
      "HwG": 0,
      "KPM6": null,
      "Pyro": 0,
      "KPM7": null,
      "Spy": 0,
      "KPM8": null,
      "Eng": 0,
      "KPM9": null,
      "SG": 0,
      "KPM0": null
    },
    {
      "Name": "tech",
      "Sco": 0,
      "KPM1": null,
      "Sold": 0,
      "KPM3": null,
      "Demo": 0,
      "KPM4": null,
      "Med": 12,
      "KPM5": 1.2,
      "HwG": 0,
      "KPM6": null,
      "Pyro": 0,
      "KPM7": null,
      "Spy": 0,
      "KPM8": null,
      "Eng": 0,
      "KPM9": null,
      "SG": 0,
      "KPM0": null
    },
    {
      "Name": "(1)ciabrice",
      "Sco": 0,
      "KPM1": null,
      "Sold": 0,
      "KPM3": null,
      "Demo": 0,
      "KPM4": null,
      "Med": 0,
      "KPM5": null,
      "HwG": 0,
      "KPM6": null,
      "Pyro": 0,
      "KPM7": null,
      "Spy": 11,
      "KPM8": 1.56,
      "Eng": 0,
      "KPM9": null,
      "SG": 0,
      "KPM0": null
    },
    {
      "Name": "driz",
      "Sco": 0,
      "KPM1": null,
      "Sold": 11,
      "KPM3": 1.56,
      "Demo": 0,
      "KPM4": null,
      "Med": 0,
      "KPM5": null,
      "HwG": 0,
      "KPM6": null,
      "Pyro": 0,
      "KPM7": null,
      "Spy": 0,
      "KPM8": null,
      "Eng": 0,
      "KPM9": null,
      "SG": 0,
      "KPM0": null
    },
    {
      "Name": "stmearth-2156",
      "Sco": 0,
      "KPM1": null,
      "Sold": 0,
      "KPM3": null,
      "Demo": 0,
      "KPM4": null,
      "Med": 0,
      "KPM5": null,
      "HwG": 0,
      "KPM6": null,
      "Pyro": 16,
      "KPM7": 2.67,
      "Spy": 0,
      "KPM8": null,
      "Eng": 0,
      "KPM9": null,
      "SG": 0,
      "KPM0": null
    },
    {
      "Name": "w1ggy",
      "Sco": 0,
      "KPM1": null,
      "Sold": 0,
      "KPM3": null,
      "Demo": 0,
      "KPM4": null,
      "Med": 17,
      "KPM5": 2.41,
      "HwG": 0,
      "KPM6": null,
      "Pyro": 0,
      "KPM7": null,
      "Spy": 0,
      "KPM8": null,
      "Eng": 0,
      "KPM9": null,
      "SG": 0,
      "KPM0": null
    }
  ],
  "ClassFragDefence": [
    {
      "Name": "bstmfox",
      "Sco": 0,
      "KPM1": null,
      "Sold": 0,
      "KPM3": null,
      "Demo": 0,
      "KPM4": null,
      "Med": 0,
      "KPM5": null,
      "HwG": 0,
      "KPM6": null,
      "Pyro": 0,
      "KPM7": null,
      "Spy": 0,
      "KPM8": null,
      "Eng": 3,
      "KPM9": 0.42,
      "SG": 9,
      "KPM0": 1.27
    },
    {
      "Name": "justice.wwg",
      "Sco": 0,
      "KPM1": null,
      "Sold": 0,
      "KPM3": null,
      "Demo": 23,
      "KPM4": 3.25,
      "Med": 0,
      "KPM5": null,
      "HwG": 0,
      "KPM6": null,
      "Pyro": 0,
      "KPM7": null,
      "Spy": 0,
      "KPM8": null,
      "Eng": 0,
      "KPM9": null,
      "SG": 0,
      "KPM0": null
    },
    {
      "Name": "predator",
      "Sco": 0,
      "KPM1": null,
      "Sold": 0,
      "KPM3": null,
      "Demo": 0,
      "KPM4": null,
      "Med": 0,
      "KPM5": null,
      "HwG": 12,
      "KPM6": 1.7,
      "Pyro": 0,
      "KPM7": null,
      "Spy": 0,
      "KPM8": null,
      "Eng": 0,
      "KPM9": null,
      "SG": 0,
      "KPM0": null
    },
    {
      "Name": "tech",
      "Sco": 0,
      "KPM1": null,
      "Sold": 8,
      "KPM3": 1.13,
      "Demo": 0,
      "KPM4": null,
      "Med": 0,
      "KPM5": null,
      "HwG": 0,
      "KPM6": null,
      "Pyro": 0,
      "KPM7": null,
      "Spy": 0,
      "KPM8": null,
      "Eng": 0,
      "KPM9": null,
      "SG": 0,
      "KPM0": null
    },
    {
      "Name": "(1)ciabrice",
      "Sco": 0,
      "KPM1": null,
      "Sold": 0,
      "KPM3": null,
      "Demo": 0,
      "KPM4": null,
      "Med": 0,
      "KPM5": null,
      "HwG": 0,
      "KPM6": null,
      "Pyro": 0,
      "KPM7": null,
      "Spy": 0,
      "KPM8": null,
      "Eng": 6,
      "KPM9": 0.6,
      "SG": 8,
      "KPM0": 0.8
    },
    {
      "Name": "driz",
      "Sco": 0,
      "KPM1": null,
      "Sold": 0,
      "KPM3": null,
      "Demo": 0,
      "KPM4": null,
      "Med": 0,
      "KPM5": null,
      "HwG": 25,
      "KPM6": 2.5,
      "Pyro": 0,
      "KPM7": null,
      "Spy": 0,
      "KPM8": null,
      "Eng": 0,
      "KPM9": null,
      "SG": 0,
      "KPM0": null
    },
    {
      "Name": "stmearth-2156",
      "Sco": 0,
      "KPM1": null,
      "Sold": 0,
      "KPM3": null,
      "Demo": 21,
      "KPM4": 2.1,
      "Med": 0,
      "KPM5": null,
      "HwG": 0,
      "KPM6": null,
      "Pyro": 0,
      "KPM7": null,
      "Spy": 0,
      "KPM8": null,
      "Eng": 0,
      "KPM9": null,
      "SG": 0,
      "KPM0": null
    },
    {
      "Name": "w1ggy",
      "Sco": 0,
      "KPM1": null,
      "Sold": 26,
      "KPM3": 2.6,
      "Demo": 0,
      "KPM4": null,
      "Med": 0,
      "KPM5": null,
      "HwG": 0,
      "KPM6": null,
      "Pyro": 0,
      "KPM7": null,
      "Spy": 0,
      "KPM8": null,
      "Eng": 0,
      "KPM9": null,
      "SG": 0,
      "KPM0": null
    }
  ],
  "ClassTimeAttack": [
    {
      "Name": "bstmfox",
      "Sco": 0,
      "Sold": 0,
      "Demo": 0,
      "Med": 0,
      "HwG": 0,
      "Pyro": 0,
      "Spy": 600,
      "Eng": 0
    },
    {
      "Name": "justice.wwg",
      "Sco": 0,
      "Sold": 0,
      "Demo": 0,
      "Med": 0,
      "HwG": 0,
      "Pyro": 557,
      "Spy": 43,
      "Eng": 0
    },
    {
      "Name": "predator",
      "Sco": 0,
      "Sold": 600,
      "Demo": 0,
      "Med": 0,
      "HwG": 0,
      "Pyro": 0,
      "Spy": 0,
      "Eng": 0
    },
    {
      "Name": "tech",
      "Sco": 0,
      "Sold": 0,
      "Demo": 0,
      "Med": 600,
      "HwG": 0,
      "Pyro": 0,
      "Spy": 0,
      "Eng": 0
    },
    {
      "Name": "(1)ciabrice",
      "Sco": 0,
      "Sold": 0,
      "Demo": 0,
      "Med": 0,
      "HwG": 0,
      "Pyro": 0,
      "Spy": 424,
      "Eng": 0
    },
    {
      "Name": "driz",
      "Sco": 0,
      "Sold": 424,
      "Demo": 0,
      "Med": 0,
      "HwG": 0,
      "Pyro": 0,
      "Spy": 0,
      "Eng": 0
    },
    {
      "Name": "stmearth-2156",
      "Sco": 61,
      "Sold": 0,
      "Demo": 0,
      "Med": 0,
      "HwG": 0,
      "Pyro": 360,
      "Spy": 0,
      "Eng": 0
    },
    {
      "Name": "w1ggy",
      "Sco": 0,
      "Sold": 0,
      "Demo": 0,
      "Med": 424,
      "HwG": 0,
      "Pyro": 0,
      "Spy": 0,
      "Eng": 0
    }
  ],
  "ClassTimeDefence": [
    {
      "Name": "bstmfox",
      "Sco": 0,
      "Sold": 0,
      "Demo": 0,
      "Med": 0,
      "HwG": 0,
      "Pyro": 0,
      "Spy": 0,
      "Eng": 424
    },
    {
      "Name": "justice.wwg",
      "Sco": 0,
      "Sold": 0,
      "Demo": 424,
      "Med": 0,
      "HwG": 0,
      "Pyro": 0,
      "Spy": 0,
      "Eng": 0
    },
    {
      "Name": "predator",
      "Sco": 0,
      "Sold": 0,
      "Demo": 0,
      "Med": 0,
      "HwG": 424,
      "Pyro": 0,
      "Spy": 0,
      "Eng": 0
    },
    {
      "Name": "tech",
      "Sco": 0,
      "Sold": 424,
      "Demo": 0,
      "Med": 0,
      "HwG": 0,
      "Pyro": 0,
      "Spy": 0,
      "Eng": 0
    },
    {
      "Name": "(1)ciabrice",
      "Sco": 0,
      "Sold": 0,
      "Demo": 0,
      "Med": 0,
      "HwG": 0,
      "Pyro": 0,
      "Spy": 0,
      "Eng": 600
    },
    {
      "Name": "driz",
      "Sco": 0,
      "Sold": 0,
      "Demo": 0,
      "Med": 0,
      "HwG": 600,
      "Pyro": 0,
      "Spy": 0,
      "Eng": 0
    },
    {
      "Name": "stmearth-2156",
      "Sco": 0,
      "Sold": 0,
      "Demo": 600,
      "Med": 0,
      "HwG": 0,
      "Pyro": 0,
      "Spy": 0,
      "Eng": 0
    },
    {
      "Name": "w1ggy",
      "Sco": 0,
      "Sold": 600,
      "Demo": 0,
      "Med": 0,
      "HwG": 0,
      "Pyro": 0,
      "Spy": 0,
      "Eng": 0
    }
  ]
}
