{
  "Matches": [
    {
      "Server": "virginia/staging",
      "Match": "2023-08-04-21-25-30_[33smooth_b1]",
      "Winner": "Team1",
      "Rating": "50 %",
      "Score1": 30,
      "Team1": "eub4s1c.fi,euhaunter.pt,eupain.pl,eusharky.de",
      "Score2": 20,
      "Team2": "usabugattiw,usajusticew,usatechww,usatulkasw"
    }
  ],
  "SummaryAttack": [
    {
      "Name": "eub4s1c.fi",
      "KPM": 1.3,
      "KD": 0.57,
      "Kills": 13,
      "Death": 23,
      "TKill": 0,
      "Dmg": 3797.0,
      "DPM": 380.0,
      "FlagCap": 1,
      "FlagTake": 3.0,
      "FlagTime": "0:07",
      "FlagStop": 0,
      "Win": 1,
      "Draw": 0,
      "Loss": 0,
      "TimePlayed": "10:00",
      "Classes": "Pyro 100 %"
    },
    {
      "Name": "euhaunter.pt",
      "KPM": 1.4,
      "KD": 0.64,
      "Kills": 14,
      "Death": 22,
      "TKill": 1,
      "Dmg": 5226.0,
      "DPM": 523.0,
      "FlagCap": 1,
      "FlagTake": 3.0,
      "FlagTime": "0:03",
      "FlagStop": 0,
      "Win": 1,
      "Draw": 0,
      "Loss": 0,
      "TimePlayed": "10:00",
      "Classes": "Sold 100 %"
    },
    {
      "Name": "eupain.pl",
      "KPM": 0.4,
      "KD": 0.19,
      "Kills": 4,
      "Death": 21,
      "TKill": 2,
      "Dmg": 1231.0,
      "DPM": 123.0,
      "FlagCap": 1,
      "FlagTake": 2.0,
      "FlagTime": "0:04",
      "FlagStop": 0,
      "Win": 1,
      "Draw": 0,
      "Loss": 0,
      "TimePlayed": "10:00",
      "Classes": "Eng  87 %|Spy  13 %"
    },
    {
      "Name": "eusharky.de",
      "KPM": 0.1,
      "KD": 0.04,
      "Kills": 1,
      "Death": 23,
      "TKill": 0,
      "Dmg": 400.0,
      "DPM": 40.0,
      "FlagCap": 3.0,
      "FlagTake": 8.0,
      "FlagTime": "1:10",
      "FlagStop": 0,
      "Win": 1,
      "Draw": 0,
      "Loss": 0,
      "TimePlayed": "10:00",
      "Classes": "Sco  100 %"
    },
    {
      "Name": "usabugattiw",
      "KPM": 1.6,
      "KD": 0.7,
      "Kills": 16,
      "Death": 23,
      "TKill": 1,
      "Dmg": 3868.0,
      "DPM": 387.0,
      "FlagCap": 1,
      "FlagTake": 4.0,
      "FlagTime": "0:04",
      "FlagStop": 0,
      "Win": 0,
      "Draw": 0,
      "Loss": 1,
      "TimePlayed": "10:00",
      "Classes": "Sold 100 %"
    },
    {
      "Name": "usajusticew",
      "KPM": 0.1,
      "KD": 0.04,
      "Kills": 1,
      "Death": 25,
      "TKill": 0,
      "Dmg": 230.0,
      "DPM": 23.0,
      "FlagCap": 1.0,
      "FlagTake": 17.0,
      "FlagTime": "0:35",
      "FlagStop": 0,
      "Win": 0,
      "Draw": 0,
      "Loss": 1,
      "TimePlayed": "10:00",
      "Classes": "Sco  64 %|Spy  33 %|Demo 3 %"
    },
    {
      "Name": "usatechww",
      "KPM": 1.1,
      "KD": 0.44,
      "Kills": 11,
      "Death": 25,
      "TKill": 1,
      "Dmg": 1807.0,
      "DPM": 181.0,
      "FlagCap": 1.0,
      "FlagTake": 6.0,
      "FlagTime": "0:14",
      "FlagStop": 0,
      "Win": 0,
      "Draw": 0,
      "Loss": 1,
      "TimePlayed": "10:00",
      "Classes": "Med  100 %"
    },
    {
      "Name": "usatulkasw",
      "KPM": 1.5,
      "KD": 0.75,
      "Kills": 15,
      "Death": 20,
      "TKill": 0,
      "Dmg": 2408.0,
      "DPM": 241.0,
      "FlagCap": 1,
      "FlagTake": 1.0,
      "FlagTime": "0:01",
      "FlagStop": 0,
      "Win": 0,
      "Draw": 0,
      "Loss": 1,
      "TimePlayed": "10:00",
      "Classes": "Pyro 96 %|Eng  4 %"
    }
  ],
  "SummaryDefence": [
    {
      "Name": "eub4s1c.fi",
      "KPM": 1.7,
      "KD": 1.89,
      "Kills": 17,
      "Death": 9,
      "TKill": 4,
      "Dmg": 3325.0,
      "DPM": 332.0,
      "FlagCap": 0,
      "FlagTake": 0,
      "FlagTime": 0,
      "FlagStop": 1,
      "Win": 1,
      "Draw": 0,
      "Loss": 0,
      "TimePlayed": "10:00",
      "Classes": "Demo 100 %"
    },
    {
      "Name": "euhaunter.pt",
      "KPM": 2.3,
      "KD": 1.05,
      "Kills": 23,
      "Death": 22,
      "TKill": 6,
      "Dmg": 5218.0,
      "DPM": 522.0,
      "FlagCap": 0,
      "FlagTake": 0,
      "FlagTime": 0,
      "FlagStop": 1,
      "Win": 1,
      "Draw": 0,
      "Loss": 0,
      "TimePlayed": "10:00",
      "Classes": "Sold 100 %"
    },
    {
      "Name": "eupain.pl",
      "KPM": 1.9,
      "KD": 0.76,
      "Kills": 19,
      "Death": 25,
      "TKill": 2,
      "Dmg": 4597.0,
      "DPM": 460.0,
      "FlagCap": 0,
      "FlagTake": 0,
      "FlagTime": 0,
      "FlagStop": 1,
      "Win": 1,
      "Draw": 0,
      "Loss": 0,
      "TimePlayed": "10:00",
      "Classes": "Pyro 100 %"
    },
    {
      "Name": "eusharky.de",
      "KPM": 2.5,
      "KD": 2.5,
      "Kills": 25,
      "Death": 10,
      "TKill": 2,
      "Dmg": 5451.0,
      "DPM": 545.0,
      "FlagCap": 0,
      "FlagTake": 0,
      "FlagTime": 0,
      "FlagStop": 1,
      "Win": 1,
      "Draw": 0,
      "Loss": 0,
      "TimePlayed": "10:00",
      "Classes": "Eng  100 %"
    },
    {
      "Name": "usabugattiw",
      "KPM": 2.6,
      "KD": 1.18,
      "Kills": 26,
      "Death": 22,
      "TKill": 3,
      "Dmg": 6301.0,
      "DPM": 630.0,
      "FlagCap": 0,
      "FlagTake": 0,
      "FlagTime": 0,
      "FlagStop": 1,
      "Win": 0,
      "Draw": 0,
      "Loss": 1,
      "TimePlayed": "10:00",
      "Classes": "Sold 100 %"
    },
    {
      "Name": "usajusticew",
      "KPM": 2.0,
      "KD": 2.5,
      "Kills": 20,
      "Death": 8,
      "TKill": 5,
      "Dmg": 2587.0,
      "DPM": 259.0,
      "FlagCap": 0,
      "FlagTake": 0,
      "FlagTime": 0,
      "FlagStop": 1,
      "Win": 0,
      "Draw": 0,
      "Loss": 1,
      "TimePlayed": "10:00",
      "Classes": "Demo 100 %"
    },
    {
      "Name": "usatechww",
      "KPM": 2.2,
      "KD": 1.22,
      "Kills": 22,
      "Death": 18,
      "TKill": 0,
      "Dmg": 4414.0,
      "DPM": 441.0,
      "FlagCap": 0,
      "FlagTake": 0,
      "FlagTime": 0,
      "FlagStop": 1,
      "Win": 0,
      "Draw": 0,
      "Loss": 1,
      "TimePlayed": "10:00",
      "Classes": "Pyro 100 %"
    },
    {
      "Name": "usatulkasw",
      "KPM": 1.1,
      "KD": 1.0,
      "Kills": 11,
      "Death": 11,
      "TKill": 3,
      "Dmg": 2453.0,
      "DPM": 245.0,
      "FlagCap": 0,
      "FlagTake": 0,
      "FlagTime": 0,
      "FlagStop": 1,
      "Win": 0,
      "Draw": 0,
      "Loss": 1,
      "TimePlayed": "10:00",
      "Classes": "Eng  100 %"
    }
  ],
  "ClassFragAttack": [
    {
      "Name": "eub4s1c.fi",
      "Sco": 0,
      "KPM1": null,
      "Sold": 0,
      "KPM3": null,
      "Demo": 0,
      "KPM4": null,
      "Med": 0,
      "KPM5": null,
      "HwG": 0,
      "KPM6": null,
      "Pyro": 13.0,
      "KPM7": 1.3,
      "Spy": 0,
      "KPM8": null,
      "Eng": 0,
      "KPM9": null,
      "SG": 0,
      "KPM0": null
    },
    {
      "Name": "euhaunter.pt",
      "Sco": 0,
      "KPM1": null,
      "Sold": 14.0,
      "KPM3": 1.4,
      "Demo": 0,
      "KPM4": null,
      "Med": 0,
      "KPM5": null,
      "HwG": 0,
      "KPM6": null,
      "Pyro": 0,
      "KPM7": null,
      "Spy": 0,
      "KPM8": null,
      "Eng": 0,
      "KPM9": null,
      "SG": 0,
      "KPM0": null
    },
    {
      "Name": "eupain.pl",
      "Sco": 0,
      "KPM1": null,
      "Sold": 0,
      "KPM3": null,
      "Demo": 0,
      "KPM4": null,
      "Med": 0,
      "KPM5": null,
      "HwG": 0,
      "KPM6": null,
      "Pyro": 0,
      "KPM7": null,
      "Spy": 2.0,
      "KPM8": 1.58,
      "Eng": 2.0,
      "KPM9": 0.23,
      "SG": 0,
      "KPM0": null
    },
    {
      "Name": "eusharky.de",
      "Sco": 1.0,
      "KPM1": 0.1,
      "Sold": 0,
      "KPM3": null,
      "Demo": 0,
      "KPM4": null,
      "Med": 0,
      "KPM5": null,
      "HwG": 0,
      "KPM6": null,
      "Pyro": 0,
      "KPM7": null,
      "Spy": 0,
      "KPM8": null,
      "Eng": 0,
      "KPM9": null,
      "SG": 0,
      "KPM0": null
    },
    {
      "Name": "usabugattiw",
      "Sco": 0,
      "KPM1": null,
      "Sold": 16.0,
      "KPM3": 1.6,
      "Demo": 0,
      "KPM4": null,
      "Med": 0,
      "KPM5": null,
      "HwG": 0,
      "KPM6": null,
      "Pyro": 0,
      "KPM7": null,
      "Spy": 0,
      "KPM8": null,
      "Eng": 0,
      "KPM9": null,
      "SG": 0,
      "KPM0": null
    },
    {
      "Name": "usajusticew",
      "Sco": 1.0,
      "KPM1": 0.16,
      "Sold": 0,
      "KPM3": null,
      "Demo": 0,
      "KPM4": null,
      "Med": 0,
      "KPM5": null,
      "HwG": 0,
      "KPM6": null,
      "Pyro": 0,
      "KPM7": null,
      "Spy": 0,
      "KPM8": null,
      "Eng": 0,
      "KPM9": null,
      "SG": 0,
      "KPM0": null
    },
    {
      "Name": "usatechww",
      "Sco": 0,
      "KPM1": null,
      "Sold": 0,
      "KPM3": null,
      "Demo": 0,
      "KPM4": null,
      "Med": 11.0,
      "KPM5": 1.1,
      "HwG": 0,
      "KPM6": null,
      "Pyro": 0,
      "KPM7": null,
      "Spy": 0,
      "KPM8": null,
      "Eng": 0,
      "KPM9": null,
      "SG": 0,
      "KPM0": null
    },
    {
      "Name": "usatulkasw",
      "Sco": 0,
      "KPM1": null,
      "Sold": 0,
      "KPM3": null,
      "Demo": 0,
      "KPM4": null,
      "Med": 0,
      "KPM5": null,
      "HwG": 0,
      "KPM6": null,
      "Pyro": 15.0,
      "KPM7": 1.56,
      "Spy": 0,
      "KPM8": null,
      "Eng": 0,
      "KPM9": null,
      "SG": 0,
      "KPM0": null
    }
  ],
  "ClassFragDefence": [
    {
      "Name": "eub4s1c.fi",
      "Sco": 0,
      "KPM1": null,
      "Sold": 0,
      "KPM3": null,
      "Demo": 17.0,
      "KPM4": 1.7,
      "Med": 0,
      "KPM5": null,
      "HwG": 0,
      "KPM6": null,
      "Pyro": 0,
      "KPM7": null,
      "Spy": 0,
      "KPM8": null,
      "Eng": 0,
      "KPM9": null,
      "SG": 0,
      "KPM0": null
    },
    {
      "Name": "euhaunter.pt",
      "Sco": 0,
      "KPM1": null,
      "Sold": 23.0,
      "KPM3": 2.3,
      "Demo": 0,
      "KPM4": null,
      "Med": 0,
      "KPM5": null,
      "HwG": 0,
      "KPM6": null,
      "Pyro": 0,
      "KPM7": null,
      "Spy": 0,
      "KPM8": null,
      "Eng": 0,
      "KPM9": null,
      "SG": 0,
      "KPM0": null
    },
    {
      "Name": "eupain.pl",
      "Sco": 0,
      "KPM1": null,
      "Sold": 0,
      "KPM3": null,
      "Demo": 0,
      "KPM4": null,
      "Med": 0,
      "KPM5": null,
      "HwG": 0,
      "KPM6": null,
      "Pyro": 19.0,
      "KPM7": 1.9,
      "Spy": 0,
      "KPM8": null,
      "Eng": 0,
      "KPM9": null,
      "SG": 0,
      "KPM0": null
    },
    {
      "Name": "eusharky.de",
      "Sco": 0,
      "KPM1": null,
      "Sold": 0,
      "KPM3": null,
      "Demo": 0,
      "KPM4": null,
      "Med": 0,
      "KPM5": null,
      "HwG": 0,
      "KPM6": null,
      "Pyro": 0,
      "KPM7": null,
      "Spy": 0,
      "KPM8": null,
      "Eng": 10.0,
      "KPM9": 1.0,
      "SG": 15.0,
      "KPM0": 1.5
    },
    {
      "Name": "usabugattiw",
      "Sco": 0,
      "KPM1": null,
      "Sold": 26.0,
      "KPM3": 2.6,
      "Demo": 0,
      "KPM4": null,
      "Med": 0,
      "KPM5": null,
      "HwG": 0,
      "KPM6": null,
      "Pyro": 0,
      "KPM7": null,
      "Spy": 0,
      "KPM8": null,
      "Eng": 0,
      "KPM9": null,
      "SG": 0,
      "KPM0": null
    },
    {
      "Name": "usajusticew",
      "Sco": 0,
      "KPM1": null,
      "Sold": 0,
      "KPM3": null,
      "Demo": 20.0,
      "KPM4": 2.0,
      "Med": 0,
      "KPM5": null,
      "HwG": 0,
      "KPM6": null,
      "Pyro": 0,
      "KPM7": null,
      "Spy": 0,
      "KPM8": null,
      "Eng": 0,
      "KPM9": null,
      "SG": 0,
      "KPM0": null
    },
    {
      "Name": "usatechww",
      "Sco": 0,
      "KPM1": null,
      "Sold": 0,
      "KPM3": null,
      "Demo": 0,
      "KPM4": null,
      "Med": 0,
      "KPM5": null,
      "HwG": 0,
      "KPM6": null,
      "Pyro": 22.0,
      "KPM7": 2.2,
      "Spy": 0,
      "KPM8": null,
      "Eng": 0,
      "KPM9": null,
      "SG": 0,
      "KPM0": null
    },
    {
      "Name": "usatulkasw",
      "Sco": 0,
      "KPM1": null,
      "Sold": 0,
      "KPM3": null,
      "Demo": 0,
      "KPM4": null,
      "Med": 0,
      "KPM5": null,
      "HwG": 0,
      "KPM6": null,
      "Pyro": 0,
      "KPM7": null,
      "Spy": 0,
      "KPM8": null,
      "Eng": 9.0,
      "KPM9": 0.9,
      "SG": 2.0,
      "KPM0": 0.2
    }
  ],
  "ClassTimeAttack": [
    {
      "Name": "eub4s1c.fi",
      "Sco": 0,
      "Sold": 0,
      "Demo": 0,
      "Med": 0,
      "HwG": 0,
      "Pyro": 600,
      "Spy": 0,
      "Eng": 0
    },
    {
      "Name": "euhaunter.pt",
      "Sco": 0,
      "Sold": 600,
      "Demo": 0,
      "Med": 0,
      "HwG": 0,
      "Pyro": 0,
      "Spy": 0,
      "Eng": 0
    },
    {
      "Name": "eupain.pl",
      "Sco": 0,
      "Sold": 0,
      "Demo": 0,
      "Med": 0,
      "HwG": 0,
      "Pyro": 0,
      "Spy": 76,
      "Eng": 524
    },
    {
      "Name": "eusharky.de",
      "Sco": 600,
      "Sold": 0,
      "Demo": 0,
      "Med": 0,
      "HwG": 0,
      "Pyro": 0,
      "Spy": 0,
      "Eng": 0
    },
    {
      "Name": "usabugattiw",
      "Sco": 0,
      "Sold": 600,
      "Demo": 0,
      "Med": 0,
      "HwG": 0,
      "Pyro": 0,
      "Spy": 0,
      "Eng": 0
    },
    {
      "Name": "usajusticew",
      "Sco": 382,
      "Sold": 0,
      "Demo": 20,
      "Med": 0,
      "HwG": 0,
      "Pyro": 0,
      "Spy": 198,
      "Eng": 0
    },
    {
      "Name": "usatechww",
      "Sco": 0,
      "Sold": 0,
      "Demo": 0,
      "Med": 600,
      "HwG": 0,
      "Pyro": 0,
      "Spy": 0,
      "Eng": 0
    },
    {
      "Name": "usatulkasw",
      "Sco": 0,
      "Sold": 0,
      "Demo": 0,
      "Med": 0,
      "HwG": 0,
      "Pyro": 577,
      "Spy": 0,
      "Eng": 23
    }
  ],
  "ClassTimeDefence": [
    {
      "Name": "eub4s1c.fi",
      "Sco": 0,
      "Sold": 0,
      "Demo": 600,
      "Med": 0,
      "HwG": 0,
      "Pyro": 0,
      "Spy": 0,
      "Eng": 0
    },
    {
      "Name": "euhaunter.pt",
      "Sco": 0,
      "Sold": 600,
      "Demo": 0,
      "Med": 0,
      "HwG": 0,
      "Pyro": 0,
      "Spy": 0,
      "Eng": 0
    },
    {
      "Name": "eupain.pl",
      "Sco": 0,
      "Sold": 0,
      "Demo": 0,
      "Med": 0,
      "HwG": 0,
      "Pyro": 600,
      "Spy": 0,
      "Eng": 0
    },
    {
      "Name": "eusharky.de",
      "Sco": 0,
      "Sold": 0,
      "Demo": 0,
      "Med": 0,
      "HwG": 0,
      "Pyro": 0,
      "Spy": 0,
      "Eng": 600
    },
    {
      "Name": "usabugattiw",
      "Sco": 0,
      "Sold": 600,
      "Demo": 0,
      "Med": 0,
      "HwG": 0,
      "Pyro": 0,
      "Spy": 0,
      "Eng": 0
    },
    {
      "Name": "usajusticew",
      "Sco": 0,
      "Sold": 0,
      "Demo": 600,
      "Med": 0,
      "HwG": 0,
      "Pyro": 0,
      "Spy": 0,
      "Eng": 0
    },
    {
      "Name": "usatechww",
      "Sco": 0,
      "Sold": 0,
      "Demo": 0,
      "Med": 0,
      "HwG": 0,
      "Pyro": 600,
      "Spy": 0,
      "Eng": 0
    },
    {
      "Name": "usatulkasw",
      "Sco": 0,
      "Sold": 0,
      "Demo": 0,
      "Med": 0,
      "HwG": 0,
      "Pyro": 0,
      "Spy": 0,
      "Eng": 600
    }
  ]
}
