﻿{
    "Matches":  [
                    {
                        "Server":  "virginia/staging/",
                        "Match":  "2023-10-18-23-46-38_[ff-phantomr]",
                        "Winner":  "Team2",
                        "Rating":  "11%",
                        "Score1":  50,
                        "Team1":  "Carp#478,fantomar#191,guiturtle#808,newby#281,shock144#485",
                        "Score2":  60,
                        "Team2":  "bw#479,scottybugattiz#61,welsher#52,wiggybr#73"
                    }
                ],
    "SummaryAttack":  [
                          {
                              "Name":  "Carp#478",
                              "KPM":  2.92,
                              "KD":  1,
                              "Kills":  29,
                              "Death":  29,
                              "TKill":  2,
                              "Dmg":  5306,
                              "DPM":  534,
                              "SGKills":  3,
                              "SGDeath":  0,
                              "FlagCap":  0,
                              "FlagTake":  7,
                              "FlagTime":  "0:04",
                              "FlagStop":  0,
                              "Win":  0,
                              "Draw":  0,
                              "Loss":  1,
                              "TimePlayed":  "9:56",
                              "Classes":  "Sold 100%"
                          },
                          {
                              "Name":  "fantomar#191",
                              "KPM":  3.6,
                              "KD":  1.03,
                              "Kills":  36,
                              "Death":  35,
                              "TKill":  1,
                              "Dmg":  5786,
                              "DPM":  579,
                              "SGKills":  10,
                              "SGDeath":  0,
                              "FlagCap":  0,
                              "FlagTake":  3,
                              "FlagTime":  "0:01",
                              "FlagStop":  0,
                              "Win":  0,
                              "Draw":  0,
                              "Loss":  1,
                              "TimePlayed":  "10:00",
                              "Classes":  "Pyro 100%"
                          },
                          {
                              "Name":  "newby#281",
                              "KPM":  0.4,
                              "KD":  0.13,
                              "Kills":  4,
                              "Death":  31,
                              "TKill":  0,
                              "Dmg":  1227,
                              "DPM":  123,
                              "SGKills":  4,
                              "SGDeath":  0,
                              "FlagCap":  4,
                              "FlagTake":  15,
                              "FlagTime":  "1:23",
                              "FlagStop":  0,
                              "Win":  0,
                              "Draw":  0,
                              "Loss":  1,
                              "TimePlayed":  "10:00",
                              "Classes":  "Med  100%"
                          },
                          {
                              "Name":  "shock144#485",
                              "KPM":  1.4,
                              "KD":  0.47,
                              "Kills":  14,
                              "Death":  30,
                              "TKill":  2,
                              "Dmg":  2643,
                              "DPM":  264,
                              "SGKills":  3,
                              "SGDeath":  0,
                              "FlagCap":  1,
                              "FlagTake":  8,
                              "FlagTime":  "0:24",
                              "FlagStop":  0,
                              "Win":  0,
                              "Draw":  0,
                              "Loss":  1,
                              "TimePlayed":  "10:00",
                              "Classes":  "Spy  100%"
                          },
                          {
                              "Name":  "bw#479",
                              "KPM":  1.24,
                              "KD":  0.39,
                              "Kills":  11,
                              "Death":  28,
                              "TKill":  2,
                              "Dmg":  2539,
                              "DPM":  286,
                              "SGKills":  2,
                              "SGDeath":  0,
                              "FlagCap":  0,
                              "FlagTake":  8,
                              "FlagTime":  "0:13",
                              "FlagStop":  0,
                              "Win":  1,
                              "Draw":  0,
                              "Loss":  0,
                              "TimePlayed":  "8:52",
                              "Classes":  "Spy  100%"
                          },
                          {
                              "Name":  "scottybugattiz#61",
                              "KPM":  1.24,
                              "KD":  0.38,
                              "Kills":  11,
                              "Death":  29,
                              "TKill":  0,
                              "Dmg":  1761,
                              "DPM":  199,
                              "SGKills":  2,
                              "SGDeath":  0,
                              "FlagCap":  2,
                              "FlagTake":  10,
                              "FlagTime":  "0:37",
                              "FlagStop":  0,
                              "Win":  1,
                              "Draw":  0,
                              "Loss":  0,
                              "TimePlayed":  "8:52",
                              "Classes":  "Med  100%"
                          },
                          {
                              "Name":  "welsher#52",
                              "KPM":  2.14,
                              "KD":  0.68,
                              "Kills":  19,
                              "Death":  28,
                              "TKill":  1,
                              "Dmg":  3967,
                              "DPM":  447,
                              "SGKills":  5,
                              "SGDeath":  0,
                              "FlagCap":  2,
                              "FlagTake":  11,
                              "FlagTime":  "0:45",
                              "FlagStop":  0,
                              "Win":  1,
                              "Draw":  0,
                              "Loss":  0,
                              "TimePlayed":  "8:52",
                              "Classes":  "Pyro 100%"
                          },
                          {
                              "Name":  "wiggybr#73",
                              "KPM":  2.82,
                              "KD":  1,
                              "Kills":  25,
                              "Death":  25,
                              "TKill":  1,
                              "Dmg":  5554,
                              "DPM":  626,
                              "SGKills":  4,
                              "SGDeath":  0,
                              "FlagCap":  2,
                              "FlagTake":  3,
                              "FlagTime":  "0:24",
                              "FlagStop":  0,
                              "Win":  1,
                              "Draw":  0,
                              "Loss":  0,
                              "TimePlayed":  "8:52",
                              "Classes":  "Sold 100%"
                          }
                      ],
    "SummaryDefence":  [
                           {
                               "Name":  "Carp#478",
                               "KPM":  3.05,
                               "KD":  1.12,
                               "Kills":  27,
                               "Death":  24,
                               "TKill":  8,
                               "Dmg":  5769,
                               "DPM":  651,
                               "SGKills":  0,
                               "SGDeath":  0,
                               "FlagCap":  0,
                               "FlagTake":  0,
                               "FlagTime":  0,
                               "FlagStop":  2,
                               "Win":  0,
                               "Draw":  0,
                               "Loss":  1,
                               "TimePlayed":  "8:52",
                               "Classes":  "Demo 100%"
                           },
                           {
                               "Name":  "fantomar#191",
                               "KPM":  2.26,
                               "KD":  0.65,
                               "Kills":  20,
                               "Death":  31,
                               "TKill":  4,
                               "Dmg":  5860,
                               "DPM":  661,
                               "SGKills":  0,
                               "SGDeath":  0,
                               "FlagCap":  0,
                               "FlagTake":  0,
                               "FlagTime":  0,
                               "FlagStop":  2,
                               "Win":  0,
                               "Draw":  0,
                               "Loss":  1,
                               "TimePlayed":  "8:52",
                               "Classes":  "Pyro 100%"
                           },
                           {
                               "Name":  "newby#281",
                               "KPM":  3.72,
                               "KD":  1.83,
                               "Kills":  33,
                               "Death":  18,
                               "TKill":  5,
                               "Dmg":  6393,
                               "DPM":  721,
                               "SGKills":  0,
                               "SGDeath":  0,
                               "FlagCap":  0,
                               "FlagTake":  0,
                               "FlagTime":  0,
                               "FlagStop":  3,
                               "Win":  0,
                               "Draw":  0,
                               "Loss":  1,
                               "TimePlayed":  "8:52",
                               "Classes":  "HwG  100%"
                           },
                           {
                               "Name":  "shock144#485",
                               "KPM":  2.26,
                               "KD":  0.95,
                               "Kills":  20,
                               "Death":  21,
                               "TKill":  2,
                               "Dmg":  4849,
                               "DPM":  547,
                               "SGKills":  0,
                               "SGDeath":  13,
                               "FlagCap":  0,
                               "FlagTake":  0,
                               "FlagTime":  0,
                               "FlagStop":  4,
                               "Win":  0,
                               "Draw":  0,
                               "Loss":  1,
                               "TimePlayed":  "8:52",
                               "Classes":  "Eng  100%"
                           },
                           {
                               "Name":  "bw#479",
                               "KPM":  2.4,
                               "KD":  0.73,
                               "Kills":  24,
                               "Death":  33,
                               "TKill":  3,
                               "Dmg":  4300,
                               "DPM":  430,
                               "SGKills":  0,
                               "SGDeath":  20,
                               "FlagCap":  0,
                               "FlagTake":  0,
                               "FlagTime":  0,
                               "FlagStop":  3,
                               "Win":  1,
                               "Draw":  0,
                               "Loss":  0,
                               "TimePlayed":  "10:00",
                               "Classes":  "Eng  100%"
                           },
                           {
                               "Name":  "scottybugattiz#61",
                               "KPM":  3.9,
                               "KD":  1.22,
                               "Kills":  39,
                               "Death":  32,
                               "TKill":  16,
                               "Dmg":  7759,
                               "DPM":  776,
                               "SGKills":  0,
                               "SGDeath":  0,
                               "FlagCap":  0,
                               "FlagTake":  0,
                               "FlagTime":  0,
                               "FlagStop":  8,
                               "Win":  1,
                               "Draw":  0,
                               "Loss":  0,
                               "TimePlayed":  "10:00",
                               "Classes":  "Demo 100%"
                           },
                           {
                               "Name":  "welsher#52",
                               "KPM":  2.5,
                               "KD":  1.32,
                               "Kills":  25,
                               "Death":  19,
                               "TKill":  7,
                               "Dmg":  5630,
                               "DPM":  563,
                               "SGKills":  0,
                               "SGDeath":  0,
                               "FlagCap":  0,
                               "FlagTake":  0,
                               "FlagTime":  0,
                               "FlagStop":  4,
                               "Win":  1,
                               "Draw":  0,
                               "Loss":  0,
                               "TimePlayed":  "10:00",
                               "Classes":  "HwG  100%"
                           },
                           {
                               "Name":  "wiggybr#73",
                               "KPM":  1.9,
                               "KD":  0.61,
                               "Kills":  19,
                               "Death":  31,
                               "TKill":  7,
                               "Dmg":  5710,
                               "DPM":  571,
                               "SGKills":  0,
                               "SGDeath":  0,
                               "FlagCap":  0,
                               "FlagTake":  0,
                               "FlagTime":  0,
                               "FlagStop":  1,
                               "Win":  1,
                               "Draw":  0,
                               "Loss":  0,
                               "TimePlayed":  "10:00",
                               "Classes":  "Pyro 100%"
                           }
                       ],
    "ClassFragAttack":  [
                            {
                                "Name":  "Carp#478",
                                "Sco":  0,
                                "KPM1":  null,
                                "Sold":  29,
                                "KPM3":  2.92,
                                "Demo":  0,
                                "KPM4":  null,
                                "Med":  0,
                                "KPM5":  null,
                                "HwG":  0,
                                "KPM6":  null,
                                "Pyro":  0,
                                "KPM7":  null,
                                "Spy":  0,
                                "KPM8":  null,
                                "Eng":  0,
                                "KPM9":  null,
                                "SG":  0,
                                "KPM0":  null
                            },
                            {
                                "Name":  "fantomar#191",
                                "Sco":  0,
                                "KPM1":  null,
                                "Sold":  0,
                                "KPM3":  null,
                                "Demo":  0,
                                "KPM4":  null,
                                "Med":  0,
                                "KPM5":  null,
                                "HwG":  0,
                                "KPM6":  null,
                                "Pyro":  36,
                                "KPM7":  3.6,
                                "Spy":  0,
                                "KPM8":  null,
                                "Eng":  0,
                                "KPM9":  null,
                                "SG":  0,
                                "KPM0":  null
                            },
                            {
                                "Name":  "newby#281",
                                "Sco":  0,
                                "KPM1":  null,
                                "Sold":  0,
                                "KPM3":  null,
                                "Demo":  0,
                                "KPM4":  null,
                                "Med":  4,
                                "KPM5":  0.4,
                                "HwG":  0,
                                "KPM6":  null,
                                "Pyro":  0,
                                "KPM7":  null,
                                "Spy":  0,
                                "KPM8":  null,
                                "Eng":  0,
                                "KPM9":  null,
                                "SG":  0,
                                "KPM0":  null
                            },
                            {
                                "Name":  "shock144#485",
                                "Sco":  0,
                                "KPM1":  null,
                                "Sold":  0,
                                "KPM3":  null,
                                "Demo":  0,
                                "KPM4":  null,
                                "Med":  0,
                                "KPM5":  null,
                                "HwG":  0,
                                "KPM6":  null,
                                "Pyro":  0,
                                "KPM7":  null,
                                "Spy":  14,
                                "KPM8":  1.4,
                                "Eng":  0,
                                "KPM9":  null,
                                "SG":  0,
                                "KPM0":  null
                            },
                            {
                                "Name":  "bw#479",
                                "Sco":  0,
                                "KPM1":  null,
                                "Sold":  0,
                                "KPM3":  null,
                                "Demo":  0,
                                "KPM4":  null,
                                "Med":  0,
                                "KPM5":  null,
                                "HwG":  0,
                                "KPM6":  null,
                                "Pyro":  0,
                                "KPM7":  null,
                                "Spy":  11,
                                "KPM8":  1.24,
                                "Eng":  0,
                                "KPM9":  null,
                                "SG":  0,
                                "KPM0":  null
                            },
                            {
                                "Name":  "scottybugattiz#61",
                                "Sco":  0,
                                "KPM1":  null,
                                "Sold":  0,
                                "KPM3":  null,
                                "Demo":  0,
                                "KPM4":  null,
                                "Med":  11,
                                "KPM5":  1.24,
                                "HwG":  0,
                                "KPM6":  null,
                                "Pyro":  0,
                                "KPM7":  null,
                                "Spy":  0,
                                "KPM8":  null,
                                "Eng":  0,
                                "KPM9":  null,
                                "SG":  0,
                                "KPM0":  null
                            },
                            {
                                "Name":  "welsher#52",
                                "Sco":  0,
                                "KPM1":  null,
                                "Sold":  0,
                                "KPM3":  null,
                                "Demo":  0,
                                "KPM4":  null,
                                "Med":  0,
                                "KPM5":  null,
                                "HwG":  0,
                                "KPM6":  null,
                                "Pyro":  19,
                                "KPM7":  2.14,
                                "Spy":  0,
                                "KPM8":  null,
                                "Eng":  0,
                                "KPM9":  null,
                                "SG":  0,
                                "KPM0":  null
                            },
                            {
                                "Name":  "wiggybr#73",
                                "Sco":  0,
                                "KPM1":  null,
                                "Sold":  25,
                                "KPM3":  2.82,
                                "Demo":  0,
                                "KPM4":  null,
                                "Med":  0,
                                "KPM5":  null,
                                "HwG":  0,
                                "KPM6":  null,
                                "Pyro":  0,
                                "KPM7":  null,
                                "Spy":  0,
                                "KPM8":  null,
                                "Eng":  0,
                                "KPM9":  null,
                                "SG":  0,
                                "KPM0":  null
                            }
                        ],
    "ClassFragDefence":  [
                             {
                                 "Name":  "Carp#478",
                                 "Sco":  0,
                                 "KPM1":  null,
                                 "Sold":  0,
                                 "KPM3":  null,
                                 "Demo":  27,
                                 "KPM4":  3.05,
                                 "Med":  0,
                                 "KPM5":  null,
                                 "HwG":  0,
                                 "KPM6":  null,
                                 "Pyro":  0,
                                 "KPM7":  null,
                                 "Spy":  0,
                                 "KPM8":  null,
                                 "Eng":  0,
                                 "KPM9":  null,
                                 "SG":  0,
                                 "KPM0":  null
                             },
                             {
                                 "Name":  "fantomar#191",
                                 "Sco":  0,
                                 "KPM1":  null,
                                 "Sold":  0,
                                 "KPM3":  null,
                                 "Demo":  0,
                                 "KPM4":  null,
                                 "Med":  0,
                                 "KPM5":  null,
                                 "HwG":  0,
                                 "KPM6":  null,
                                 "Pyro":  20,
                                 "KPM7":  2.26,
                                 "Spy":  0,
                                 "KPM8":  null,
                                 "Eng":  0,
                                 "KPM9":  null,
                                 "SG":  0,
                                 "KPM0":  null
                             },
                             {
                                 "Name":  "newby#281",
                                 "Sco":  0,
                                 "KPM1":  null,
                                 "Sold":  0,
                                 "KPM3":  null,
                                 "Demo":  0,
                                 "KPM4":  null,
                                 "Med":  0,
                                 "KPM5":  null,
                                 "HwG":  33,
                                 "KPM6":  3.72,
                                 "Pyro":  0,
                                 "KPM7":  null,
                                 "Spy":  0,
                                 "KPM8":  null,
                                 "Eng":  0,
                                 "KPM9":  null,
                                 "SG":  0,
                                 "KPM0":  null
                             },
                             {
                                 "Name":  "shock144#485",
                                 "Sco":  0,
                                 "KPM1":  null,
                                 "Sold":  0,
                                 "KPM3":  null,
                                 "Demo":  0,
                                 "KPM4":  null,
                                 "Med":  0,
                                 "KPM5":  null,
                                 "HwG":  0,
                                 "KPM6":  null,
                                 "Pyro":  0,
                                 "KPM7":  null,
                                 "Spy":  0,
                                 "KPM8":  null,
                                 "Eng":  7,
                                 "KPM9":  0.79,
                                 "SG":  13,
                                 "KPM0":  1.47
                             },
                             {
                                 "Name":  "bw#479",
                                 "Sco":  0,
                                 "KPM1":  null,
                                 "Sold":  0,
                                 "KPM3":  null,
                                 "Demo":  0,
                                 "KPM4":  null,
                                 "Med":  0,
                                 "KPM5":  null,
                                 "HwG":  0,
                                 "KPM6":  null,
                                 "Pyro":  0,
                                 "KPM7":  null,
                                 "Spy":  0,
                                 "KPM8":  null,
                                 "Eng":  18,
                                 "KPM9":  1.8,
                                 "SG":  6,
                                 "KPM0":  0.6
                             },
                             {
                                 "Name":  "scottybugattiz#61",
                                 "Sco":  0,
                                 "KPM1":  null,
                                 "Sold":  0,
                                 "KPM3":  null,
                                 "Demo":  39,
                                 "KPM4":  3.9,
                                 "Med":  0,
                                 "KPM5":  null,
                                 "HwG":  0,
                                 "KPM6":  null,
                                 "Pyro":  0,
                                 "KPM7":  null,
                                 "Spy":  0,
                                 "KPM8":  null,
                                 "Eng":  0,
                                 "KPM9":  null,
                                 "SG":  0,
                                 "KPM0":  null
                             },
                             {
                                 "Name":  "welsher#52",
                                 "Sco":  0,
                                 "KPM1":  null,
                                 "Sold":  0,
                                 "KPM3":  null,
                                 "Demo":  0,
                                 "KPM4":  null,
                                 "Med":  0,
                                 "KPM5":  null,
                                 "HwG":  25,
                                 "KPM6":  2.5,
                                 "Pyro":  0,
                                 "KPM7":  null,
                                 "Spy":  0,
                                 "KPM8":  null,
                                 "Eng":  0,
                                 "KPM9":  null,
                                 "SG":  0,
                                 "KPM0":  null
                             },
                             {
                                 "Name":  "wiggybr#73",
                                 "Sco":  0,
                                 "KPM1":  null,
                                 "Sold":  0,
                                 "KPM3":  null,
                                 "Demo":  0,
                                 "KPM4":  null,
                                 "Med":  0,
                                 "KPM5":  null,
                                 "HwG":  0,
                                 "KPM6":  null,
                                 "Pyro":  19,
                                 "KPM7":  1.9,
                                 "Spy":  0,
                                 "KPM8":  null,
                                 "Eng":  0,
                                 "KPM9":  null,
                                 "SG":  0,
                                 "KPM0":  null
                             }
                         ],
    "ClassTimeAttack":  [
                            {
                                "Name":  "Carp#478",
                                "Sco":  0,
                                "Sold":  596,
                                "Demo":  0,
                                "Med":  0,
                                "HwG":  0,
                                "Pyro":  0,
                                "Spy":  0,
                                "Eng":  0
                            },
                            {
                                "Name":  "fantomar#191",
                                "Sco":  0,
                                "Sold":  0,
                                "Demo":  0,
                                "Med":  0,
                                "HwG":  0,
                                "Pyro":  600,
                                "Spy":  0,
                                "Eng":  0
                            },
                            {
                                "Name":  "newby#281",
                                "Sco":  0,
                                "Sold":  0,
                                "Demo":  0,
                                "Med":  600,
                                "HwG":  0,
                                "Pyro":  0,
                                "Spy":  0,
                                "Eng":  0
                            },
                            {
                                "Name":  "shock144#485",
                                "Sco":  0,
                                "Sold":  0,
                                "Demo":  0,
                                "Med":  0,
                                "HwG":  0,
                                "Pyro":  0,
                                "Spy":  600,
                                "Eng":  0
                            },
                            {
                                "Name":  "bw#479",
                                "Sco":  0,
                                "Sold":  0,
                                "Demo":  0,
                                "Med":  0,
                                "HwG":  0,
                                "Pyro":  0,
                                "Spy":  532,
                                "Eng":  0
                            },
                            {
                                "Name":  "scottybugattiz#61",
                                "Sco":  0,
                                "Sold":  0,
                                "Demo":  0,
                                "Med":  532,
                                "HwG":  0,
                                "Pyro":  0,
                                "Spy":  0,
                                "Eng":  0
                            },
                            {
                                "Name":  "welsher#52",
                                "Sco":  0,
                                "Sold":  0,
                                "Demo":  0,
                                "Med":  0,
                                "HwG":  0,
                                "Pyro":  532,
                                "Spy":  0,
                                "Eng":  0
                            },
                            {
                                "Name":  "wiggybr#73",
                                "Sco":  0,
                                "Sold":  532,
                                "Demo":  0,
                                "Med":  0,
                                "HwG":  0,
                                "Pyro":  0,
                                "Spy":  0,
                                "Eng":  0
                            }
                        ],
    "ClassTimeDefence":  [
                             {
                                 "Name":  "Carp#478",
                                 "Sco":  0,
                                 "Sold":  0,
                                 "Demo":  532,
                                 "Med":  0,
                                 "HwG":  0,
                                 "Pyro":  0,
                                 "Spy":  0,
                                 "Eng":  0
                             },
                             {
                                 "Name":  "fantomar#191",
                                 "Sco":  0,
                                 "Sold":  0,
                                 "Demo":  0,
                                 "Med":  0,
                                 "HwG":  0,
                                 "Pyro":  532,
                                 "Spy":  0,
                                 "Eng":  0
                             },
                             {
                                 "Name":  "newby#281",
                                 "Sco":  0,
                                 "Sold":  0,
                                 "Demo":  0,
                                 "Med":  0,
                                 "HwG":  532,
                                 "Pyro":  0,
                                 "Spy":  0,
                                 "Eng":  0
                             },
                             {
                                 "Name":  "shock144#485",
                                 "Sco":  0,
                                 "Sold":  0,
                                 "Demo":  0,
                                 "Med":  0,
                                 "HwG":  0,
                                 "Pyro":  0,
                                 "Spy":  0,
                                 "Eng":  532
                             },
                             {
                                 "Name":  "bw#479",
                                 "Sco":  0,
                                 "Sold":  0,
                                 "Demo":  0,
                                 "Med":  0,
                                 "HwG":  0,
                                 "Pyro":  0,
                                 "Spy":  0,
                                 "Eng":  600
                             },
                             {
                                 "Name":  "scottybugattiz#61",
                                 "Sco":  0,
                                 "Sold":  0,
                                 "Demo":  600,
                                 "Med":  0,
                                 "HwG":  0,
                                 "Pyro":  0,
                                 "Spy":  0,
                                 "Eng":  0
                             },
                             {
                                 "Name":  "welsher#52",
                                 "Sco":  0,
                                 "Sold":  0,
                                 "Demo":  0,
                                 "Med":  0,
                                 "HwG":  600,
                                 "Pyro":  0,
                                 "Spy":  0,
                                 "Eng":  0
                             },
                             {
                                 "Name":  "wiggybr#73",
                                 "Sco":  0,
                                 "Sold":  0,
                                 "Demo":  0,
                                 "Med":  0,
                                 "HwG":  0,
                                 "Pyro":  600,
                                 "Spy":  0,
                                 "Eng":  0
                             }
                         ]
}
