{
  "Matches": [
    {
      "Server": "virginia/staging/",
      "Match": "2024-01-12-22-15-40_[h5rdcore_b2]",
      "Winner": "Team2",
      "Rating": "6 %",
      "Score1": 60,
      "Team1": "Carp#478,grome#741,Kylarn#302,welsher#52",
      "Score2": 70,
      "Team2": "Predator#47,REV6thecarn#312,scottybugattiz#61,wos..#430"
    }
  ],
  "SummaryAttack": [
    {
      "Name": "Carp#478",
      "KPM": 3.0,
      "KD": 1.07,
      "Kills": 30,
      "Death": 28,
      "TKill": 1,
      "Dmg": 6045.0,
      "DPM": 604.0,
      "SGKills": 3.0,
      "SGDeath": 0,
      "FlagCap": 0,
      "FlagTake": 10.0,
      "FlagTime": "0:18",
      "FlagStop": 0,
      "Win": 0,
      "Draw": 0,
      "Loss": 1,
      "TimePlayed": "10:00",
      "Classes": "Sold 100 %"
    },
    {
      "Name": "grome#741",
      "KPM": 1.3,
      "KD": 0.48,
      "Kills": 13,
      "Death": 27,
      "TKill": 1,
      "Dmg": 1708.0,
      "DPM": 171.0,
      "SGKills": 4.0,
      "SGDeath": 0,
      "FlagCap": 2.0,
      "FlagTake": 15.0,
      "FlagTime": "0:57",
      "FlagStop": 0,
      "Win": 0,
      "Draw": 0,
      "Loss": 1,
      "TimePlayed": "10:00",
      "Classes": "Spy  100 %"
    },
    {
      "Name": "Kylarn#302",
      "KPM": 1.6,
      "KD": 0.59,
      "Kills": 16,
      "Death": 27,
      "TKill": 0,
      "Dmg": 4014.0,
      "DPM": 401.0,
      "SGKills": 2.0,
      "SGDeath": 0,
      "FlagCap": 1.0,
      "FlagTake": 9.0,
      "FlagTime": "0:31",
      "FlagStop": 0,
      "Win": 0,
      "Draw": 0,
      "Loss": 1,
      "TimePlayed": "10:00",
      "Classes": "Med  100 %"
    },
    {
      "Name": "welsher#52",
      "KPM": 3.6,
      "KD": 1.0,
      "Kills": 36,
      "Death": 36,
      "TKill": 1,
      "Dmg": 5577.0,
      "DPM": 558.0,
      "SGKills": 6.0,
      "SGDeath": 0,
      "FlagCap": 3.0,
      "FlagTake": 15.0,
      "FlagTime": "0:39",
      "FlagStop": 0,
      "Win": 0,
      "Draw": 0,
      "Loss": 1,
      "TimePlayed": "10:00",
      "Classes": "Pyro 100 %"
    },
    {
      "Name": "Predator#47",
      "KPM": 2.34,
      "KD": 0.69,
      "Kills": 22,
      "Death": 32,
      "TKill": 3,
      "Dmg": 6633.0,
      "DPM": 707.0,
      "SGKills": 0,
      "SGDeath": 0,
      "FlagCap": 1.0,
      "FlagTake": 22.0,
      "FlagTime": "0:37",
      "FlagStop": 0,
      "Win": 1,
      "Draw": 0,
      "Loss": 0,
      "TimePlayed": "9:23",
      "Classes": "Sold 100 %"
    },
    {
      "Name": "REV6thecarn#312",
      "KPM": 2.56,
      "KD": 0.73,
      "Kills": 24,
      "Death": 33,
      "TKill": 1,
      "Dmg": 6931.0,
      "DPM": 739.0,
      "SGKills": 3.0,
      "SGDeath": 0,
      "FlagCap": 0,
      "FlagTake": 5.0,
      "FlagTime": "0:07",
      "FlagStop": 0,
      "Win": 1,
      "Draw": 0,
      "Loss": 0,
      "TimePlayed": "9:23",
      "Classes": "Pyro 100 %"
    },
    {
      "Name": "scottybugattiz#61",
      "KPM": 0.85,
      "KD": 0.28,
      "Kills": 8,
      "Death": 29,
      "TKill": 0,
      "Dmg": 2330.0,
      "DPM": 248.0,
      "SGKills": 0,
      "SGDeath": 0,
      "FlagCap": 4.0,
      "FlagTake": 22.0,
      "FlagTime": "1:07",
      "FlagStop": 0,
      "Win": 1,
      "Draw": 0,
      "Loss": 0,
      "TimePlayed": "9:23",
      "Classes": "Med  100 %"
    },
    {
      "Name": "wos..#430",
      "KPM": 1.17,
      "KD": 0.42,
      "Kills": 11,
      "Death": 26,
      "TKill": 0,
      "Dmg": 2696.0,
      "DPM": 287.0,
      "SGKills": 0,
      "SGDeath": 0,
      "FlagCap": 2.0,
      "FlagTake": 17.0,
      "FlagTime": "0:50",
      "FlagStop": 0,
      "Win": 1,
      "Draw": 0,
      "Loss": 0,
      "TimePlayed": "9:23",
      "Classes": "Spy  100 %"
    }
  ],
  "SummaryDefence": [
    {
      "Name": "Carp#478",
      "KPM": 3.73,
      "KD": 1.06,
      "Kills": 35,
      "Death": 33,
      "TKill": 15,
      "Dmg": 7724.0,
      "DPM": 823.0,
      "SGKills": 0,
      "SGDeath": 0,
      "FlagCap": 0,
      "FlagTake": 0,
      "FlagTime": 0,
      "FlagStop": 13.0,
      "Win": 0,
      "Draw": 0,
      "Loss": 1,
      "TimePlayed": "9:23",
      "Classes": "Demo 100 %"
    },
    {
      "Name": "grome#741",
      "KPM": 1.81,
      "KD": 0.52,
      "Kills": 17,
      "Death": 33,
      "TKill": 4,
      "Dmg": 4713.0,
      "DPM": 502.0,
      "SGKills": 0,
      "SGDeath": 0,
      "FlagCap": 0,
      "FlagTake": 0,
      "FlagTime": 0,
      "FlagStop": 1.0,
      "Win": 0,
      "Draw": 0,
      "Loss": 1,
      "TimePlayed": "9:23",
      "Classes": "Pyro 100 %"
    },
    {
      "Name": "Kylarn#302",
      "KPM": 2.13,
      "KD": 0.87,
      "Kills": 20,
      "Death": 23,
      "TKill": 9,
      "Dmg": 4975.0,
      "DPM": 530.0,
      "SGKills": 0,
      "SGDeath": 3.0,
      "FlagCap": 0,
      "FlagTake": 0,
      "FlagTime": 0,
      "FlagStop": 2.0,
      "Win": 0,
      "Draw": 0,
      "Loss": 1,
      "TimePlayed": "9:23",
      "Classes": "HwG  87 %|Eng  13 %"
    },
    {
      "Name": "welsher#52",
      "KPM": 3.52,
      "KD": 0.94,
      "Kills": 33,
      "Death": 35,
      "TKill": 3,
      "Dmg": 6564.0,
      "DPM": 700.0,
      "SGKills": 0,
      "SGDeath": 0,
      "FlagCap": 0,
      "FlagTake": 0,
      "FlagTime": 0,
      "FlagStop": 6.0,
      "Win": 0,
      "Draw": 0,
      "Loss": 1,
      "TimePlayed": "9:23",
      "Classes": "Sold 100 %"
    },
    {
      "Name": "Predator#47",
      "KPM": 1.8,
      "KD": 0.45,
      "Kills": 18,
      "Death": 40,
      "TKill": 9,
      "Dmg": 5526.0,
      "DPM": 553.0,
      "SGKills": 0,
      "SGDeath": 0,
      "FlagCap": 0,
      "FlagTake": 0,
      "FlagTime": 0,
      "FlagStop": 5.0,
      "Win": 1,
      "Draw": 0,
      "Loss": 0,
      "TimePlayed": "10:00",
      "Classes": "Demo 100 %"
    },
    {
      "Name": "REV6thecarn#312",
      "KPM": 2.9,
      "KD": 0.85,
      "Kills": 29,
      "Death": 34,
      "TKill": 3,
      "Dmg": 5507.0,
      "DPM": 551.0,
      "SGKills": 0,
      "SGDeath": 0,
      "FlagCap": 0,
      "FlagTake": 0,
      "FlagTime": 0,
      "FlagStop": 4.0,
      "Win": 1,
      "Draw": 0,
      "Loss": 0,
      "TimePlayed": "10:00",
      "Classes": "Pyro 100 %"
    },
    {
      "Name": "scottybugattiz#61",
      "KPM": 3.3,
      "KD": 1.06,
      "Kills": 33,
      "Death": 31,
      "TKill": 12,
      "Dmg": 7904.0,
      "DPM": 790.0,
      "SGKills": 0,
      "SGDeath": 0,
      "FlagCap": 0,
      "FlagTake": 0,
      "FlagTime": 0,
      "FlagStop": 3.0,
      "Win": 1,
      "Draw": 0,
      "Loss": 0,
      "TimePlayed": "10:00",
      "Classes": "Sold 100 %"
    },
    {
      "Name": "wos..#430",
      "KPM": 2.2,
      "KD": 0.79,
      "Kills": 22,
      "Death": 28,
      "TKill": 7,
      "Dmg": 5630.0,
      "DPM": 563.0,
      "SGKills": 0,
      "SGDeath": 15.0,
      "FlagCap": 0,
      "FlagTake": 0,
      "FlagTime": 0,
      "FlagStop": 3.0,
      "Win": 1,
      "Draw": 0,
      "Loss": 0,
      "TimePlayed": "10:00",
      "Classes": "Eng  100 %"
    }
  ],
  "ClassFragAttack": [
    {
      "Name": "Carp#478",
      "Sco": 0,
      "KPM1": null,
      "Sold": 30.0,
      "KPM3": 3.0,
      "Demo": 0,
      "KPM4": null,
      "Med": 0,
      "KPM5": null,
      "HwG": 0,
      "KPM6": null,
      "Pyro": 0,
      "KPM7": null,
      "Spy": 0,
      "KPM8": null,
      "Eng": 0,
      "KPM9": null,
      "SG": 0,
      "KPM0": null
    },
    {
      "Name": "grome#741",
      "Sco": 0,
      "KPM1": null,
      "Sold": 0,
      "KPM3": null,
      "Demo": 0,
      "KPM4": null,
      "Med": 0,
      "KPM5": null,
      "HwG": 0,
      "KPM6": null,
      "Pyro": 0,
      "KPM7": null,
      "Spy": 13.0,
      "KPM8": 1.3,
      "Eng": 0,
      "KPM9": null,
      "SG": 0,
      "KPM0": null
    },
    {
      "Name": "Kylarn#302",
      "Sco": 0,
      "KPM1": null,
      "Sold": 0,
      "KPM3": null,
      "Demo": 0,
      "KPM4": null,
      "Med": 16.0,
      "KPM5": 1.6,
      "HwG": 0,
      "KPM6": null,
      "Pyro": 0,
      "KPM7": null,
      "Spy": 0,
      "KPM8": null,
      "Eng": 0,
      "KPM9": null,
      "SG": 0,
      "KPM0": null
    },
    {
      "Name": "welsher#52",
      "Sco": 0,
      "KPM1": null,
      "Sold": 0,
      "KPM3": null,
      "Demo": 0,
      "KPM4": null,
      "Med": 0,
      "KPM5": null,
      "HwG": 0,
      "KPM6": null,
      "Pyro": 36.0,
      "KPM7": 3.6,
      "Spy": 0,
      "KPM8": null,
      "Eng": 0,
      "KPM9": null,
      "SG": 0,
      "KPM0": null
    },
    {
      "Name": "Predator#47",
      "Sco": 0,
      "KPM1": null,
      "Sold": 22.0,
      "KPM3": 2.34,
      "Demo": 0,
      "KPM4": null,
      "Med": 0,
      "KPM5": null,
      "HwG": 0,
      "KPM6": null,
      "Pyro": 0,
      "KPM7": null,
      "Spy": 0,
      "KPM8": null,
      "Eng": 0,
      "KPM9": null,
      "SG": 0,
      "KPM0": null
    },
    {
      "Name": "REV6thecarn#312",
      "Sco": 0,
      "KPM1": null,
      "Sold": 0,
      "KPM3": null,
      "Demo": 0,
      "KPM4": null,
      "Med": 0,
      "KPM5": null,
      "HwG": 0,
      "KPM6": null,
      "Pyro": 24.0,
      "KPM7": 2.56,
      "Spy": 0,
      "KPM8": null,
      "Eng": 0,
      "KPM9": null,
      "SG": 0,
      "KPM0": null
    },
    {
      "Name": "scottybugattiz#61",
      "Sco": 0,
      "KPM1": null,
      "Sold": 0,
      "KPM3": null,
      "Demo": 0,
      "KPM4": null,
      "Med": 8.0,
      "KPM5": 0.85,
      "HwG": 0,
      "KPM6": null,
      "Pyro": 0,
      "KPM7": null,
      "Spy": 0,
      "KPM8": null,
      "Eng": 0,
      "KPM9": null,
      "SG": 0,
      "KPM0": null
    },
    {
      "Name": "wos..#430",
      "Sco": 0,
      "KPM1": null,
      "Sold": 0,
      "KPM3": null,
      "Demo": 0,
      "KPM4": null,
      "Med": 0,
      "KPM5": null,
      "HwG": 0,
      "KPM6": null,
      "Pyro": 0,
      "KPM7": null,
      "Spy": 11.0,
      "KPM8": 1.17,
      "Eng": 0,
      "KPM9": null,
      "SG": 0,
      "KPM0": null
    }
  ],
  "ClassFragDefence": [
    {
      "Name": "Carp#478",
      "Sco": 0,
      "KPM1": null,
      "Sold": 0,
      "KPM3": null,
      "Demo": 35.0,
      "KPM4": 3.73,
      "Med": 0,
      "KPM5": null,
      "HwG": 0,
      "KPM6": null,
      "Pyro": 0,
      "KPM7": null,
      "Spy": 0,
      "KPM8": null,
      "Eng": 0,
      "KPM9": null,
      "SG": 0,
      "KPM0": null
    },
    {
      "Name": "grome#741",
      "Sco": 0,
      "KPM1": null,
      "Sold": 0,
      "KPM3": null,
      "Demo": 0,
      "KPM4": null,
      "Med": 0,
      "KPM5": null,
      "HwG": 0,
      "KPM6": null,
      "Pyro": 17.0,
      "KPM7": 1.81,
      "Spy": 0,
      "KPM8": null,
      "Eng": 0,
      "KPM9": null,
      "SG": 0,
      "KPM0": null
    },
    {
      "Name": "Kylarn#302",
      "Sco": 0,
      "KPM1": null,
      "Sold": 0,
      "KPM3": null,
      "Demo": 0,
      "KPM4": null,
      "Med": 0,
      "KPM5": null,
      "HwG": 19.0,
      "KPM6": 2.34,
      "Pyro": 0,
      "KPM7": null,
      "Spy": 0,
      "KPM8": null,
      "Eng": 1.0,
      "KPM9": 0.8,
      "SG": 0,
      "KPM0": null
    },
    {
      "Name": "welsher#52",
      "Sco": 0,
      "KPM1": null,
      "Sold": 33.0,
      "KPM3": 3.52,
      "Demo": 0,
      "KPM4": null,
      "Med": 0,
      "KPM5": null,
      "HwG": 0,
      "KPM6": null,
      "Pyro": 0,
      "KPM7": null,
      "Spy": 0,
      "KPM8": null,
      "Eng": 0,
      "KPM9": null,
      "SG": 0,
      "KPM0": null
    },
    {
      "Name": "Predator#47",
      "Sco": 0,
      "KPM1": null,
      "Sold": 0,
      "KPM3": null,
      "Demo": 18.0,
      "KPM4": 1.8,
      "Med": 0,
      "KPM5": null,
      "HwG": 0,
      "KPM6": null,
      "Pyro": 0,
      "KPM7": null,
      "Spy": 0,
      "KPM8": null,
      "Eng": 0,
      "KPM9": null,
      "SG": 0,
      "KPM0": null
    },
    {
      "Name": "REV6thecarn#312",
      "Sco": 0,
      "KPM1": null,
      "Sold": 0,
      "KPM3": null,
      "Demo": 0,
      "KPM4": null,
      "Med": 0,
      "KPM5": null,
      "HwG": 0,
      "KPM6": null,
      "Pyro": 29.0,
      "KPM7": 2.9,
      "Spy": 0,
      "KPM8": null,
      "Eng": 0,
      "KPM9": null,
      "SG": 0,
      "KPM0": null
    },
    {
      "Name": "scottybugattiz#61",
      "Sco": 0,
      "KPM1": null,
      "Sold": 33.0,
      "KPM3": 3.3,
      "Demo": 0,
      "KPM4": null,
      "Med": 0,
      "KPM5": null,
      "HwG": 0,
      "KPM6": null,
      "Pyro": 0,
      "KPM7": null,
      "Spy": 0,
      "KPM8": null,
      "Eng": 0,
      "KPM9": null,
      "SG": 0,
      "KPM0": null
    },
    {
      "Name": "wos..#430",
      "Sco": 0,
      "KPM1": null,
      "Sold": 0,
      "KPM3": null,
      "Demo": 0,
      "KPM4": null,
      "Med": 0,
      "KPM5": null,
      "HwG": 0,
      "KPM6": null,
      "Pyro": 0,
      "KPM7": null,
      "Spy": 0,
      "KPM8": null,
      "Eng": 13.0,
      "KPM9": 1.3,
      "SG": 9.0,
      "KPM0": 0.9
    }
  ],
  "ClassTimeAttack": [
    {
      "Name": "Carp#478",
      "Sco": 0,
      "Sold": 600,
      "Demo": 0,
      "Med": 0,
      "HwG": 0,
      "Pyro": 0,
      "Spy": 0,
      "Eng": 0
    },
    {
      "Name": "grome#741",
      "Sco": 0,
      "Sold": 0,
      "Demo": 0,
      "Med": 0,
      "HwG": 0,
      "Pyro": 0,
      "Spy": 600,
      "Eng": 0
    },
    {
      "Name": "Kylarn#302",
      "Sco": 0,
      "Sold": 0,
      "Demo": 0,
      "Med": 600,
      "HwG": 0,
      "Pyro": 0,
      "Spy": 0,
      "Eng": 0
    },
    {
      "Name": "welsher#52",
      "Sco": 0,
      "Sold": 0,
      "Demo": 0,
      "Med": 0,
      "HwG": 0,
      "Pyro": 600,
      "Spy": 0,
      "Eng": 0
    },
    {
      "Name": "Predator#47",
      "Sco": 0,
      "Sold": 563,
      "Demo": 0,
      "Med": 0,
      "HwG": 0,
      "Pyro": 0,
      "Spy": 0,
      "Eng": 0
    },
    {
      "Name": "REV6thecarn#312",
      "Sco": 0,
      "Sold": 0,
      "Demo": 0,
      "Med": 0,
      "HwG": 0,
      "Pyro": 563,
      "Spy": 0,
      "Eng": 0
    },
    {
      "Name": "scottybugattiz#61",
      "Sco": 0,
      "Sold": 0,
      "Demo": 0,
      "Med": 563,
      "HwG": 0,
      "Pyro": 0,
      "Spy": 0,
      "Eng": 0
    },
    {
      "Name": "wos..#430",
      "Sco": 0,
      "Sold": 0,
      "Demo": 0,
      "Med": 0,
      "HwG": 0,
      "Pyro": 0,
      "Spy": 563,
      "Eng": 0
    }
  ],
  "ClassTimeDefence": [
    {
      "Name": "Carp#478",
      "Sco": 0,
      "Sold": 0,
      "Demo": 563,
      "Med": 0,
      "HwG": 0,
      "Pyro": 0,
      "Spy": 0,
      "Eng": 0
    },
    {
      "Name": "grome#741",
      "Sco": 0,
      "Sold": 0,
      "Demo": 0,
      "Med": 0,
      "HwG": 0,
      "Pyro": 563,
      "Spy": 0,
      "Eng": 0
    },
    {
      "Name": "Kylarn#302",
      "Sco": 0,
      "Sold": 0,
      "Demo": 0,
      "Med": 0,
      "HwG": 488,
      "Pyro": 0,
      "Spy": 0,
      "Eng": 75
    },
    {
      "Name": "welsher#52",
      "Sco": 0,
      "Sold": 563,
      "Demo": 0,
      "Med": 0,
      "HwG": 0,
      "Pyro": 0,
      "Spy": 0,
      "Eng": 0
    },
    {
      "Name": "Predator#47",
      "Sco": 0,
      "Sold": 0,
      "Demo": 600,
      "Med": 0,
      "HwG": 0,
      "Pyro": 0,
      "Spy": 0,
      "Eng": 0
    },
    {
      "Name": "REV6thecarn#312",
      "Sco": 0,
      "Sold": 0,
      "Demo": 0,
      "Med": 0,
      "HwG": 0,
      "Pyro": 600,
      "Spy": 0,
      "Eng": 0
    },
    {
      "Name": "scottybugattiz#61",
      "Sco": 0,
      "Sold": 600,
      "Demo": 0,
      "Med": 0,
      "HwG": 0,
      "Pyro": 0,
      "Spy": 0,
      "Eng": 0
    },
    {
      "Name": "wos..#430",
      "Sco": 0,
      "Sold": 0,
      "Demo": 0,
      "Med": 0,
      "HwG": 0,
      "Pyro": 0,
      "Spy": 0,
      "Eng": 600
    }
  ]
}
