{
  "Matches": [
    {
      "Server": "virginia/staging/",
      "Match": "2024-03-26-01-29-27_[h5rdcore_b2]",
      "Winner": null,
      "Rating": "",
      "Score1": null,
      "Team1": "haunterpt#337,Hybridpanda#401,Predator#47",
      "Score2": null,
      "Team2": "fantomar#191,LD#89"
    }
  ],
  "SummaryAttack": [
    {
      "Name": "Hybridpanda#401",
      "KPM": null,
      "KD": 0.0,
      "Kills": 0,
      "Death": 1,
      "TKill": 0,
      "Dmg": 129.0,
      "DPM": 968.0,
      "SGKills": 0,
      "SGDeath": 0,
      "FlagCap": 0,
      "FlagTake": 0,
      "FlagTime": "0:00",
      "FlagStop": 0,
      "Win": 0,
      "Draw": 0,
      "Loss": 1,
      "TimePlayed": "0:08",
      "Classes": "Pyro 100 %"
    },
    {
      "Name": "Predator#47",
      "KPM": null,
      "KD": 0.0,
      "Kills": 0,
      "Death": 1,
      "TKill": 0,
      "Dmg": 0,
      "DPM": null,
      "SGKills": 0,
      "SGDeath": 0,
      "FlagCap": 0,
      "FlagTake": 0,
      "FlagTime": "0:00",
      "FlagStop": 0,
      "Win": 0,
      "Draw": 0,
      "Loss": 1,
      "TimePlayed": "0:00",
      "Classes": null
    }
  ],
  "SummaryDefence": [
    {
      "Name": "fantomar#191",
      "KPM": null,
      "KD": null,
      "Kills": 0,
      "Death": 0,
      "TKill": 0,
      "Dmg": 44.0,
      "DPM": 660.0,
      "SGKills": 0,
      "SGDeath": 0,
      "FlagCap": 0,
      "FlagTake": 0,
      "FlagTime": 0,
      "FlagStop": 0,
      "Win": 0,
      "Draw": 0,
      "Loss": 1,
      "TimePlayed": "0:04",
      "Classes": "Pyro 100 %"
    },
    {
      "Name": "LD#89",
      "KPM": "",
      "KD": null,
      "Kills": 1,
      "Death": 0,
      "TKill": 0,
      "Dmg": 110.0,
      "DPM": "",
      "SGKills": 0,
      "SGDeath": 0,
      "FlagCap": 0,
      "FlagTake": 0,
      "FlagTime": 0,
      "FlagStop": 0,
      "Win": 0,
      "Draw": 0,
      "Loss": 1,
      "TimePlayed": "0:00",
      "Classes": null
    }
  ],
  "ClassFragAttack": null,
  "ClassFragDefence": {
    "Name": "LD#89",
    "Sco": 0,
    "KPM1": null,
    "Sold": 0,
    "KPM3": null,
    "Demo": 0,
    "KPM4": null,
    "Med": 0,
    "KPM5": null,
    "HwG": 1.0,
    "KPM6": "",
    "Pyro": 0,
    "KPM7": null,
    "Spy": 0,
    "KPM8": null,
    "Eng": 0,
    "KPM9": null,
    "SG": 0,
    "KPM0": null
  },
  "ClassTimeAttack": [
    {
      "Name": "Hybridpanda#401",
      "Sco": 0,
      "Sold": 0,
      "Demo": 0,
      "Med": 0,
      "HwG": 0,
      "Pyro": 8,
      "Spy": 0,
      "Eng": 0
    }
  ],
  "ClassTimeDefence": [
    {
      "Name": "fantomar#191",
      "Sco": 0,
      "Sold": 0,
      "Demo": 0,
      "Med": 0,
      "HwG": 0,
      "Pyro": 4,
      "Spy": 0,
      "Eng": 0
    }
  ]
}
