{
  "Matches": [
    {
      "Server": "virginia/staging/",
      "Match": "2024-03-01-21-16-47_[ff-phantomr]",
      "Winner": "Team2",
      "Rating": "31 %",
      "Score1": 40,
      "Team1": "newby#281,scottybugattiz#61,toes2188#818,welsher#52",
      "Score2": 50,
      "Team2": "Big.Bill#83,bw#479,carp7720#478,grome#741"
    }
  ],
  "SummaryAttack": [
    {
      "Name": "newby#281",
      "KPM": 0.6,
      "KD": 0.18,
      "Kills": 6,
      "Death": 34,
      "TKill": 0,
      "Dmg": 684.0,
      "DPM": 68.0,
      "SGKills": 0,
      "SGDeath": 0,
      "FlagCap": 2.0,
      "FlagTake": 17.0,
      "FlagTime": "0:47",
      "FlagStop": 0,
      "Win": 0,
      "Draw": 0,
      "Loss": 1,
      "TimePlayed": "10:00",
      "Classes": "Med  100 %"
    },
    {
      "Name": "scottybugattiz#61",
      "KPM": 2.5,
      "KD": 0.76,
      "Kills": 25,
      "Death": 33,
      "TKill": 3,
      "Dmg": 5702.0,
      "DPM": 570.0,
      "SGKills": 6.0,
      "SGDeath": 0,
      "FlagCap": 0,
      "FlagTake": 11.0,
      "FlagTime": "0:05",
      "FlagStop": 0,
      "Win": 0,
      "Draw": 0,
      "Loss": 1,
      "TimePlayed": "10:00",
      "Classes": "Pyro 100 %"
    },
    {
      "Name": "toes2188#818",
      "KPM": 0.9,
      "KD": 0.3,
      "Kills": 9,
      "Death": 30,
      "TKill": 1,
      "Dmg": 2077.0,
      "DPM": 208.0,
      "SGKills": 1.0,
      "SGDeath": 0,
      "FlagCap": 0,
      "FlagTake": 4.0,
      "FlagTime": "0:04",
      "FlagStop": 0,
      "Win": 0,
      "Draw": 0,
      "Loss": 1,
      "TimePlayed": "10:00",
      "Classes": "Spy  100 %"
    },
    {
      "Name": "welsher#52",
      "KPM": 3.7,
      "KD": 1.09,
      "Kills": 37,
      "Death": 34,
      "TKill": 1,
      "Dmg": 4828.0,
      "DPM": 483.0,
      "SGKills": 11.0,
      "SGDeath": 0,
      "FlagCap": 2.0,
      "FlagTake": 8.0,
      "FlagTime": "0:46",
      "FlagStop": 0,
      "Win": 0,
      "Draw": 0,
      "Loss": 1,
      "TimePlayed": "10:00",
      "Classes": "Sold 100 %"
    },
    {
      "Name": "Big.Bill#83",
      "KPM": 1.17,
      "KD": 0.35,
      "Kills": 8,
      "Death": 23,
      "TKill": 0,
      "Dmg": 1028.0,
      "DPM": 150.0,
      "SGKills": 0,
      "SGDeath": 0,
      "FlagCap": 0,
      "FlagTake": 7.0,
      "FlagTime": "0:21",
      "FlagStop": 0,
      "Win": 1,
      "Draw": 0,
      "Loss": 0,
      "TimePlayed": "6:52",
      "Classes": "Spy  100 %"
    },
    {
      "Name": "bw#479",
      "KPM": 1.17,
      "KD": 0.35,
      "Kills": 8,
      "Death": 23,
      "TKill": 0,
      "Dmg": 1179.0,
      "DPM": 172.0,
      "SGKills": 1.0,
      "SGDeath": 0,
      "FlagCap": 1.0,
      "FlagTake": 9.0,
      "FlagTime": "0:28",
      "FlagStop": 0,
      "Win": 1,
      "Draw": 0,
      "Loss": 0,
      "TimePlayed": "6:52",
      "Classes": "Med  100 %"
    },
    {
      "Name": "carp7720#478",
      "KPM": 3.2,
      "KD": 1.0,
      "Kills": 22,
      "Death": 22,
      "TKill": 1,
      "Dmg": 4088.0,
      "DPM": 595.0,
      "SGKills": 4.0,
      "SGDeath": 0,
      "FlagCap": 1.0,
      "FlagTake": 7.0,
      "FlagTime": "0:33",
      "FlagStop": 0,
      "Win": 1,
      "Draw": 0,
      "Loss": 0,
      "TimePlayed": "6:52",
      "Classes": "Sold 100 %"
    },
    {
      "Name": "grome#741",
      "KPM": 3.35,
      "KD": 1.21,
      "Kills": 23,
      "Death": 19,
      "TKill": 2,
      "Dmg": 3712.0,
      "DPM": 541.0,
      "SGKills": 5.0,
      "SGDeath": 0,
      "FlagCap": 3.0,
      "FlagTake": 6.0,
      "FlagTime": "0:37",
      "FlagStop": 0,
      "Win": 1,
      "Draw": 0,
      "Loss": 0,
      "TimePlayed": "6:52",
      "Classes": "Pyro 100 %"
    }
  ],
  "SummaryDefence": [
    {
      "Name": "newby#281",
      "KPM": 3.2,
      "KD": 1.22,
      "Kills": 22,
      "Death": 18,
      "TKill": 8,
      "Dmg": 4423.0,
      "DPM": 644.0,
      "SGKills": 0,
      "SGDeath": 0,
      "FlagCap": 0,
      "FlagTake": 0,
      "FlagTime": 0,
      "FlagStop": 5.0,
      "Win": 0,
      "Draw": 0,
      "Loss": 1,
      "TimePlayed": "6:52",
      "Classes": "HwG  100 %"
    },
    {
      "Name": "scottybugattiz#61",
      "KPM": 2.62,
      "KD": 0.82,
      "Kills": 18,
      "Death": 22,
      "TKill": 4,
      "Dmg": 4296.0,
      "DPM": 626.0,
      "SGKills": 0,
      "SGDeath": 0,
      "FlagCap": 0,
      "FlagTake": 0,
      "FlagTime": 0,
      "FlagStop": 1.0,
      "Win": 0,
      "Draw": 0,
      "Loss": 1,
      "TimePlayed": "6:52",
      "Classes": "Pyro 100 %"
    },
    {
      "Name": "toes2188#818",
      "KPM": 1.75,
      "KD": 0.44,
      "Kills": 12,
      "Death": 27,
      "TKill": 4,
      "Dmg": 1759.0,
      "DPM": 256.0,
      "SGKills": 0,
      "SGDeath": 10.0,
      "FlagCap": 0,
      "FlagTake": 0,
      "FlagTime": 0,
      "FlagStop": 3.0,
      "Win": 0,
      "Draw": 0,
      "Loss": 1,
      "TimePlayed": "6:52",
      "Classes": "Eng  100 %"
    },
    {
      "Name": "welsher#52",
      "KPM": 3.2,
      "KD": 1.22,
      "Kills": 22,
      "Death": 18,
      "TKill": 11,
      "Dmg": 2363.0,
      "DPM": 344.0,
      "SGKills": 0,
      "SGDeath": 0,
      "FlagCap": 0,
      "FlagTake": 0,
      "FlagTime": 0,
      "FlagStop": 3.0,
      "Win": 0,
      "Draw": 0,
      "Loss": 1,
      "TimePlayed": "6:52",
      "Classes": "Demo 100 %"
    },
    {
      "Name": "Big.Bill#83",
      "KPM": 2.5,
      "KD": 0.93,
      "Kills": 25,
      "Death": 27,
      "TKill": 4,
      "Dmg": 5410.0,
      "DPM": 541.0,
      "SGKills": 0,
      "SGDeath": 18.0,
      "FlagCap": 0,
      "FlagTake": 0,
      "FlagTime": 0,
      "FlagStop": 3.0,
      "Win": 1,
      "Draw": 0,
      "Loss": 0,
      "TimePlayed": "10:00",
      "Classes": "Eng  100 %"
    },
    {
      "Name": "bw#479",
      "KPM": 3.2,
      "KD": 1.88,
      "Kills": 32,
      "Death": 17,
      "TKill": 6,
      "Dmg": 6107.0,
      "DPM": 611.0,
      "SGKills": 0,
      "SGDeath": 0,
      "FlagCap": 0,
      "FlagTake": 0,
      "FlagTime": 0,
      "FlagStop": 3.0,
      "Win": 1,
      "Draw": 0,
      "Loss": 0,
      "TimePlayed": "10:00",
      "Classes": "HwG  100 %"
    },
    {
      "Name": "carp7720#478",
      "KPM": 3.9,
      "KD": 1.44,
      "Kills": 39,
      "Death": 27,
      "TKill": 11,
      "Dmg": 5858.0,
      "DPM": 586.0,
      "SGKills": 0,
      "SGDeath": 0,
      "FlagCap": 0,
      "FlagTake": 0,
      "FlagTime": 0,
      "FlagStop": 12.0,
      "Win": 1,
      "Draw": 0,
      "Loss": 0,
      "TimePlayed": "10:00",
      "Classes": "Demo 100 %"
    },
    {
      "Name": "grome#741",
      "KPM": 1.8,
      "KD": 0.75,
      "Kills": 18,
      "Death": 24,
      "TKill": 3,
      "Dmg": 4751.0,
      "DPM": 475.0,
      "SGKills": 0,
      "SGDeath": 0,
      "FlagCap": 0,
      "FlagTake": 0,
      "FlagTime": 0,
      "FlagStop": 1.0,
      "Win": 1,
      "Draw": 0,
      "Loss": 0,
      "TimePlayed": "10:00",
      "Classes": "Pyro 100 %"
    }
  ],
  "ClassFragAttack": [
    {
      "Name": "newby#281",
      "Sco": 0,
      "KPM1": null,
      "Sold": 0,
      "KPM3": null,
      "Demo": 0,
      "KPM4": null,
      "Med": 6.0,
      "KPM5": 0.6,
      "HwG": 0,
      "KPM6": null,
      "Pyro": 0,
      "KPM7": null,
      "Spy": 0,
      "KPM8": null,
      "Eng": 0,
      "KPM9": null,
      "SG": 0,
      "KPM0": null
    },
    {
      "Name": "scottybugattiz#61",
      "Sco": 0,
      "KPM1": null,
      "Sold": 0,
      "KPM3": null,
      "Demo": 0,
      "KPM4": null,
      "Med": 0,
      "KPM5": null,
      "HwG": 0,
      "KPM6": null,
      "Pyro": 25.0,
      "KPM7": 2.5,
      "Spy": 0,
      "KPM8": null,
      "Eng": 0,
      "KPM9": null,
      "SG": 0,
      "KPM0": null
    },
    {
      "Name": "toes2188#818",
      "Sco": 0,
      "KPM1": null,
      "Sold": 0,
      "KPM3": null,
      "Demo": 0,
      "KPM4": null,
      "Med": 0,
      "KPM5": null,
      "HwG": 0,
      "KPM6": null,
      "Pyro": 0,
      "KPM7": null,
      "Spy": 9.0,
      "KPM8": 0.9,
      "Eng": 0,
      "KPM9": null,
      "SG": 0,
      "KPM0": null
    },
    {
      "Name": "welsher#52",
      "Sco": 0,
      "KPM1": null,
      "Sold": 37.0,
      "KPM3": 3.7,
      "Demo": 0,
      "KPM4": null,
      "Med": 0,
      "KPM5": null,
      "HwG": 0,
      "KPM6": null,
      "Pyro": 0,
      "KPM7": null,
      "Spy": 0,
      "KPM8": null,
      "Eng": 0,
      "KPM9": null,
      "SG": 0,
      "KPM0": null
    },
    {
      "Name": "Big.Bill#83",
      "Sco": 0,
      "KPM1": null,
      "Sold": 0,
      "KPM3": null,
      "Demo": 0,
      "KPM4": null,
      "Med": 0,
      "KPM5": null,
      "HwG": 0,
      "KPM6": null,
      "Pyro": 0,
      "KPM7": null,
      "Spy": 8.0,
      "KPM8": 1.17,
      "Eng": 0,
      "KPM9": null,
      "SG": 0,
      "KPM0": null
    },
    {
      "Name": "bw#479",
      "Sco": 0,
      "KPM1": null,
      "Sold": 0,
      "KPM3": null,
      "Demo": 0,
      "KPM4": null,
      "Med": 8.0,
      "KPM5": 1.17,
      "HwG": 0,
      "KPM6": null,
      "Pyro": 0,
      "KPM7": null,
      "Spy": 0,
      "KPM8": null,
      "Eng": 0,
      "KPM9": null,
      "SG": 0,
      "KPM0": null
    },
    {
      "Name": "carp7720#478",
      "Sco": 0,
      "KPM1": null,
      "Sold": 22.0,
      "KPM3": 3.2,
      "Demo": 0,
      "KPM4": null,
      "Med": 0,
      "KPM5": null,
      "HwG": 0,
      "KPM6": null,
      "Pyro": 0,
      "KPM7": null,
      "Spy": 0,
      "KPM8": null,
      "Eng": 0,
      "KPM9": null,
      "SG": 0,
      "KPM0": null
    },
    {
      "Name": "grome#741",
      "Sco": 0,
      "KPM1": null,
      "Sold": 0,
      "KPM3": null,
      "Demo": 0,
      "KPM4": null,
      "Med": 0,
      "KPM5": null,
      "HwG": 0,
      "KPM6": null,
      "Pyro": 23.0,
      "KPM7": 3.35,
      "Spy": 0,
      "KPM8": null,
      "Eng": 0,
      "KPM9": null,
      "SG": 0,
      "KPM0": null
    }
  ],
  "ClassFragDefence": [
    {
      "Name": "newby#281",
      "Sco": 0,
      "KPM1": null,
      "Sold": 0,
      "KPM3": null,
      "Demo": 0,
      "KPM4": null,
      "Med": 0,
      "KPM5": null,
      "HwG": 22.0,
      "KPM6": 3.2,
      "Pyro": 0,
      "KPM7": null,
      "Spy": 0,
      "KPM8": null,
      "Eng": 0,
      "KPM9": null,
      "SG": 0,
      "KPM0": null
    },
    {
      "Name": "scottybugattiz#61",
      "Sco": 0,
      "KPM1": null,
      "Sold": 0,
      "KPM3": null,
      "Demo": 0,
      "KPM4": null,
      "Med": 0,
      "KPM5": null,
      "HwG": 0,
      "KPM6": null,
      "Pyro": 18.0,
      "KPM7": 2.62,
      "Spy": 0,
      "KPM8": null,
      "Eng": 0,
      "KPM9": null,
      "SG": 0,
      "KPM0": null
    },
    {
      "Name": "toes2188#818",
      "Sco": 0,
      "KPM1": null,
      "Sold": 0,
      "KPM3": null,
      "Demo": 0,
      "KPM4": null,
      "Med": 0,
      "KPM5": null,
      "HwG": 0,
      "KPM6": null,
      "Pyro": 0,
      "KPM7": null,
      "Spy": 0,
      "KPM8": null,
      "Eng": 8.0,
      "KPM9": 1.17,
      "SG": 4.0,
      "KPM0": 0.58
    },
    {
      "Name": "welsher#52",
      "Sco": 0,
      "KPM1": null,
      "Sold": 0,
      "KPM3": null,
      "Demo": 22.0,
      "KPM4": 3.2,
      "Med": 0,
      "KPM5": null,
      "HwG": 0,
      "KPM6": null,
      "Pyro": 0,
      "KPM7": null,
      "Spy": 0,
      "KPM8": null,
      "Eng": 0,
      "KPM9": null,
      "SG": 0,
      "KPM0": null
    },
    {
      "Name": "Big.Bill#83",
      "Sco": 0,
      "KPM1": null,
      "Sold": 0,
      "KPM3": null,
      "Demo": 0,
      "KPM4": null,
      "Med": 0,
      "KPM5": null,
      "HwG": 0,
      "KPM6": null,
      "Pyro": 0,
      "KPM7": null,
      "Spy": 0,
      "KPM8": null,
      "Eng": 8.0,
      "KPM9": 0.8,
      "SG": 17.0,
      "KPM0": 1.7
    },
    {
      "Name": "bw#479",
      "Sco": 0,
      "KPM1": null,
      "Sold": 0,
      "KPM3": null,
      "Demo": 0,
      "KPM4": null,
      "Med": 0,
      "KPM5": null,
      "HwG": 32.0,
      "KPM6": 3.2,
      "Pyro": 0,
      "KPM7": null,
      "Spy": 0,
      "KPM8": null,
      "Eng": 0,
      "KPM9": null,
      "SG": 0,
      "KPM0": null
    },
    {
      "Name": "carp7720#478",
      "Sco": 0,
      "KPM1": null,
      "Sold": 0,
      "KPM3": null,
      "Demo": 39.0,
      "KPM4": 3.9,
      "Med": 0,
      "KPM5": null,
      "HwG": 0,
      "KPM6": null,
      "Pyro": 0,
      "KPM7": null,
      "Spy": 0,
      "KPM8": null,
      "Eng": 0,
      "KPM9": null,
      "SG": 0,
      "KPM0": null
    },
    {
      "Name": "grome#741",
      "Sco": 0,
      "KPM1": null,
      "Sold": 0,
      "KPM3": null,
      "Demo": 0,
      "KPM4": null,
      "Med": 0,
      "KPM5": null,
      "HwG": 0,
      "KPM6": null,
      "Pyro": 18.0,
      "KPM7": 1.8,
      "Spy": 0,
      "KPM8": null,
      "Eng": 0,
      "KPM9": null,
      "SG": 0,
      "KPM0": null
    }
  ],
  "ClassTimeAttack": [
    {
      "Name": "newby#281",
      "Sco": 0,
      "Sold": 0,
      "Demo": 0,
      "Med": 600,
      "HwG": 0,
      "Pyro": 0,
      "Spy": 0,
      "Eng": 0
    },
    {
      "Name": "scottybugattiz#61",
      "Sco": 0,
      "Sold": 0,
      "Demo": 0,
      "Med": 0,
      "HwG": 0,
      "Pyro": 600,
      "Spy": 0,
      "Eng": 0
    },
    {
      "Name": "toes2188#818",
      "Sco": 0,
      "Sold": 0,
      "Demo": 0,
      "Med": 0,
      "HwG": 0,
      "Pyro": 0,
      "Spy": 600,
      "Eng": 0
    },
    {
      "Name": "welsher#52",
      "Sco": 0,
      "Sold": 600,
      "Demo": 0,
      "Med": 0,
      "HwG": 0,
      "Pyro": 0,
      "Spy": 0,
      "Eng": 0
    },
    {
      "Name": "Big.Bill#83",
      "Sco": 0,
      "Sold": 0,
      "Demo": 0,
      "Med": 0,
      "HwG": 0,
      "Pyro": 0,
      "Spy": 412,
      "Eng": 0
    },
    {
      "Name": "bw#479",
      "Sco": 0,
      "Sold": 0,
      "Demo": 0,
      "Med": 412,
      "HwG": 0,
      "Pyro": 0,
      "Spy": 0,
      "Eng": 0
    },
    {
      "Name": "carp7720#478",
      "Sco": 0,
      "Sold": 412,
      "Demo": 0,
      "Med": 0,
      "HwG": 0,
      "Pyro": 0,
      "Spy": 0,
      "Eng": 0
    },
    {
      "Name": "grome#741",
      "Sco": 0,
      "Sold": 0,
      "Demo": 0,
      "Med": 0,
      "HwG": 0,
      "Pyro": 412,
      "Spy": 0,
      "Eng": 0
    }
  ],
  "ClassTimeDefence": [
    {
      "Name": "newby#281",
      "Sco": 0,
      "Sold": 0,
      "Demo": 0,
      "Med": 0,
      "HwG": 412,
      "Pyro": 0,
      "Spy": 0,
      "Eng": 0
    },
    {
      "Name": "scottybugattiz#61",
      "Sco": 0,
      "Sold": 0,
      "Demo": 0,
      "Med": 0,
      "HwG": 0,
      "Pyro": 412,
      "Spy": 0,
      "Eng": 0
    },
    {
      "Name": "toes2188#818",
      "Sco": 0,
      "Sold": 0,
      "Demo": 0,
      "Med": 0,
      "HwG": 0,
      "Pyro": 0,
      "Spy": 0,
      "Eng": 412
    },
    {
      "Name": "welsher#52",
      "Sco": 0,
      "Sold": 0,
      "Demo": 412,
      "Med": 0,
      "HwG": 0,
      "Pyro": 0,
      "Spy": 0,
      "Eng": 0
    },
    {
      "Name": "Big.Bill#83",
      "Sco": 0,
      "Sold": 0,
      "Demo": 0,
      "Med": 0,
      "HwG": 0,
      "Pyro": 0,
      "Spy": 0,
      "Eng": 600
    },
    {
      "Name": "bw#479",
      "Sco": 0,
      "Sold": 0,
      "Demo": 0,
      "Med": 0,
      "HwG": 600,
      "Pyro": 0,
      "Spy": 0,
      "Eng": 0
    },
    {
      "Name": "carp7720#478",
      "Sco": 0,
      "Sold": 0,
      "Demo": 600,
      "Med": 0,
      "HwG": 0,
      "Pyro": 0,
      "Spy": 0,
      "Eng": 0
    },
    {
      "Name": "grome#741",
      "Sco": 0,
      "Sold": 0,
      "Demo": 0,
      "Med": 0,
      "HwG": 0,
      "Pyro": 600,
      "Spy": 0,
      "Eng": 0
    }
  ]
}
