{
  "Matches": [
    {
      "Server": "virginia/staging/",
      "Match": "2024-03-04-01-21-30_[japanc]",
      "Winner": "Team2",
      "Rating": "23 %",
      "Score1": 110,
      "Team1": "bone#226,carp7720#478,Predator#47,welsher#52",
      "Score2": 120,
      "Team2": "haunterpt#337,justicevt#45,scottybugattiz#61,shock144#485"
    }
  ],
  "SummaryAttack": [
    {
      "Name": "bone#226",
      "KPM": 2.1,
      "KD": 0.64,
      "Kills": 21,
      "Death": 33,
      "TKill": 2,
      "Dmg": 3020.0,
      "DPM": 302.0,
      "SGKills": 4.0,
      "SGDeath": 0,
      "FlagCap": 2.0,
      "FlagTake": 15.0,
      "FlagTime": "0:35",
      "FlagStop": 0,
      "Win": 0,
      "Draw": 0,
      "Loss": 1,
      "TimePlayed": "10:00",
      "Classes": "Spy  100 %"
    },
    {
      "Name": "carp7720#478",
      "KPM": 3.4,
      "KD": 0.92,
      "Kills": 34,
      "Death": 37,
      "TKill": 1,
      "Dmg": 4449.0,
      "DPM": 445.0,
      "SGKills": 8.0,
      "SGDeath": 0,
      "FlagCap": 1.0,
      "FlagTake": 9.0,
      "FlagTime": "0:41",
      "FlagStop": 0,
      "Win": 0,
      "Draw": 0,
      "Loss": 1,
      "TimePlayed": "10:00",
      "Classes": "Sold 100 %"
    },
    {
      "Name": "Predator#47",
      "KPM": 1.6,
      "KD": 0.47,
      "Kills": 16,
      "Death": 34,
      "TKill": 2,
      "Dmg": 1662.0,
      "DPM": 166.0,
      "SGKills": 3.0,
      "SGDeath": 0,
      "FlagCap": 4.0,
      "FlagTake": 19.0,
      "FlagTime": "0:58",
      "FlagStop": 0,
      "Win": 0,
      "Draw": 0,
      "Loss": 1,
      "TimePlayed": "10:00",
      "Classes": "Med  100 %"
    },
    {
      "Name": "welsher#52",
      "KPM": 2.0,
      "KD": 0.5,
      "Kills": 20,
      "Death": 40,
      "TKill": 2,
      "Dmg": 2609.0,
      "DPM": 261.0,
      "SGKills": 5.0,
      "SGDeath": 0,
      "FlagCap": 4.0,
      "FlagTake": 19.0,
      "FlagTime": "0:59",
      "FlagStop": 0,
      "Win": 0,
      "Draw": 0,
      "Loss": 1,
      "TimePlayed": "10:00",
      "Classes": "Pyro 100 %"
    },
    {
      "Name": "haunterpt#337",
      "KPM": 1.94,
      "KD": 0.6,
      "Kills": 15,
      "Death": 25,
      "TKill": 1,
      "Dmg": 3214.0,
      "DPM": 417.0,
      "SGKills": 5.0,
      "SGDeath": 0,
      "FlagCap": 4.0,
      "FlagTake": 8.0,
      "FlagTime": "0:51",
      "FlagStop": 0,
      "Win": 1,
      "Draw": 0,
      "Loss": 0,
      "TimePlayed": "7:43",
      "Classes": "Pyro 91 %|Sold 9 %"
    },
    {
      "Name": "justicevt#45",
      "KPM": 3.24,
      "KD": 1.04,
      "Kills": 25,
      "Death": 24,
      "TKill": 2,
      "Dmg": 4685.0,
      "DPM": 607.0,
      "SGKills": 2.0,
      "SGDeath": 0,
      "FlagCap": 2.0,
      "FlagTake": 4.0,
      "FlagTime": "0:34",
      "FlagStop": 0,
      "Win": 1,
      "Draw": 0,
      "Loss": 0,
      "TimePlayed": "7:43",
      "Classes": "Sold 100 %"
    },
    {
      "Name": "scottybugattiz#61",
      "KPM": 0.78,
      "KD": 0.23,
      "Kills": 6,
      "Death": 26,
      "TKill": 1,
      "Dmg": 905.0,
      "DPM": 117.0,
      "SGKills": 1.0,
      "SGDeath": 0,
      "FlagCap": 3.0,
      "FlagTake": 14.0,
      "FlagTime": "1:20",
      "FlagStop": 0,
      "Win": 1,
      "Draw": 0,
      "Loss": 0,
      "TimePlayed": "7:43",
      "Classes": "Med  100 %"
    },
    {
      "Name": "shock144#485",
      "KPM": 1.04,
      "KD": 0.35,
      "Kills": 8,
      "Death": 23,
      "TKill": 2,
      "Dmg": 1484.0,
      "DPM": 192.0,
      "SGKills": 2.0,
      "SGDeath": 0,
      "FlagCap": 3.0,
      "FlagTake": 14.0,
      "FlagTime": "0:43",
      "FlagStop": 0,
      "Win": 1,
      "Draw": 0,
      "Loss": 0,
      "TimePlayed": "7:43",
      "Classes": "Spy  100 %"
    }
  ],
  "SummaryDefence": [
    {
      "Name": "bone#226",
      "KPM": 2.2,
      "KD": 0.89,
      "Kills": 17,
      "Death": 19,
      "TKill": 2,
      "Dmg": 4411.0,
      "DPM": 572.0,
      "SGKills": 0,
      "SGDeath": 10.0,
      "FlagCap": 0,
      "FlagTake": 0,
      "FlagTime": 0,
      "FlagStop": 1.0,
      "Win": 0,
      "Draw": 0,
      "Loss": 1,
      "TimePlayed": "7:43",
      "Classes": "Eng  100 %"
    },
    {
      "Name": "carp7720#478",
      "KPM": 3.5,
      "KD": 0.96,
      "Kills": 27,
      "Death": 28,
      "TKill": 5,
      "Dmg": 5127.0,
      "DPM": 664.0,
      "SGKills": 0,
      "SGDeath": 0,
      "FlagCap": 0,
      "FlagTake": 0,
      "FlagTime": 0,
      "FlagStop": 8.0,
      "Win": 0,
      "Draw": 0,
      "Loss": 1,
      "TimePlayed": "7:43",
      "Classes": "Demo 100 %"
    },
    {
      "Name": "Predator#47",
      "KPM": 1.94,
      "KD": 0.71,
      "Kills": 15,
      "Death": 21,
      "TKill": 2,
      "Dmg": 3463.0,
      "DPM": 449.0,
      "SGKills": 0,
      "SGDeath": 0,
      "FlagCap": 0,
      "FlagTake": 0,
      "FlagTime": 0,
      "FlagStop": 2.0,
      "Win": 0,
      "Draw": 0,
      "Loss": 1,
      "TimePlayed": "7:43",
      "Classes": "Sold 100 %"
    },
    {
      "Name": "welsher#52",
      "KPM": 3.24,
      "KD": 1.47,
      "Kills": 25,
      "Death": 17,
      "TKill": 5,
      "Dmg": 5204.0,
      "DPM": 674.0,
      "SGKills": 0,
      "SGDeath": 0,
      "FlagCap": 0,
      "FlagTake": 0,
      "FlagTime": 0,
      "FlagStop": 2.0,
      "Win": 0,
      "Draw": 0,
      "Loss": 1,
      "TimePlayed": "7:43",
      "Classes": "HwG  100 %"
    },
    {
      "Name": "haunterpt#337",
      "KPM": 3.2,
      "KD": 0.86,
      "Kills": 32,
      "Death": 37,
      "TKill": 5,
      "Dmg": 6233.0,
      "DPM": 623.0,
      "SGKills": 0,
      "SGDeath": 0,
      "FlagCap": 0,
      "FlagTake": 0,
      "FlagTime": 0,
      "FlagStop": 7.0,
      "Win": 1,
      "Draw": 0,
      "Loss": 0,
      "TimePlayed": "10:00",
      "Classes": "Pyro 100 %"
    },
    {
      "Name": "justicevt#45",
      "KPM": 2.6,
      "KD": 0.81,
      "Kills": 26,
      "Death": 32,
      "TKill": 6,
      "Dmg": 4144.0,
      "DPM": 414.0,
      "SGKills": 0,
      "SGDeath": 0,
      "FlagCap": 0,
      "FlagTake": 0,
      "FlagTime": 0,
      "FlagStop": 3.0,
      "Win": 1,
      "Draw": 0,
      "Loss": 0,
      "TimePlayed": "10:00",
      "Classes": "Sold 100 %"
    },
    {
      "Name": "scottybugattiz#61",
      "KPM": 3.6,
      "KD": 1.2,
      "Kills": 36,
      "Death": 30,
      "TKill": 17,
      "Dmg": 6982.0,
      "DPM": 698.0,
      "SGKills": 0,
      "SGDeath": 0,
      "FlagCap": 0,
      "FlagTake": 0,
      "FlagTime": 0,
      "FlagStop": 14.0,
      "Win": 1,
      "Draw": 0,
      "Loss": 0,
      "TimePlayed": "10:00",
      "Classes": "Demo 100 %"
    },
    {
      "Name": "shock144#485",
      "KPM": 2.9,
      "KD": 1.0,
      "Kills": 29,
      "Death": 29,
      "TKill": 5,
      "Dmg": 6350.0,
      "DPM": 635.0,
      "SGKills": 0,
      "SGDeath": 20.0,
      "FlagCap": 0,
      "FlagTake": 0,
      "FlagTime": 0,
      "FlagStop": 3.0,
      "Win": 1,
      "Draw": 0,
      "Loss": 0,
      "TimePlayed": "10:00",
      "Classes": "Eng  100 %"
    }
  ],
  "ClassFragAttack": [
    {
      "Name": "bone#226",
      "Sco": 0,
      "KPM1": null,
      "Sold": 0,
      "KPM3": null,
      "Demo": 0,
      "KPM4": null,
      "Med": 0,
      "KPM5": null,
      "HwG": 0,
      "KPM6": null,
      "Pyro": 0,
      "KPM7": null,
      "Spy": 21.0,
      "KPM8": 2.1,
      "Eng": 0,
      "KPM9": null,
      "SG": 0,
      "KPM0": null
    },
    {
      "Name": "carp7720#478",
      "Sco": 0,
      "KPM1": null,
      "Sold": 34.0,
      "KPM3": 3.4,
      "Demo": 0,
      "KPM4": null,
      "Med": 0,
      "KPM5": null,
      "HwG": 0,
      "KPM6": null,
      "Pyro": 0,
      "KPM7": null,
      "Spy": 0,
      "KPM8": null,
      "Eng": 0,
      "KPM9": null,
      "SG": 0,
      "KPM0": null
    },
    {
      "Name": "Predator#47",
      "Sco": 0,
      "KPM1": null,
      "Sold": 0,
      "KPM3": null,
      "Demo": 0,
      "KPM4": null,
      "Med": 16.0,
      "KPM5": 1.6,
      "HwG": 0,
      "KPM6": null,
      "Pyro": 0,
      "KPM7": null,
      "Spy": 0,
      "KPM8": null,
      "Eng": 0,
      "KPM9": null,
      "SG": 0,
      "KPM0": null
    },
    {
      "Name": "welsher#52",
      "Sco": 0,
      "KPM1": null,
      "Sold": 0,
      "KPM3": null,
      "Demo": 0,
      "KPM4": null,
      "Med": 0,
      "KPM5": null,
      "HwG": 0,
      "KPM6": null,
      "Pyro": 20.0,
      "KPM7": 2.0,
      "Spy": 0,
      "KPM8": null,
      "Eng": 0,
      "KPM9": null,
      "SG": 0,
      "KPM0": null
    },
    {
      "Name": "haunterpt#337",
      "Sco": 0,
      "KPM1": null,
      "Sold": 1.0,
      "KPM3": 1.43,
      "Demo": 0,
      "KPM4": null,
      "Med": 0,
      "KPM5": null,
      "HwG": 0,
      "KPM6": null,
      "Pyro": 14.0,
      "KPM7": 2.0,
      "Spy": 0,
      "KPM8": null,
      "Eng": 0,
      "KPM9": null,
      "SG": 0,
      "KPM0": null
    },
    {
      "Name": "justicevt#45",
      "Sco": 0,
      "KPM1": null,
      "Sold": 25.0,
      "KPM3": 3.24,
      "Demo": 0,
      "KPM4": null,
      "Med": 0,
      "KPM5": null,
      "HwG": 0,
      "KPM6": null,
      "Pyro": 0,
      "KPM7": null,
      "Spy": 0,
      "KPM8": null,
      "Eng": 0,
      "KPM9": null,
      "SG": 0,
      "KPM0": null
    },
    {
      "Name": "scottybugattiz#61",
      "Sco": 0,
      "KPM1": null,
      "Sold": 0,
      "KPM3": null,
      "Demo": 0,
      "KPM4": null,
      "Med": 6.0,
      "KPM5": 0.78,
      "HwG": 0,
      "KPM6": null,
      "Pyro": 0,
      "KPM7": null,
      "Spy": 0,
      "KPM8": null,
      "Eng": 0,
      "KPM9": null,
      "SG": 0,
      "KPM0": null
    },
    {
      "Name": "shock144#485",
      "Sco": 0,
      "KPM1": null,
      "Sold": 0,
      "KPM3": null,
      "Demo": 0,
      "KPM4": null,
      "Med": 0,
      "KPM5": null,
      "HwG": 0,
      "KPM6": null,
      "Pyro": 0,
      "KPM7": null,
      "Spy": 8.0,
      "KPM8": 1.04,
      "Eng": 0,
      "KPM9": null,
      "SG": 0,
      "KPM0": null
    }
  ],
  "ClassFragDefence": [
    {
      "Name": "bone#226",
      "Sco": 0,
      "KPM1": null,
      "Sold": 0,
      "KPM3": null,
      "Demo": 0,
      "KPM4": null,
      "Med": 0,
      "KPM5": null,
      "HwG": 0,
      "KPM6": null,
      "Pyro": 0,
      "KPM7": null,
      "Spy": 0,
      "KPM8": null,
      "Eng": 6.0,
      "KPM9": 0.78,
      "SG": 11.0,
      "KPM0": 1.43
    },
    {
      "Name": "carp7720#478",
      "Sco": 0,
      "KPM1": null,
      "Sold": 0,
      "KPM3": null,
      "Demo": 27.0,
      "KPM4": 3.5,
      "Med": 0,
      "KPM5": null,
      "HwG": 0,
      "KPM6": null,
      "Pyro": 0,
      "KPM7": null,
      "Spy": 0,
      "KPM8": null,
      "Eng": 0,
      "KPM9": null,
      "SG": 0,
      "KPM0": null
    },
    {
      "Name": "Predator#47",
      "Sco": 0,
      "KPM1": null,
      "Sold": 15.0,
      "KPM3": 1.94,
      "Demo": 0,
      "KPM4": null,
      "Med": 0,
      "KPM5": null,
      "HwG": 0,
      "KPM6": null,
      "Pyro": 0,
      "KPM7": null,
      "Spy": 0,
      "KPM8": null,
      "Eng": 0,
      "KPM9": null,
      "SG": 0,
      "KPM0": null
    },
    {
      "Name": "welsher#52",
      "Sco": 0,
      "KPM1": null,
      "Sold": 0,
      "KPM3": null,
      "Demo": 0,
      "KPM4": null,
      "Med": 0,
      "KPM5": null,
      "HwG": 25.0,
      "KPM6": 3.24,
      "Pyro": 0,
      "KPM7": null,
      "Spy": 0,
      "KPM8": null,
      "Eng": 0,
      "KPM9": null,
      "SG": 0,
      "KPM0": null
    },
    {
      "Name": "haunterpt#337",
      "Sco": 0,
      "KPM1": null,
      "Sold": 0,
      "KPM3": null,
      "Demo": 0,
      "KPM4": null,
      "Med": 0,
      "KPM5": null,
      "HwG": 0,
      "KPM6": null,
      "Pyro": 32.0,
      "KPM7": 3.2,
      "Spy": 0,
      "KPM8": null,
      "Eng": 0,
      "KPM9": null,
      "SG": 0,
      "KPM0": null
    },
    {
      "Name": "justicevt#45",
      "Sco": 0,
      "KPM1": null,
      "Sold": 26.0,
      "KPM3": 2.6,
      "Demo": 0,
      "KPM4": null,
      "Med": 0,
      "KPM5": null,
      "HwG": 0,
      "KPM6": null,
      "Pyro": 0,
      "KPM7": null,
      "Spy": 0,
      "KPM8": null,
      "Eng": 0,
      "KPM9": null,
      "SG": 0,
      "KPM0": null
    },
    {
      "Name": "scottybugattiz#61",
      "Sco": 0,
      "KPM1": null,
      "Sold": 0,
      "KPM3": null,
      "Demo": 36.0,
      "KPM4": 3.6,
      "Med": 0,
      "KPM5": null,
      "HwG": 0,
      "KPM6": null,
      "Pyro": 0,
      "KPM7": null,
      "Spy": 0,
      "KPM8": null,
      "Eng": 0,
      "KPM9": null,
      "SG": 0,
      "KPM0": null
    },
    {
      "Name": "shock144#485",
      "Sco": 0,
      "KPM1": null,
      "Sold": 0,
      "KPM3": null,
      "Demo": 0,
      "KPM4": null,
      "Med": 0,
      "KPM5": null,
      "HwG": 0,
      "KPM6": null,
      "Pyro": 0,
      "KPM7": null,
      "Spy": 0,
      "KPM8": null,
      "Eng": 13.0,
      "KPM9": 1.3,
      "SG": 16.0,
      "KPM0": 1.6
    }
  ],
  "ClassTimeAttack": [
    {
      "Name": "bone#226",
      "Sco": 0,
      "Sold": 0,
      "Demo": 0,
      "Med": 0,
      "HwG": 0,
      "Pyro": 0,
      "Spy": 600,
      "Eng": 0
    },
    {
      "Name": "carp7720#478",
      "Sco": 0,
      "Sold": 600,
      "Demo": 0,
      "Med": 0,
      "HwG": 0,
      "Pyro": 0,
      "Spy": 0,
      "Eng": 0
    },
    {
      "Name": "Predator#47",
      "Sco": 0,
      "Sold": 0,
      "Demo": 0,
      "Med": 600,
      "HwG": 0,
      "Pyro": 0,
      "Spy": 0,
      "Eng": 0
    },
    {
      "Name": "welsher#52",
      "Sco": 0,
      "Sold": 0,
      "Demo": 0,
      "Med": 0,
      "HwG": 0,
      "Pyro": 600,
      "Spy": 0,
      "Eng": 0
    },
    {
      "Name": "haunterpt#337",
      "Sco": 0,
      "Sold": 42,
      "Demo": 0,
      "Med": 0,
      "HwG": 0,
      "Pyro": 421,
      "Spy": 0,
      "Eng": 0
    },
    {
      "Name": "justicevt#45",
      "Sco": 0,
      "Sold": 463,
      "Demo": 0,
      "Med": 0,
      "HwG": 0,
      "Pyro": 0,
      "Spy": 0,
      "Eng": 0
    },
    {
      "Name": "scottybugattiz#61",
      "Sco": 0,
      "Sold": 0,
      "Demo": 0,
      "Med": 463,
      "HwG": 0,
      "Pyro": 0,
      "Spy": 0,
      "Eng": 0
    },
    {
      "Name": "shock144#485",
      "Sco": 0,
      "Sold": 0,
      "Demo": 0,
      "Med": 0,
      "HwG": 0,
      "Pyro": 0,
      "Spy": 463,
      "Eng": 0
    }
  ],
  "ClassTimeDefence": [
    {
      "Name": "bone#226",
      "Sco": 0,
      "Sold": 0,
      "Demo": 0,
      "Med": 0,
      "HwG": 0,
      "Pyro": 0,
      "Spy": 0,
      "Eng": 463
    },
    {
      "Name": "carp7720#478",
      "Sco": 0,
      "Sold": 0,
      "Demo": 463,
      "Med": 0,
      "HwG": 0,
      "Pyro": 0,
      "Spy": 0,
      "Eng": 0
    },
    {
      "Name": "Predator#47",
      "Sco": 0,
      "Sold": 463,
      "Demo": 0,
      "Med": 0,
      "HwG": 0,
      "Pyro": 0,
      "Spy": 0,
      "Eng": 0
    },
    {
      "Name": "welsher#52",
      "Sco": 0,
      "Sold": 0,
      "Demo": 0,
      "Med": 0,
      "HwG": 463,
      "Pyro": 0,
      "Spy": 0,
      "Eng": 0
    },
    {
      "Name": "haunterpt#337",
      "Sco": 0,
      "Sold": 0,
      "Demo": 0,
      "Med": 0,
      "HwG": 0,
      "Pyro": 600,
      "Spy": 0,
      "Eng": 0
    },
    {
      "Name": "justicevt#45",
      "Sco": 0,
      "Sold": 600,
      "Demo": 0,
      "Med": 0,
      "HwG": 0,
      "Pyro": 0,
      "Spy": 0,
      "Eng": 0
    },
    {
      "Name": "scottybugattiz#61",
      "Sco": 0,
      "Sold": 0,
      "Demo": 600,
      "Med": 0,
      "HwG": 0,
      "Pyro": 0,
      "Spy": 0,
      "Eng": 0
    },
    {
      "Name": "shock144#485",
      "Sco": 0,
      "Sold": 0,
      "Demo": 0,
      "Med": 0,
      "HwG": 0,
      "Pyro": 0,
      "Spy": 0,
      "Eng": 600
    }
  ]
}
