{
  "Matches": [
    {
      "Server": "virginia/staging/",
      "Match": "2024-01-01-21-08-37_[h5rdcore_b2]",
      "Winner": "Team1",
      "Rating": "29 %",
      "Score1": 60,
      "Team1": "fragged8#316,haunterpt#337,isma#472,scottybugattiz#61",
      "Score2": 50,
      "Team2": "bw#479,Kylarn#302,Predator#47,shock144#485"
    }
  ],
  "SummaryAttack": [
    {
      "Name": "fragged8#316",
      "KPM": 1.1,
      "KD": 0.61,
      "Kills": 11,
      "Death": 18,
      "TKill": 1,
      "Dmg": 1770.0,
      "DPM": 177.0,
      "SGKills": 2.0,
      "SGDeath": 0,
      "FlagCap": 1.0,
      "FlagTake": 6.0,
      "FlagTime": "0:29",
      "FlagStop": 0,
      "Win": 1,
      "Draw": 0,
      "Loss": 0,
      "TimePlayed": "10:00",
      "Classes": "Spy  100 %"
    },
    {
      "Name": "haunterpt#337",
      "KPM": 2.8,
      "KD": 0.97,
      "Kills": 28,
      "Death": 29,
      "TKill": 0,
      "Dmg": 4004.0,
      "DPM": 400.0,
      "SGKills": 8.0,
      "SGDeath": 0,
      "FlagCap": 2.0,
      "FlagTake": 16.0,
      "FlagTime": "1:16",
      "FlagStop": 0,
      "Win": 1,
      "Draw": 0,
      "Loss": 0,
      "TimePlayed": "10:00",
      "Classes": "Sold 100 %"
    },
    {
      "Name": "isma#472",
      "KPM": 2.6,
      "KD": 0.87,
      "Kills": 26,
      "Death": 30,
      "TKill": 1,
      "Dmg": 6427.0,
      "DPM": 643.0,
      "SGKills": 6.0,
      "SGDeath": 0,
      "FlagCap": 1.0,
      "FlagTake": 10.0,
      "FlagTime": "0:26",
      "FlagStop": 0,
      "Win": 1,
      "Draw": 0,
      "Loss": 0,
      "TimePlayed": "10:00",
      "Classes": "Pyro 100 %"
    },
    {
      "Name": "scottybugattiz#61",
      "KPM": 1.7,
      "KD": 0.55,
      "Kills": 17,
      "Death": 31,
      "TKill": 0,
      "Dmg": 2697.0,
      "DPM": 270.0,
      "SGKills": 2.0,
      "SGDeath": 0,
      "FlagCap": 2.0,
      "FlagTake": 24.0,
      "FlagTime": "1:16",
      "FlagStop": 0,
      "Win": 1,
      "Draw": 0,
      "Loss": 0,
      "TimePlayed": "10:00",
      "Classes": "Med  100 %"
    },
    {
      "Name": "bw#479",
      "KPM": 2.4,
      "KD": 0.75,
      "Kills": 24,
      "Death": 32,
      "TKill": 5,
      "Dmg": 6243.0,
      "DPM": 624.0,
      "SGKills": 0,
      "SGDeath": 0,
      "FlagCap": 3.0,
      "FlagTake": 12.0,
      "FlagTime": "0:47",
      "FlagStop": 0,
      "Win": 0,
      "Draw": 0,
      "Loss": 1,
      "TimePlayed": "10:00",
      "Classes": "Pyro 100 %"
    },
    {
      "Name": "Kylarn#302",
      "KPM": 1.2,
      "KD": 0.39,
      "Kills": 12,
      "Death": 31,
      "TKill": 2,
      "Dmg": 3820.0,
      "DPM": 382.0,
      "SGKills": 0,
      "SGDeath": 0,
      "FlagCap": 0,
      "FlagTake": 9.0,
      "FlagTime": "0:16",
      "FlagStop": 0,
      "Win": 0,
      "Draw": 0,
      "Loss": 1,
      "TimePlayed": "10:00",
      "Classes": "Med  100 %"
    },
    {
      "Name": "Predator#47",
      "KPM": 0.6,
      "KD": 0.15,
      "Kills": 6,
      "Death": 39,
      "TKill": 1,
      "Dmg": 1508.0,
      "DPM": 151.0,
      "SGKills": 0,
      "SGDeath": 0,
      "FlagCap": 1.0,
      "FlagTake": 18.0,
      "FlagTime": "0:29",
      "FlagStop": 0,
      "Win": 0,
      "Draw": 0,
      "Loss": 1,
      "TimePlayed": "10:00",
      "Classes": "Sco  85 %|Sold 15 %"
    },
    {
      "Name": "shock144#485",
      "KPM": 3.1,
      "KD": 1.0,
      "Kills": 31,
      "Death": 31,
      "TKill": 3,
      "Dmg": 8028.0,
      "DPM": 803.0,
      "SGKills": 0,
      "SGDeath": 0,
      "FlagCap": 1.0,
      "FlagTake": 15.0,
      "FlagTime": "0:26",
      "FlagStop": 0,
      "Win": 0,
      "Draw": 0,
      "Loss": 1,
      "TimePlayed": "10:00",
      "Classes": "Sold 80 %|Spy  20 %"
    }
  ],
  "SummaryDefence": [
    {
      "Name": "fragged8#316",
      "KPM": 0.5,
      "KD": 0.31,
      "Kills": 5,
      "Death": 16,
      "TKill": 2,
      "Dmg": 2166.0,
      "DPM": 217.0,
      "SGKills": 0,
      "SGDeath": 0,
      "FlagCap": 0,
      "FlagTake": 0,
      "FlagTime": 0,
      "FlagStop": 1.0,
      "Win": 1,
      "Draw": 0,
      "Loss": 0,
      "TimePlayed": "10:00",
      "Classes": "HwG  100 %"
    },
    {
      "Name": "haunterpt#337",
      "KPM": 4.5,
      "KD": 1.5,
      "Kills": 45,
      "Death": 30,
      "TKill": 7,
      "Dmg": 8137.0,
      "DPM": 814.0,
      "SGKills": 0,
      "SGDeath": 0,
      "FlagCap": 0,
      "FlagTake": 0,
      "FlagTime": 0,
      "FlagStop": 15.0,
      "Win": 1,
      "Draw": 0,
      "Loss": 0,
      "TimePlayed": "10:00",
      "Classes": "Demo 100 %"
    },
    {
      "Name": "isma#472",
      "KPM": 3.0,
      "KD": 0.94,
      "Kills": 30,
      "Death": 32,
      "TKill": 4,
      "Dmg": 7864.0,
      "DPM": 786.0,
      "SGKills": 0,
      "SGDeath": 0,
      "FlagCap": 0,
      "FlagTake": 0,
      "FlagTime": 0,
      "FlagStop": 4.0,
      "Win": 1,
      "Draw": 0,
      "Loss": 0,
      "TimePlayed": "10:00",
      "Classes": "Pyro 100 %"
    },
    {
      "Name": "scottybugattiz#61",
      "KPM": 3.3,
      "KD": 1.1,
      "Kills": 33,
      "Death": 30,
      "TKill": 1,
      "Dmg": 7715.0,
      "DPM": 772.0,
      "SGKills": 0,
      "SGDeath": 0,
      "FlagCap": 0,
      "FlagTake": 0,
      "FlagTime": 0,
      "FlagStop": 4.0,
      "Win": 1,
      "Draw": 0,
      "Loss": 0,
      "TimePlayed": "10:00",
      "Classes": "Sold 100 %"
    },
    {
      "Name": "bw#479",
      "KPM": 2.4,
      "KD": 0.67,
      "Kills": 24,
      "Death": 36,
      "TKill": 6,
      "Dmg": 6133.0,
      "DPM": 613.0,
      "SGKills": 0,
      "SGDeath": 0,
      "FlagCap": 0,
      "FlagTake": 0,
      "FlagTime": 0,
      "FlagStop": 7.0,
      "Win": 0,
      "Draw": 0,
      "Loss": 1,
      "TimePlayed": "10:00",
      "Classes": "Pyro 100 %"
    },
    {
      "Name": "Kylarn#302",
      "KPM": 2.3,
      "KD": 1.15,
      "Kills": 23,
      "Death": 20,
      "TKill": 2,
      "Dmg": 4749.0,
      "DPM": 475.0,
      "SGKills": 0,
      "SGDeath": 18.0,
      "FlagCap": 0,
      "FlagTake": 0,
      "FlagTime": 0,
      "FlagStop": 5.0,
      "Win": 0,
      "Draw": 0,
      "Loss": 1,
      "TimePlayed": "10:00",
      "Classes": "Eng  100 %"
    },
    {
      "Name": "Predator#47",
      "KPM": 2.5,
      "KD": 0.74,
      "Kills": 25,
      "Death": 34,
      "TKill": 29,
      "Dmg": 6874.0,
      "DPM": 687.0,
      "SGKills": 0,
      "SGDeath": 0,
      "FlagCap": 0,
      "FlagTake": 0,
      "FlagTime": 0,
      "FlagStop": 11.0,
      "Win": 0,
      "Draw": 0,
      "Loss": 1,
      "TimePlayed": "10:00",
      "Classes": "Demo 100 %"
    },
    {
      "Name": "shock144#485",
      "KPM": 2.3,
      "KD": 0.64,
      "Kills": 23,
      "Death": 36,
      "TKill": 6,
      "Dmg": 5959.0,
      "DPM": 596.0,
      "SGKills": 0,
      "SGDeath": 0,
      "FlagCap": 0,
      "FlagTake": 0,
      "FlagTime": 0,
      "FlagStop": 10.0,
      "Win": 0,
      "Draw": 0,
      "Loss": 1,
      "TimePlayed": "10:00",
      "Classes": "Sold 100 %"
    }
  ],
  "ClassFragAttack": [
    {
      "Name": "fragged8#316",
      "Sco": 0,
      "KPM1": null,
      "Sold": 0,
      "KPM3": null,
      "Demo": 0,
      "KPM4": null,
      "Med": 0,
      "KPM5": null,
      "HwG": 0,
      "KPM6": null,
      "Pyro": 0,
      "KPM7": null,
      "Spy": 11.0,
      "KPM8": 1.1,
      "Eng": 0,
      "KPM9": null,
      "SG": 0,
      "KPM0": null
    },
    {
      "Name": "haunterpt#337",
      "Sco": 0,
      "KPM1": null,
      "Sold": 28.0,
      "KPM3": 2.8,
      "Demo": 0,
      "KPM4": null,
      "Med": 0,
      "KPM5": null,
      "HwG": 0,
      "KPM6": null,
      "Pyro": 0,
      "KPM7": null,
      "Spy": 0,
      "KPM8": null,
      "Eng": 0,
      "KPM9": null,
      "SG": 0,
      "KPM0": null
    },
    {
      "Name": "isma#472",
      "Sco": 0,
      "KPM1": null,
      "Sold": 0,
      "KPM3": null,
      "Demo": 0,
      "KPM4": null,
      "Med": 0,
      "KPM5": null,
      "HwG": 0,
      "KPM6": null,
      "Pyro": 26.0,
      "KPM7": 2.6,
      "Spy": 0,
      "KPM8": null,
      "Eng": 0,
      "KPM9": null,
      "SG": 0,
      "KPM0": null
    },
    {
      "Name": "scottybugattiz#61",
      "Sco": 0,
      "KPM1": null,
      "Sold": 0,
      "KPM3": null,
      "Demo": 0,
      "KPM4": null,
      "Med": 17.0,
      "KPM5": 1.7,
      "HwG": 0,
      "KPM6": null,
      "Pyro": 0,
      "KPM7": null,
      "Spy": 0,
      "KPM8": null,
      "Eng": 0,
      "KPM9": null,
      "SG": 0,
      "KPM0": null
    },
    {
      "Name": "bw#479",
      "Sco": 0,
      "KPM1": null,
      "Sold": 0,
      "KPM3": null,
      "Demo": 0,
      "KPM4": null,
      "Med": 0,
      "KPM5": null,
      "HwG": 0,
      "KPM6": null,
      "Pyro": 24.0,
      "KPM7": 2.4,
      "Spy": 0,
      "KPM8": null,
      "Eng": 0,
      "KPM9": null,
      "SG": 0,
      "KPM0": null
    },
    {
      "Name": "Kylarn#302",
      "Sco": 0,
      "KPM1": null,
      "Sold": 0,
      "KPM3": null,
      "Demo": 0,
      "KPM4": null,
      "Med": 12.0,
      "KPM5": 1.2,
      "HwG": 0,
      "KPM6": null,
      "Pyro": 0,
      "KPM7": null,
      "Spy": 0,
      "KPM8": null,
      "Eng": 0,
      "KPM9": null,
      "SG": 0,
      "KPM0": null
    },
    {
      "Name": "Predator#47",
      "Sco": 2.0,
      "KPM1": 0.24,
      "Sold": 4.0,
      "KPM3": 2.64,
      "Demo": 0,
      "KPM4": null,
      "Med": 0,
      "KPM5": null,
      "HwG": 0,
      "KPM6": null,
      "Pyro": 0,
      "KPM7": null,
      "Spy": 0,
      "KPM8": null,
      "Eng": 0,
      "KPM9": null,
      "SG": 0,
      "KPM0": null
    },
    {
      "Name": "shock144#485",
      "Sco": 0,
      "KPM1": null,
      "Sold": 29.0,
      "KPM3": 3.61,
      "Demo": 0,
      "KPM4": null,
      "Med": 0,
      "KPM5": null,
      "HwG": 0,
      "KPM6": null,
      "Pyro": 0,
      "KPM7": null,
      "Spy": 2.0,
      "KPM8": 1.02,
      "Eng": 0,
      "KPM9": null,
      "SG": 0,
      "KPM0": null
    }
  ],
  "ClassFragDefence": [
    {
      "Name": "fragged8#316",
      "Sco": 0,
      "KPM1": null,
      "Sold": 0,
      "KPM3": null,
      "Demo": 0,
      "KPM4": null,
      "Med": 0,
      "KPM5": null,
      "HwG": 5.0,
      "KPM6": 0.5,
      "Pyro": 0,
      "KPM7": null,
      "Spy": 0,
      "KPM8": null,
      "Eng": 0,
      "KPM9": null,
      "SG": 0,
      "KPM0": null
    },
    {
      "Name": "haunterpt#337",
      "Sco": 0,
      "KPM1": null,
      "Sold": 0,
      "KPM3": null,
      "Demo": 45.0,
      "KPM4": 4.5,
      "Med": 0,
      "KPM5": null,
      "HwG": 0,
      "KPM6": null,
      "Pyro": 0,
      "KPM7": null,
      "Spy": 0,
      "KPM8": null,
      "Eng": 0,
      "KPM9": null,
      "SG": 0,
      "KPM0": null
    },
    {
      "Name": "isma#472",
      "Sco": 0,
      "KPM1": null,
      "Sold": 0,
      "KPM3": null,
      "Demo": 0,
      "KPM4": null,
      "Med": 0,
      "KPM5": null,
      "HwG": 0,
      "KPM6": null,
      "Pyro": 30.0,
      "KPM7": 3.0,
      "Spy": 0,
      "KPM8": null,
      "Eng": 0,
      "KPM9": null,
      "SG": 0,
      "KPM0": null
    },
    {
      "Name": "scottybugattiz#61",
      "Sco": 0,
      "KPM1": null,
      "Sold": 33.0,
      "KPM3": 3.3,
      "Demo": 0,
      "KPM4": null,
      "Med": 0,
      "KPM5": null,
      "HwG": 0,
      "KPM6": null,
      "Pyro": 0,
      "KPM7": null,
      "Spy": 0,
      "KPM8": null,
      "Eng": 0,
      "KPM9": null,
      "SG": 0,
      "KPM0": null
    },
    {
      "Name": "bw#479",
      "Sco": 0,
      "KPM1": null,
      "Sold": 0,
      "KPM3": null,
      "Demo": 0,
      "KPM4": null,
      "Med": 0,
      "KPM5": null,
      "HwG": 0,
      "KPM6": null,
      "Pyro": 24.0,
      "KPM7": 2.4,
      "Spy": 0,
      "KPM8": null,
      "Eng": 0,
      "KPM9": null,
      "SG": 0,
      "KPM0": null
    },
    {
      "Name": "Kylarn#302",
      "Sco": 0,
      "KPM1": null,
      "Sold": 0,
      "KPM3": null,
      "Demo": 0,
      "KPM4": null,
      "Med": 0,
      "KPM5": null,
      "HwG": 0,
      "KPM6": null,
      "Pyro": 0,
      "KPM7": null,
      "Spy": 0,
      "KPM8": null,
      "Eng": 14.0,
      "KPM9": 1.4,
      "SG": 9.0,
      "KPM0": 0.9
    },
    {
      "Name": "Predator#47",
      "Sco": 0,
      "KPM1": null,
      "Sold": 0,
      "KPM3": null,
      "Demo": 25.0,
      "KPM4": 2.5,
      "Med": 0,
      "KPM5": null,
      "HwG": 0,
      "KPM6": null,
      "Pyro": 0,
      "KPM7": null,
      "Spy": 0,
      "KPM8": null,
      "Eng": 0,
      "KPM9": null,
      "SG": 0,
      "KPM0": null
    },
    {
      "Name": "shock144#485",
      "Sco": 0,
      "KPM1": null,
      "Sold": 23.0,
      "KPM3": 2.3,
      "Demo": 0,
      "KPM4": null,
      "Med": 0,
      "KPM5": null,
      "HwG": 0,
      "KPM6": null,
      "Pyro": 0,
      "KPM7": null,
      "Spy": 0,
      "KPM8": null,
      "Eng": 0,
      "KPM9": null,
      "SG": 0,
      "KPM0": null
    }
  ],
  "ClassTimeAttack": [
    {
      "Name": "fragged8#316",
      "Sco": 0,
      "Sold": 0,
      "Demo": 0,
      "Med": 0,
      "HwG": 0,
      "Pyro": 0,
      "Spy": 600,
      "Eng": 0
    },
    {
      "Name": "haunterpt#337",
      "Sco": 0,
      "Sold": 600,
      "Demo": 0,
      "Med": 0,
      "HwG": 0,
      "Pyro": 0,
      "Spy": 0,
      "Eng": 0
    },
    {
      "Name": "isma#472",
      "Sco": 0,
      "Sold": 0,
      "Demo": 0,
      "Med": 0,
      "HwG": 0,
      "Pyro": 600,
      "Spy": 0,
      "Eng": 0
    },
    {
      "Name": "scottybugattiz#61",
      "Sco": 0,
      "Sold": 0,
      "Demo": 0,
      "Med": 600,
      "HwG": 0,
      "Pyro": 0,
      "Spy": 0,
      "Eng": 0
    },
    {
      "Name": "bw#479",
      "Sco": 0,
      "Sold": 0,
      "Demo": 0,
      "Med": 0,
      "HwG": 0,
      "Pyro": 600,
      "Spy": 0,
      "Eng": 0
    },
    {
      "Name": "Kylarn#302",
      "Sco": 0,
      "Sold": 0,
      "Demo": 0,
      "Med": 600,
      "HwG": 0,
      "Pyro": 0,
      "Spy": 0,
      "Eng": 0
    },
    {
      "Name": "Predator#47",
      "Sco": 509,
      "Sold": 91,
      "Demo": 0,
      "Med": 0,
      "HwG": 0,
      "Pyro": 0,
      "Spy": 0,
      "Eng": 0
    },
    {
      "Name": "shock144#485",
      "Sco": 0,
      "Sold": 482,
      "Demo": 0,
      "Med": 0,
      "HwG": 0,
      "Pyro": 0,
      "Spy": 118,
      "Eng": 0
    }
  ],
  "ClassTimeDefence": [
    {
      "Name": "fragged8#316",
      "Sco": 0,
      "Sold": 0,
      "Demo": 0,
      "Med": 0,
      "HwG": 600,
      "Pyro": 0,
      "Spy": 0,
      "Eng": 0
    },
    {
      "Name": "haunterpt#337",
      "Sco": 0,
      "Sold": 0,
      "Demo": 600,
      "Med": 0,
      "HwG": 0,
      "Pyro": 0,
      "Spy": 0,
      "Eng": 0
    },
    {
      "Name": "isma#472",
      "Sco": 0,
      "Sold": 0,
      "Demo": 0,
      "Med": 0,
      "HwG": 0,
      "Pyro": 600,
      "Spy": 0,
      "Eng": 0
    },
    {
      "Name": "scottybugattiz#61",
      "Sco": 0,
      "Sold": 600,
      "Demo": 0,
      "Med": 0,
      "HwG": 0,
      "Pyro": 0,
      "Spy": 0,
      "Eng": 0
    },
    {
      "Name": "bw#479",
      "Sco": 0,
      "Sold": 0,
      "Demo": 0,
      "Med": 0,
      "HwG": 0,
      "Pyro": 600,
      "Spy": 0,
      "Eng": 0
    },
    {
      "Name": "Kylarn#302",
      "Sco": 0,
      "Sold": 0,
      "Demo": 0,
      "Med": 0,
      "HwG": 0,
      "Pyro": 0,
      "Spy": 0,
      "Eng": 600
    },
    {
      "Name": "Predator#47",
      "Sco": 0,
      "Sold": 0,
      "Demo": 600,
      "Med": 0,
      "HwG": 0,
      "Pyro": 0,
      "Spy": 0,
      "Eng": 0
    },
    {
      "Name": "shock144#485",
      "Sco": 0,
      "Sold": 600,
      "Demo": 0,
      "Med": 0,
      "HwG": 0,
      "Pyro": 0,
      "Spy": 0,
      "Eng": 0
    }
  ]
}
