{
  "Matches": [
    {
      "Server": "virginia/staging/",
      "Match": "2024-03-27-00-05-17_[ff-phantomr]",
      "Winner": "Draw",
      "Rating": "0 %",
      "Score1": 70,
      "Team1": "bone#226,bw#479,LD#89,wiggybr#73",
      "Score2": 70,
      "Team2": ".driz#44,fantomar#191,Hybridpanda#401,Predator#47"
    }
  ],
  "SummaryAttack": [
    {
      "Name": "bone#226",
      "KPM": 1.9,
      "KD": 0.79,
      "Kills": 19,
      "Death": 24,
      "TKill": 2,
      "Dmg": 2507.0,
      "DPM": 251.0,
      "SGKills": 4.0,
      "SGDeath": 0,
      "FlagCap": 2.0,
      "FlagTake": 13.0,
      "FlagTime": "0:46",
      "FlagStop": 0,
      "Win": 0,
      "Draw": 1,
      "Loss": 0,
      "TimePlayed": "10:00",
      "Classes": "Spy  100 %"
    },
    {
      "Name": "bw#479",
      "KPM": 3.5,
      "KD": 1.25,
      "Kills": 35,
      "Death": 28,
      "TKill": 1,
      "Dmg": 5596.0,
      "DPM": 560.0,
      "SGKills": 7.0,
      "SGDeath": 0,
      "FlagCap": 2.0,
      "FlagTake": 8.0,
      "FlagTime": "0:21",
      "FlagStop": 0,
      "Win": 0,
      "Draw": 1,
      "Loss": 0,
      "TimePlayed": "10:00",
      "Classes": "Sold 100 %"
    },
    {
      "Name": "LD#89",
      "KPM": 0.5,
      "KD": 0.2,
      "Kills": 5,
      "Death": 25,
      "TKill": 0,
      "Dmg": 1835.0,
      "DPM": 184.0,
      "SGKills": 3.0,
      "SGDeath": 0,
      "FlagCap": 2.0,
      "FlagTake": 11.0,
      "FlagTime": "0:50",
      "FlagStop": 0,
      "Win": 0,
      "Draw": 1,
      "Loss": 0,
      "TimePlayed": "10:00",
      "Classes": "Med  100 %"
    },
    {
      "Name": "wiggybr#73",
      "KPM": 2.1,
      "KD": 0.64,
      "Kills": 21,
      "Death": 33,
      "TKill": 1,
      "Dmg": 4145.0,
      "DPM": 414.0,
      "SGKills": 4.0,
      "SGDeath": 0,
      "FlagCap": 1.0,
      "FlagTake": 11.0,
      "FlagTime": "0:44",
      "FlagStop": 0,
      "Win": 0,
      "Draw": 1,
      "Loss": 0,
      "TimePlayed": "10:00",
      "Classes": "Pyro 100 %"
    },
    {
      "Name": ".driz#44",
      "KPM": 3.3,
      "KD": 1.22,
      "Kills": 33,
      "Death": 27,
      "TKill": 1,
      "Dmg": 5902.0,
      "DPM": 590.0,
      "SGKills": 4.0,
      "SGDeath": 0,
      "FlagCap": 2.0,
      "FlagTake": 8.0,
      "FlagTime": "0:38",
      "FlagStop": 0,
      "Win": 0,
      "Draw": 1,
      "Loss": 0,
      "TimePlayed": "10:00",
      "Classes": "Sold 100 %"
    },
    {
      "Name": "fantomar#191",
      "KPM": 2.4,
      "KD": 0.75,
      "Kills": 24,
      "Death": 32,
      "TKill": 0,
      "Dmg": 4376.0,
      "DPM": 438.0,
      "SGKills": 5.0,
      "SGDeath": 0,
      "FlagCap": 2.0,
      "FlagTake": 7.0,
      "FlagTime": "0:45",
      "FlagStop": 0,
      "Win": 0,
      "Draw": 1,
      "Loss": 0,
      "TimePlayed": "10:00",
      "Classes": "Pyro 100 %"
    },
    {
      "Name": "Hybridpanda#401",
      "KPM": 1.9,
      "KD": 0.61,
      "Kills": 19,
      "Death": 31,
      "TKill": 0,
      "Dmg": 1930.0,
      "DPM": 193.0,
      "SGKills": 8.0,
      "SGDeath": 0,
      "FlagCap": 0,
      "FlagTake": 5.0,
      "FlagTime": "0:07",
      "FlagStop": 0,
      "Win": 0,
      "Draw": 1,
      "Loss": 0,
      "TimePlayed": "10:00",
      "Classes": "Spy  100 %"
    },
    {
      "Name": "Predator#47",
      "KPM": 0.7,
      "KD": 0.21,
      "Kills": 7,
      "Death": 33,
      "TKill": 1,
      "Dmg": 1428.0,
      "DPM": 143.0,
      "SGKills": 2.0,
      "SGDeath": 0,
      "FlagCap": 3.0,
      "FlagTake": 18.0,
      "FlagTime": "1:12",
      "FlagStop": 0,
      "Win": 0,
      "Draw": 1,
      "Loss": 0,
      "TimePlayed": "10:00",
      "Classes": "Med  100 %"
    }
  ],
  "SummaryDefence": [
    {
      "Name": "bone#226",
      "KPM": 2.2,
      "KD": 0.85,
      "Kills": 22,
      "Death": 26,
      "TKill": 14,
      "Dmg": 4701.0,
      "DPM": 470.0,
      "SGKills": 0,
      "SGDeath": 0,
      "FlagCap": 0,
      "FlagTake": 0,
      "FlagTime": 0,
      "FlagStop": 7.0,
      "Win": 0,
      "Draw": 1,
      "Loss": 0,
      "TimePlayed": "10:00",
      "Classes": "Demo 100 %"
    },
    {
      "Name": "bw#479",
      "KPM": 2.7,
      "KD": 1.23,
      "Kills": 27,
      "Death": 22,
      "TKill": 9,
      "Dmg": 5209.0,
      "DPM": 521.0,
      "SGKills": 0,
      "SGDeath": 0,
      "FlagCap": 0,
      "FlagTake": 0,
      "FlagTime": 0,
      "FlagStop": 3.0,
      "Win": 0,
      "Draw": 1,
      "Loss": 0,
      "TimePlayed": "10:00",
      "Classes": "HwG  100 %"
    },
    {
      "Name": "LD#89",
      "KPM": 2.5,
      "KD": 0.93,
      "Kills": 25,
      "Death": 27,
      "TKill": 3,
      "Dmg": 4747.0,
      "DPM": 475.0,
      "SGKills": 0,
      "SGDeath": 19.0,
      "FlagCap": 0,
      "FlagTake": 0,
      "FlagTime": 0,
      "FlagStop": 2.0,
      "Win": 0,
      "Draw": 1,
      "Loss": 0,
      "TimePlayed": "10:00",
      "Classes": "Eng  100 %"
    },
    {
      "Name": "wiggybr#73",
      "KPM": 3.5,
      "KD": 1.13,
      "Kills": 35,
      "Death": 31,
      "TKill": 1,
      "Dmg": 6413.0,
      "DPM": 641.0,
      "SGKills": 0,
      "SGDeath": 0,
      "FlagCap": 0,
      "FlagTake": 0,
      "FlagTime": 0,
      "FlagStop": 5.0,
      "Win": 0,
      "Draw": 1,
      "Loss": 0,
      "TimePlayed": "10:00",
      "Classes": "Pyro 100 %"
    },
    {
      "Name": ".driz#44",
      "KPM": 2.4,
      "KD": 0.89,
      "Kills": 24,
      "Death": 27,
      "TKill": 10,
      "Dmg": 4126.0,
      "DPM": 413.0,
      "SGKills": 0,
      "SGDeath": 0,
      "FlagCap": 0,
      "FlagTake": 0,
      "FlagTime": 0,
      "FlagStop": 4.0,
      "Win": 0,
      "Draw": 1,
      "Loss": 0,
      "TimePlayed": "10:00",
      "Classes": "Demo 100 %"
    },
    {
      "Name": "fantomar#191",
      "KPM": 2.4,
      "KD": 0.71,
      "Kills": 24,
      "Death": 34,
      "TKill": 3,
      "Dmg": 6011.0,
      "DPM": 601.0,
      "SGKills": 0,
      "SGDeath": 0,
      "FlagCap": 0,
      "FlagTake": 0,
      "FlagTime": 0,
      "FlagStop": 1.0,
      "Win": 0,
      "Draw": 1,
      "Loss": 0,
      "TimePlayed": "10:00",
      "Classes": "Pyro 100 %"
    },
    {
      "Name": "Hybridpanda#401",
      "KPM": 2.1,
      "KD": 1.11,
      "Kills": 21,
      "Death": 19,
      "TKill": 4,
      "Dmg": 3905.0,
      "DPM": 390.0,
      "SGKills": 0,
      "SGDeath": 18.0,
      "FlagCap": 0,
      "FlagTake": 0,
      "FlagTime": 0,
      "FlagStop": 2.0,
      "Win": 0,
      "Draw": 1,
      "Loss": 0,
      "TimePlayed": "10:00",
      "Classes": "Eng  100 %"
    },
    {
      "Name": "Predator#47",
      "KPM": 2.5,
      "KD": 1.32,
      "Kills": 25,
      "Death": 19,
      "TKill": 6,
      "Dmg": 5297.0,
      "DPM": 530.0,
      "SGKills": 0,
      "SGDeath": 0,
      "FlagCap": 0,
      "FlagTake": 0,
      "FlagTime": 0,
      "FlagStop": 5.0,
      "Win": 0,
      "Draw": 1,
      "Loss": 0,
      "TimePlayed": "10:00",
      "Classes": "HwG  100 %"
    }
  ],
  "ClassFragAttack": [
    {
      "Name": "bone#226",
      "Sco": 0,
      "KPM1": null,
      "Sold": 0,
      "KPM3": null,
      "Demo": 0,
      "KPM4": null,
      "Med": 0,
      "KPM5": null,
      "HwG": 0,
      "KPM6": null,
      "Pyro": 0,
      "KPM7": null,
      "Spy": 19.0,
      "KPM8": 1.9,
      "Eng": 0,
      "KPM9": null,
      "SG": 0,
      "KPM0": null
    },
    {
      "Name": "bw#479",
      "Sco": 0,
      "KPM1": null,
      "Sold": 35.0,
      "KPM3": 3.5,
      "Demo": 0,
      "KPM4": null,
      "Med": 0,
      "KPM5": null,
      "HwG": 0,
      "KPM6": null,
      "Pyro": 0,
      "KPM7": null,
      "Spy": 0,
      "KPM8": null,
      "Eng": 0,
      "KPM9": null,
      "SG": 0,
      "KPM0": null
    },
    {
      "Name": "LD#89",
      "Sco": 0,
      "KPM1": null,
      "Sold": 0,
      "KPM3": null,
      "Demo": 0,
      "KPM4": null,
      "Med": 5.0,
      "KPM5": 0.5,
      "HwG": 0,
      "KPM6": null,
      "Pyro": 0,
      "KPM7": null,
      "Spy": 0,
      "KPM8": null,
      "Eng": 0,
      "KPM9": null,
      "SG": 0,
      "KPM0": null
    },
    {
      "Name": "wiggybr#73",
      "Sco": 0,
      "KPM1": null,
      "Sold": 0,
      "KPM3": null,
      "Demo": 0,
      "KPM4": null,
      "Med": 0,
      "KPM5": null,
      "HwG": 0,
      "KPM6": null,
      "Pyro": 21.0,
      "KPM7": 2.1,
      "Spy": 0,
      "KPM8": null,
      "Eng": 0,
      "KPM9": null,
      "SG": 0,
      "KPM0": null
    },
    {
      "Name": ".driz#44",
      "Sco": 0,
      "KPM1": null,
      "Sold": 33.0,
      "KPM3": 3.3,
      "Demo": 0,
      "KPM4": null,
      "Med": 0,
      "KPM5": null,
      "HwG": 0,
      "KPM6": null,
      "Pyro": 0,
      "KPM7": null,
      "Spy": 0,
      "KPM8": null,
      "Eng": 0,
      "KPM9": null,
      "SG": 0,
      "KPM0": null
    },
    {
      "Name": "fantomar#191",
      "Sco": 0,
      "KPM1": null,
      "Sold": 0,
      "KPM3": null,
      "Demo": 0,
      "KPM4": null,
      "Med": 0,
      "KPM5": null,
      "HwG": 0,
      "KPM6": null,
      "Pyro": 24.0,
      "KPM7": 2.4,
      "Spy": 0,
      "KPM8": null,
      "Eng": 0,
      "KPM9": null,
      "SG": 0,
      "KPM0": null
    },
    {
      "Name": "Hybridpanda#401",
      "Sco": 0,
      "KPM1": null,
      "Sold": 0,
      "KPM3": null,
      "Demo": 0,
      "KPM4": null,
      "Med": 0,
      "KPM5": null,
      "HwG": 0,
      "KPM6": null,
      "Pyro": 0,
      "KPM7": null,
      "Spy": 19.0,
      "KPM8": 1.9,
      "Eng": 0,
      "KPM9": null,
      "SG": 0,
      "KPM0": null
    },
    {
      "Name": "Predator#47",
      "Sco": 0,
      "KPM1": null,
      "Sold": 0,
      "KPM3": null,
      "Demo": 0,
      "KPM4": null,
      "Med": 7.0,
      "KPM5": 0.7,
      "HwG": 0,
      "KPM6": null,
      "Pyro": 0,
      "KPM7": null,
      "Spy": 0,
      "KPM8": null,
      "Eng": 0,
      "KPM9": null,
      "SG": 0,
      "KPM0": null
    }
  ],
  "ClassFragDefence": [
    {
      "Name": "bone#226",
      "Sco": 0,
      "KPM1": null,
      "Sold": 0,
      "KPM3": null,
      "Demo": 22.0,
      "KPM4": 2.2,
      "Med": 0,
      "KPM5": null,
      "HwG": 0,
      "KPM6": null,
      "Pyro": 0,
      "KPM7": null,
      "Spy": 0,
      "KPM8": null,
      "Eng": 0,
      "KPM9": null,
      "SG": 0,
      "KPM0": null
    },
    {
      "Name": "bw#479",
      "Sco": 0,
      "KPM1": null,
      "Sold": 0,
      "KPM3": null,
      "Demo": 0,
      "KPM4": null,
      "Med": 0,
      "KPM5": null,
      "HwG": 27.0,
      "KPM6": 2.7,
      "Pyro": 0,
      "KPM7": null,
      "Spy": 0,
      "KPM8": null,
      "Eng": 0,
      "KPM9": null,
      "SG": 0,
      "KPM0": null
    },
    {
      "Name": "LD#89",
      "Sco": 0,
      "KPM1": null,
      "Sold": 0,
      "KPM3": null,
      "Demo": 0,
      "KPM4": null,
      "Med": 0,
      "KPM5": null,
      "HwG": 0,
      "KPM6": null,
      "Pyro": 0,
      "KPM7": null,
      "Spy": 0,
      "KPM8": null,
      "Eng": 9.0,
      "KPM9": 0.9,
      "SG": 16.0,
      "KPM0": 1.6
    },
    {
      "Name": "wiggybr#73",
      "Sco": 0,
      "KPM1": null,
      "Sold": 0,
      "KPM3": null,
      "Demo": 0,
      "KPM4": null,
      "Med": 0,
      "KPM5": null,
      "HwG": 0,
      "KPM6": null,
      "Pyro": 35.0,
      "KPM7": 3.5,
      "Spy": 0,
      "KPM8": null,
      "Eng": 0,
      "KPM9": null,
      "SG": 0,
      "KPM0": null
    },
    {
      "Name": ".driz#44",
      "Sco": 0,
      "KPM1": null,
      "Sold": 0,
      "KPM3": null,
      "Demo": 24.0,
      "KPM4": 2.4,
      "Med": 0,
      "KPM5": null,
      "HwG": 0,
      "KPM6": null,
      "Pyro": 0,
      "KPM7": null,
      "Spy": 0,
      "KPM8": null,
      "Eng": 0,
      "KPM9": null,
      "SG": 0,
      "KPM0": null
    },
    {
      "Name": "fantomar#191",
      "Sco": 0,
      "KPM1": null,
      "Sold": 0,
      "KPM3": null,
      "Demo": 0,
      "KPM4": null,
      "Med": 0,
      "KPM5": null,
      "HwG": 0,
      "KPM6": null,
      "Pyro": 24.0,
      "KPM7": 2.4,
      "Spy": 0,
      "KPM8": null,
      "Eng": 0,
      "KPM9": null,
      "SG": 0,
      "KPM0": null
    },
    {
      "Name": "Hybridpanda#401",
      "Sco": 0,
      "KPM1": null,
      "Sold": 0,
      "KPM3": null,
      "Demo": 0,
      "KPM4": null,
      "Med": 0,
      "KPM5": null,
      "HwG": 0,
      "KPM6": null,
      "Pyro": 0,
      "KPM7": null,
      "Spy": 0,
      "KPM8": null,
      "Eng": 11.0,
      "KPM9": 1.1,
      "SG": 10.0,
      "KPM0": 1.0
    },
    {
      "Name": "Predator#47",
      "Sco": 0,
      "KPM1": null,
      "Sold": 0,
      "KPM3": null,
      "Demo": 0,
      "KPM4": null,
      "Med": 0,
      "KPM5": null,
      "HwG": 25.0,
      "KPM6": 2.5,
      "Pyro": 0,
      "KPM7": null,
      "Spy": 0,
      "KPM8": null,
      "Eng": 0,
      "KPM9": null,
      "SG": 0,
      "KPM0": null
    }
  ],
  "ClassTimeAttack": [
    {
      "Name": "bone#226",
      "Sco": 0,
      "Sold": 0,
      "Demo": 0,
      "Med": 0,
      "HwG": 0,
      "Pyro": 0,
      "Spy": 600,
      "Eng": 0
    },
    {
      "Name": "bw#479",
      "Sco": 0,
      "Sold": 600,
      "Demo": 0,
      "Med": 0,
      "HwG": 0,
      "Pyro": 0,
      "Spy": 0,
      "Eng": 0
    },
    {
      "Name": "LD#89",
      "Sco": 0,
      "Sold": 0,
      "Demo": 0,
      "Med": 600,
      "HwG": 0,
      "Pyro": 0,
      "Spy": 0,
      "Eng": 0
    },
    {
      "Name": "wiggybr#73",
      "Sco": 0,
      "Sold": 0,
      "Demo": 0,
      "Med": 0,
      "HwG": 0,
      "Pyro": 600,
      "Spy": 0,
      "Eng": 0
    },
    {
      "Name": ".driz#44",
      "Sco": 0,
      "Sold": 600,
      "Demo": 0,
      "Med": 0,
      "HwG": 0,
      "Pyro": 0,
      "Spy": 0,
      "Eng": 0
    },
    {
      "Name": "fantomar#191",
      "Sco": 0,
      "Sold": 0,
      "Demo": 0,
      "Med": 0,
      "HwG": 0,
      "Pyro": 600,
      "Spy": 0,
      "Eng": 0
    },
    {
      "Name": "Hybridpanda#401",
      "Sco": 0,
      "Sold": 0,
      "Demo": 0,
      "Med": 0,
      "HwG": 0,
      "Pyro": 0,
      "Spy": 600,
      "Eng": 0
    },
    {
      "Name": "Predator#47",
      "Sco": 0,
      "Sold": 0,
      "Demo": 0,
      "Med": 600,
      "HwG": 0,
      "Pyro": 0,
      "Spy": 0,
      "Eng": 0
    }
  ],
  "ClassTimeDefence": [
    {
      "Name": "bone#226",
      "Sco": 0,
      "Sold": 0,
      "Demo": 600,
      "Med": 0,
      "HwG": 0,
      "Pyro": 0,
      "Spy": 0,
      "Eng": 0
    },
    {
      "Name": "bw#479",
      "Sco": 0,
      "Sold": 0,
      "Demo": 0,
      "Med": 0,
      "HwG": 600,
      "Pyro": 0,
      "Spy": 0,
      "Eng": 0
    },
    {
      "Name": "LD#89",
      "Sco": 0,
      "Sold": 0,
      "Demo": 0,
      "Med": 0,
      "HwG": 0,
      "Pyro": 0,
      "Spy": 0,
      "Eng": 600
    },
    {
      "Name": "wiggybr#73",
      "Sco": 0,
      "Sold": 0,
      "Demo": 0,
      "Med": 0,
      "HwG": 0,
      "Pyro": 600,
      "Spy": 0,
      "Eng": 0
    },
    {
      "Name": ".driz#44",
      "Sco": 0,
      "Sold": 0,
      "Demo": 600,
      "Med": 0,
      "HwG": 0,
      "Pyro": 0,
      "Spy": 0,
      "Eng": 0
    },
    {
      "Name": "fantomar#191",
      "Sco": 0,
      "Sold": 0,
      "Demo": 0,
      "Med": 0,
      "HwG": 0,
      "Pyro": 600,
      "Spy": 0,
      "Eng": 0
    },
    {
      "Name": "Hybridpanda#401",
      "Sco": 0,
      "Sold": 0,
      "Demo": 0,
      "Med": 0,
      "HwG": 0,
      "Pyro": 0,
      "Spy": 0,
      "Eng": 600
    },
    {
      "Name": "Predator#47",
      "Sco": 0,
      "Sold": 0,
      "Demo": 0,
      "Med": 0,
      "HwG": 600,
      "Pyro": 0,
      "Spy": 0,
      "Eng": 0
    }
  ]
}
