{
  "Matches": [
    {
      "Server": "virginia/staging/",
      "Match": "2024-01-28-01-02-14_[ff-phantomr]",
      "Winner": "Team2",
      "Rating": "22 %",
      "Score1": 70,
      "Team1": "Carp#478,grome#741,Predator#47,wos..#430",
      "Score2": 80,
      "Team2": "fantomar#191,haunterpt#337,scottybugattiz#61,welsher#52"
    }
  ],
  "SummaryAttack": [
    {
      "Name": "Carp#478",
      "KPM": 3.8,
      "KD": 1.31,
      "Kills": 38,
      "Death": 29,
      "TKill": 1,
      "Dmg": 5552.0,
      "DPM": 555.0,
      "SGKills": 12.0,
      "SGDeath": 0,
      "FlagCap": 0,
      "FlagTake": 10.0,
      "FlagTime": "0:24",
      "FlagStop": 0,
      "Win": 0,
      "Draw": 0,
      "Loss": 1,
      "TimePlayed": "10:00",
      "Classes": "Sold 100 %"
    },
    {
      "Name": "grome#741",
      "KPM": 2.5,
      "KD": 0.71,
      "Kills": 25,
      "Death": 35,
      "TKill": 2,
      "Dmg": 4056.0,
      "DPM": 406.0,
      "SGKills": 3.0,
      "SGDeath": 0,
      "FlagCap": 2.0,
      "FlagTake": 16.0,
      "FlagTime": "0:24",
      "FlagStop": 0,
      "Win": 0,
      "Draw": 0,
      "Loss": 1,
      "TimePlayed": "10:00",
      "Classes": "Pyro 100 %"
    },
    {
      "Name": "Predator#47",
      "KPM": 1.2,
      "KD": 0.32,
      "Kills": 12,
      "Death": 37,
      "TKill": 2,
      "Dmg": 2656.0,
      "DPM": 266.0,
      "SGKills": 1.0,
      "SGDeath": 0,
      "FlagCap": 2.0,
      "FlagTake": 12.0,
      "FlagTime": "0:24",
      "FlagStop": 0,
      "Win": 0,
      "Draw": 0,
      "Loss": 1,
      "TimePlayed": "10:00",
      "Classes": "Med  100 %"
    },
    {
      "Name": "wos..#430",
      "KPM": 1.8,
      "KD": 0.72,
      "Kills": 18,
      "Death": 25,
      "TKill": 0,
      "Dmg": 2797.0,
      "DPM": 280.0,
      "SGKills": 3.0,
      "SGDeath": 0,
      "FlagCap": 3.0,
      "FlagTake": 10.0,
      "FlagTime": "1:00",
      "FlagStop": 0,
      "Win": 0,
      "Draw": 0,
      "Loss": 1,
      "TimePlayed": "10:00",
      "Classes": "Spy  100 %"
    },
    {
      "Name": "fantomar#191",
      "KPM": 1.16,
      "KD": 0.38,
      "Kills": 9,
      "Death": 24,
      "TKill": 0,
      "Dmg": 2257.0,
      "DPM": 290.0,
      "SGKills": 1.0,
      "SGDeath": 0,
      "FlagCap": 1.0,
      "FlagTake": 11.0,
      "FlagTime": "0:40",
      "FlagStop": 0,
      "Win": 1,
      "Draw": 0,
      "Loss": 0,
      "TimePlayed": "7:47",
      "Classes": "Spy  100 %"
    },
    {
      "Name": "haunterpt#337",
      "KPM": 2.06,
      "KD": 0.62,
      "Kills": 16,
      "Death": 26,
      "TKill": 0,
      "Dmg": 4395.0,
      "DPM": 565.0,
      "SGKills": 6.0,
      "SGDeath": 0,
      "FlagCap": 1.0,
      "FlagTake": 13.0,
      "FlagTime": "0:22",
      "FlagStop": 0,
      "Win": 1,
      "Draw": 0,
      "Loss": 0,
      "TimePlayed": "7:47",
      "Classes": "Pyro 100 %"
    },
    {
      "Name": "scottybugattiz#61",
      "KPM": 0.64,
      "KD": 0.24,
      "Kills": 5,
      "Death": 21,
      "TKill": 0,
      "Dmg": 910.0,
      "DPM": 117.0,
      "SGKills": 2.0,
      "SGDeath": 0,
      "FlagCap": 6.0,
      "FlagTake": 13.0,
      "FlagTime": "2:05",
      "FlagStop": 0,
      "Win": 1,
      "Draw": 0,
      "Loss": 0,
      "TimePlayed": "7:47",
      "Classes": "Med  100 %"
    },
    {
      "Name": "welsher#52",
      "KPM": 3.98,
      "KD": 1.29,
      "Kills": 31,
      "Death": 24,
      "TKill": 2,
      "Dmg": 5156.0,
      "DPM": 662.0,
      "SGKills": 7.0,
      "SGDeath": 0,
      "FlagCap": 0,
      "FlagTake": 4.0,
      "FlagTime": "0:10",
      "FlagStop": 0,
      "Win": 1,
      "Draw": 0,
      "Loss": 0,
      "TimePlayed": "7:47",
      "Classes": "Sold 100 %"
    }
  ],
  "SummaryDefence": [
    {
      "Name": "Carp#478",
      "KPM": 4.88,
      "KD": 1.73,
      "Kills": 38,
      "Death": 22,
      "TKill": 10,
      "Dmg": 4415.0,
      "DPM": 567.0,
      "SGKills": 0,
      "SGDeath": 0,
      "FlagCap": 0,
      "FlagTake": 0,
      "FlagTime": 0,
      "FlagStop": 12.0,
      "Win": 0,
      "Draw": 0,
      "Loss": 1,
      "TimePlayed": "7:47",
      "Classes": "Demo 100 %"
    },
    {
      "Name": "grome#741",
      "KPM": 2.18,
      "KD": 0.81,
      "Kills": 17,
      "Death": 21,
      "TKill": 3,
      "Dmg": 3923.0,
      "DPM": 504.0,
      "SGKills": 0,
      "SGDeath": 0,
      "FlagCap": 0,
      "FlagTake": 0,
      "FlagTime": 0,
      "FlagStop": 3.0,
      "Win": 0,
      "Draw": 0,
      "Loss": 1,
      "TimePlayed": "7:47",
      "Classes": "Pyro 100 %"
    },
    {
      "Name": "Predator#47",
      "KPM": 2.83,
      "KD": 1.16,
      "Kills": 22,
      "Death": 19,
      "TKill": 5,
      "Dmg": 4498.0,
      "DPM": 578.0,
      "SGKills": 0,
      "SGDeath": 0,
      "FlagCap": 0,
      "FlagTake": 0,
      "FlagTime": 0,
      "FlagStop": 6.0,
      "Win": 0,
      "Draw": 0,
      "Loss": 1,
      "TimePlayed": "7:47",
      "Classes": "HwG  100 %"
    },
    {
      "Name": "wos..#430",
      "KPM": 1.41,
      "KD": 0.44,
      "Kills": 11,
      "Death": 25,
      "TKill": 1,
      "Dmg": 3813.0,
      "DPM": 490.0,
      "SGKills": 0,
      "SGDeath": 16.0,
      "FlagCap": 0,
      "FlagTake": 0,
      "FlagTime": 0,
      "FlagStop": 2.0,
      "Win": 0,
      "Draw": 0,
      "Loss": 1,
      "TimePlayed": "7:47",
      "Classes": "Eng  100 %"
    },
    {
      "Name": "fantomar#191",
      "KPM": 2.6,
      "KD": 0.81,
      "Kills": 26,
      "Death": 32,
      "TKill": 3,
      "Dmg": 5223.0,
      "DPM": 522.0,
      "SGKills": 0,
      "SGDeath": 19.0,
      "FlagCap": 0,
      "FlagTake": 0,
      "FlagTime": 0,
      "FlagStop": 2.0,
      "Win": 1,
      "Draw": 0,
      "Loss": 0,
      "TimePlayed": "10:00",
      "Classes": "Eng  100 %"
    },
    {
      "Name": "haunterpt#337",
      "KPM": 2.4,
      "KD": 0.71,
      "Kills": 24,
      "Death": 34,
      "TKill": 6,
      "Dmg": 4697.0,
      "DPM": 470.0,
      "SGKills": 0,
      "SGDeath": 0,
      "FlagCap": 0,
      "FlagTake": 0,
      "FlagTime": 0,
      "FlagStop": 5.0,
      "Win": 1,
      "Draw": 0,
      "Loss": 0,
      "TimePlayed": "10:00",
      "Classes": "Pyro 100 %"
    },
    {
      "Name": "scottybugattiz#61",
      "KPM": 3.1,
      "KD": 0.91,
      "Kills": 31,
      "Death": 34,
      "TKill": 18,
      "Dmg": 5321.0,
      "DPM": 532.0,
      "SGKills": 0,
      "SGDeath": 0,
      "FlagCap": 0,
      "FlagTake": 0,
      "FlagTime": 0,
      "FlagStop": 5.0,
      "Win": 1,
      "Draw": 0,
      "Loss": 0,
      "TimePlayed": "10:00",
      "Classes": "Demo 100 %"
    },
    {
      "Name": "welsher#52",
      "KPM": 2.8,
      "KD": 1.12,
      "Kills": 28,
      "Death": 25,
      "TKill": 6,
      "Dmg": 5551.0,
      "DPM": 555.0,
      "SGKills": 0,
      "SGDeath": 0,
      "FlagCap": 0,
      "FlagTake": 0,
      "FlagTime": 0,
      "FlagStop": 4.0,
      "Win": 1,
      "Draw": 0,
      "Loss": 0,
      "TimePlayed": "10:00",
      "Classes": "HwG  100 %"
    }
  ],
  "ClassFragAttack": [
    {
      "Name": "Carp#478",
      "Sco": 0,
      "KPM1": null,
      "Sold": 38.0,
      "KPM3": 3.8,
      "Demo": 0,
      "KPM4": null,
      "Med": 0,
      "KPM5": null,
      "HwG": 0,
      "KPM6": null,
      "Pyro": 0,
      "KPM7": null,
      "Spy": 0,
      "KPM8": null,
      "Eng": 0,
      "KPM9": null,
      "SG": 0,
      "KPM0": null
    },
    {
      "Name": "grome#741",
      "Sco": 0,
      "KPM1": null,
      "Sold": 0,
      "KPM3": null,
      "Demo": 0,
      "KPM4": null,
      "Med": 0,
      "KPM5": null,
      "HwG": 0,
      "KPM6": null,
      "Pyro": 25.0,
      "KPM7": 2.5,
      "Spy": 0,
      "KPM8": null,
      "Eng": 0,
      "KPM9": null,
      "SG": 0,
      "KPM0": null
    },
    {
      "Name": "Predator#47",
      "Sco": 0,
      "KPM1": null,
      "Sold": 0,
      "KPM3": null,
      "Demo": 0,
      "KPM4": null,
      "Med": 12.0,
      "KPM5": 1.2,
      "HwG": 0,
      "KPM6": null,
      "Pyro": 0,
      "KPM7": null,
      "Spy": 0,
      "KPM8": null,
      "Eng": 0,
      "KPM9": null,
      "SG": 0,
      "KPM0": null
    },
    {
      "Name": "wos..#430",
      "Sco": 0,
      "KPM1": null,
      "Sold": 0,
      "KPM3": null,
      "Demo": 0,
      "KPM4": null,
      "Med": 0,
      "KPM5": null,
      "HwG": 0,
      "KPM6": null,
      "Pyro": 0,
      "KPM7": null,
      "Spy": 18.0,
      "KPM8": 1.8,
      "Eng": 0,
      "KPM9": null,
      "SG": 0,
      "KPM0": null
    },
    {
      "Name": "fantomar#191",
      "Sco": 0,
      "KPM1": null,
      "Sold": 0,
      "KPM3": null,
      "Demo": 0,
      "KPM4": null,
      "Med": 0,
      "KPM5": null,
      "HwG": 0,
      "KPM6": null,
      "Pyro": 0,
      "KPM7": null,
      "Spy": 9.0,
      "KPM8": 1.16,
      "Eng": 0,
      "KPM9": null,
      "SG": 0,
      "KPM0": null
    },
    {
      "Name": "haunterpt#337",
      "Sco": 0,
      "KPM1": null,
      "Sold": 0,
      "KPM3": null,
      "Demo": 0,
      "KPM4": null,
      "Med": 0,
      "KPM5": null,
      "HwG": 0,
      "KPM6": null,
      "Pyro": 16.0,
      "KPM7": 2.06,
      "Spy": 0,
      "KPM8": null,
      "Eng": 0,
      "KPM9": null,
      "SG": 0,
      "KPM0": null
    },
    {
      "Name": "scottybugattiz#61",
      "Sco": 0,
      "KPM1": null,
      "Sold": 0,
      "KPM3": null,
      "Demo": 0,
      "KPM4": null,
      "Med": 5.0,
      "KPM5": 0.64,
      "HwG": 0,
      "KPM6": null,
      "Pyro": 0,
      "KPM7": null,
      "Spy": 0,
      "KPM8": null,
      "Eng": 0,
      "KPM9": null,
      "SG": 0,
      "KPM0": null
    },
    {
      "Name": "welsher#52",
      "Sco": 0,
      "KPM1": null,
      "Sold": 31.0,
      "KPM3": 3.98,
      "Demo": 0,
      "KPM4": null,
      "Med": 0,
      "KPM5": null,
      "HwG": 0,
      "KPM6": null,
      "Pyro": 0,
      "KPM7": null,
      "Spy": 0,
      "KPM8": null,
      "Eng": 0,
      "KPM9": null,
      "SG": 0,
      "KPM0": null
    }
  ],
  "ClassFragDefence": [
    {
      "Name": "Carp#478",
      "Sco": 0,
      "KPM1": null,
      "Sold": 0,
      "KPM3": null,
      "Demo": 38.0,
      "KPM4": 4.88,
      "Med": 0,
      "KPM5": null,
      "HwG": 0,
      "KPM6": null,
      "Pyro": 0,
      "KPM7": null,
      "Spy": 0,
      "KPM8": null,
      "Eng": 0,
      "KPM9": null,
      "SG": 0,
      "KPM0": null
    },
    {
      "Name": "grome#741",
      "Sco": 0,
      "KPM1": null,
      "Sold": 0,
      "KPM3": null,
      "Demo": 0,
      "KPM4": null,
      "Med": 0,
      "KPM5": null,
      "HwG": 0,
      "KPM6": null,
      "Pyro": 17.0,
      "KPM7": 2.18,
      "Spy": 0,
      "KPM8": null,
      "Eng": 0,
      "KPM9": null,
      "SG": 0,
      "KPM0": null
    },
    {
      "Name": "Predator#47",
      "Sco": 0,
      "KPM1": null,
      "Sold": 0,
      "KPM3": null,
      "Demo": 0,
      "KPM4": null,
      "Med": 0,
      "KPM5": null,
      "HwG": 22.0,
      "KPM6": 2.83,
      "Pyro": 0,
      "KPM7": null,
      "Spy": 0,
      "KPM8": null,
      "Eng": 0,
      "KPM9": null,
      "SG": 0,
      "KPM0": null
    },
    {
      "Name": "wos..#430",
      "Sco": 0,
      "KPM1": null,
      "Sold": 0,
      "KPM3": null,
      "Demo": 0,
      "KPM4": null,
      "Med": 0,
      "KPM5": null,
      "HwG": 0,
      "KPM6": null,
      "Pyro": 0,
      "KPM7": null,
      "Spy": 0,
      "KPM8": null,
      "Eng": 8.0,
      "KPM9": 1.03,
      "SG": 3.0,
      "KPM0": 0.39
    },
    {
      "Name": "fantomar#191",
      "Sco": 0,
      "KPM1": null,
      "Sold": 0,
      "KPM3": null,
      "Demo": 0,
      "KPM4": null,
      "Med": 0,
      "KPM5": null,
      "HwG": 0,
      "KPM6": null,
      "Pyro": 0,
      "KPM7": null,
      "Spy": 0,
      "KPM8": null,
      "Eng": 18.0,
      "KPM9": 1.8,
      "SG": 8.0,
      "KPM0": 0.8
    },
    {
      "Name": "haunterpt#337",
      "Sco": 0,
      "KPM1": null,
      "Sold": 0,
      "KPM3": null,
      "Demo": 0,
      "KPM4": null,
      "Med": 0,
      "KPM5": null,
      "HwG": 0,
      "KPM6": null,
      "Pyro": 24.0,
      "KPM7": 2.4,
      "Spy": 0,
      "KPM8": null,
      "Eng": 0,
      "KPM9": null,
      "SG": 0,
      "KPM0": null
    },
    {
      "Name": "scottybugattiz#61",
      "Sco": 0,
      "KPM1": null,
      "Sold": 0,
      "KPM3": null,
      "Demo": 31.0,
      "KPM4": 3.1,
      "Med": 0,
      "KPM5": null,
      "HwG": 0,
      "KPM6": null,
      "Pyro": 0,
      "KPM7": null,
      "Spy": 0,
      "KPM8": null,
      "Eng": 0,
      "KPM9": null,
      "SG": 0,
      "KPM0": null
    },
    {
      "Name": "welsher#52",
      "Sco": 0,
      "KPM1": null,
      "Sold": 0,
      "KPM3": null,
      "Demo": 0,
      "KPM4": null,
      "Med": 0,
      "KPM5": null,
      "HwG": 28.0,
      "KPM6": 2.8,
      "Pyro": 0,
      "KPM7": null,
      "Spy": 0,
      "KPM8": null,
      "Eng": 0,
      "KPM9": null,
      "SG": 0,
      "KPM0": null
    }
  ],
  "ClassTimeAttack": [
    {
      "Name": "Carp#478",
      "Sco": 0,
      "Sold": 600,
      "Demo": 0,
      "Med": 0,
      "HwG": 0,
      "Pyro": 0,
      "Spy": 0,
      "Eng": 0
    },
    {
      "Name": "grome#741",
      "Sco": 0,
      "Sold": 0,
      "Demo": 0,
      "Med": 0,
      "HwG": 0,
      "Pyro": 600,
      "Spy": 0,
      "Eng": 0
    },
    {
      "Name": "Predator#47",
      "Sco": 0,
      "Sold": 0,
      "Demo": 0,
      "Med": 600,
      "HwG": 0,
      "Pyro": 0,
      "Spy": 0,
      "Eng": 0
    },
    {
      "Name": "wos..#430",
      "Sco": 0,
      "Sold": 0,
      "Demo": 0,
      "Med": 0,
      "HwG": 0,
      "Pyro": 0,
      "Spy": 600,
      "Eng": 0
    },
    {
      "Name": "fantomar#191",
      "Sco": 0,
      "Sold": 0,
      "Demo": 0,
      "Med": 0,
      "HwG": 0,
      "Pyro": 0,
      "Spy": 467,
      "Eng": 0
    },
    {
      "Name": "haunterpt#337",
      "Sco": 0,
      "Sold": 0,
      "Demo": 0,
      "Med": 0,
      "HwG": 0,
      "Pyro": 467,
      "Spy": 0,
      "Eng": 0
    },
    {
      "Name": "scottybugattiz#61",
      "Sco": 0,
      "Sold": 0,
      "Demo": 0,
      "Med": 467,
      "HwG": 0,
      "Pyro": 0,
      "Spy": 0,
      "Eng": 0
    },
    {
      "Name": "welsher#52",
      "Sco": 0,
      "Sold": 467,
      "Demo": 0,
      "Med": 0,
      "HwG": 0,
      "Pyro": 0,
      "Spy": 0,
      "Eng": 0
    }
  ],
  "ClassTimeDefence": [
    {
      "Name": "Carp#478",
      "Sco": 0,
      "Sold": 0,
      "Demo": 467,
      "Med": 0,
      "HwG": 0,
      "Pyro": 0,
      "Spy": 0,
      "Eng": 0
    },
    {
      "Name": "grome#741",
      "Sco": 0,
      "Sold": 0,
      "Demo": 0,
      "Med": 0,
      "HwG": 0,
      "Pyro": 467,
      "Spy": 0,
      "Eng": 0
    },
    {
      "Name": "Predator#47",
      "Sco": 0,
      "Sold": 0,
      "Demo": 0,
      "Med": 0,
      "HwG": 467,
      "Pyro": 0,
      "Spy": 0,
      "Eng": 0
    },
    {
      "Name": "wos..#430",
      "Sco": 0,
      "Sold": 0,
      "Demo": 0,
      "Med": 0,
      "HwG": 0,
      "Pyro": 0,
      "Spy": 0,
      "Eng": 467
    },
    {
      "Name": "fantomar#191",
      "Sco": 0,
      "Sold": 0,
      "Demo": 0,
      "Med": 0,
      "HwG": 0,
      "Pyro": 0,
      "Spy": 0,
      "Eng": 600
    },
    {
      "Name": "haunterpt#337",
      "Sco": 0,
      "Sold": 0,
      "Demo": 0,
      "Med": 0,
      "HwG": 0,
      "Pyro": 600,
      "Spy": 0,
      "Eng": 0
    },
    {
      "Name": "scottybugattiz#61",
      "Sco": 0,
      "Sold": 0,
      "Demo": 600,
      "Med": 0,
      "HwG": 0,
      "Pyro": 0,
      "Spy": 0,
      "Eng": 0
    },
    {
      "Name": "welsher#52",
      "Sco": 0,
      "Sold": 0,
      "Demo": 0,
      "Med": 0,
      "HwG": 600,
      "Pyro": 0,
      "Spy": 0,
      "Eng": 0
    }
  ]
}
