{
  "Matches": [
    {
      "Server": "virginia/staging/",
      "Match": "2024-02-27-02-21-01_[openfirer]",
      "Winner": "Team2",
      "Rating": "26 %",
      "Score1": 80,
      "Team1": "cabo.03#477,carp7720#478,Predator#47,wos..#430",
      "Score2": 90,
      "Team2": "haunterpt#337,scottybugattiz#61,shock144#485,welsher#52"
    }
  ],
  "SummaryAttack": [
    {
      "Name": "cabo.03#477",
      "KPM": 1.8,
      "KD": 0.58,
      "Kills": 18,
      "Death": 31,
      "TKill": 0,
      "Dmg": 4958.0,
      "DPM": 496.0,
      "SGKills": 5.0,
      "SGDeath": 0,
      "FlagCap": 0,
      "FlagTake": 4.0,
      "FlagTime": "0:03",
      "FlagStop": 0,
      "Win": 0,
      "Draw": 0,
      "Loss": 1,
      "TimePlayed": "10:00",
      "Classes": "Sold 100 %"
    },
    {
      "Name": "carp7720#478",
      "KPM": 2.6,
      "KD": 0.74,
      "Kills": 26,
      "Death": 35,
      "TKill": 2,
      "Dmg": 5551.0,
      "DPM": 555.0,
      "SGKills": 2.0,
      "SGDeath": 0,
      "FlagCap": 2.0,
      "FlagTake": 12.0,
      "FlagTime": "0:47",
      "FlagStop": 0,
      "Win": 0,
      "Draw": 0,
      "Loss": 1,
      "TimePlayed": "10:00",
      "Classes": "Pyro 100 %"
    },
    {
      "Name": "Predator#47",
      "KPM": 1.1,
      "KD": 0.33,
      "Kills": 11,
      "Death": 33,
      "TKill": 1,
      "Dmg": 1868.0,
      "DPM": 187.0,
      "SGKills": 2.0,
      "SGDeath": 0,
      "FlagCap": 4.0,
      "FlagTake": 17.0,
      "FlagTime": "1:12",
      "FlagStop": 0,
      "Win": 0,
      "Draw": 0,
      "Loss": 1,
      "TimePlayed": "10:00",
      "Classes": "Med  100 %"
    },
    {
      "Name": "wos..#430",
      "KPM": 1.1,
      "KD": 0.38,
      "Kills": 11,
      "Death": 29,
      "TKill": 1,
      "Dmg": 1625.0,
      "DPM": 162.0,
      "SGKills": 2.0,
      "SGDeath": 0,
      "FlagCap": 2.0,
      "FlagTake": 11.0,
      "FlagTime": "0:43",
      "FlagStop": 0,
      "Win": 0,
      "Draw": 0,
      "Loss": 1,
      "TimePlayed": "10:00",
      "Classes": "Spy  100 %"
    },
    {
      "Name": "haunterpt#337",
      "KPM": 0.94,
      "KD": 0.28,
      "Kills": 7,
      "Death": 25,
      "TKill": 0,
      "Dmg": 1508.0,
      "DPM": 203.0,
      "SGKills": 2.0,
      "SGDeath": 0,
      "FlagCap": 2.0,
      "FlagTake": 10.0,
      "FlagTime": "0:57",
      "FlagStop": 0,
      "Win": 1,
      "Draw": 0,
      "Loss": 0,
      "TimePlayed": "7:25",
      "Classes": "Med  100 %"
    },
    {
      "Name": "scottybugattiz#61",
      "KPM": 2.56,
      "KD": 0.79,
      "Kills": 19,
      "Death": 24,
      "TKill": 2,
      "Dmg": 4128.0,
      "DPM": 557.0,
      "SGKills": 5.0,
      "SGDeath": 0,
      "FlagCap": 3.0,
      "FlagTake": 6.0,
      "FlagTime": "0:48",
      "FlagStop": 0,
      "Win": 1,
      "Draw": 0,
      "Loss": 0,
      "TimePlayed": "7:25",
      "Classes": "Pyro 100 %"
    },
    {
      "Name": "shock144#485",
      "KPM": 1.21,
      "KD": 0.36,
      "Kills": 9,
      "Death": 25,
      "TKill": 0,
      "Dmg": 1326.0,
      "DPM": 179.0,
      "SGKills": 1.0,
      "SGDeath": 0,
      "FlagCap": 1.0,
      "FlagTake": 13.0,
      "FlagTime": "0:21",
      "FlagStop": 0,
      "Win": 1,
      "Draw": 0,
      "Loss": 0,
      "TimePlayed": "7:25",
      "Classes": "Spy  100 %"
    },
    {
      "Name": "welsher#52",
      "KPM": 3.24,
      "KD": 1.09,
      "Kills": 24,
      "Death": 22,
      "TKill": 0,
      "Dmg": 3278.0,
      "DPM": 442.0,
      "SGKills": 7.0,
      "SGDeath": 0,
      "FlagCap": 3.0,
      "FlagTake": 7.0,
      "FlagTime": "1:08",
      "FlagStop": 0,
      "Win": 1,
      "Draw": 0,
      "Loss": 0,
      "TimePlayed": "7:25",
      "Classes": "Sold 100 %"
    }
  ],
  "SummaryDefence": [
    {
      "Name": "cabo.03#477",
      "KPM": 2.16,
      "KD": 0.8,
      "Kills": 16,
      "Death": 20,
      "TKill": 2,
      "Dmg": 2421.0,
      "DPM": 326.0,
      "SGKills": 0,
      "SGDeath": 0,
      "FlagCap": 0,
      "FlagTake": 0,
      "FlagTime": 0,
      "FlagStop": 0,
      "Win": 0,
      "Draw": 0,
      "Loss": 1,
      "TimePlayed": "7:25",
      "Classes": "Sold 100 %"
    },
    {
      "Name": "carp7720#478",
      "KPM": 4.04,
      "KD": 2.0,
      "Kills": 30,
      "Death": 15,
      "TKill": 4,
      "Dmg": 4361.0,
      "DPM": 588.0,
      "SGKills": 0,
      "SGDeath": 0,
      "FlagCap": 0,
      "FlagTake": 0,
      "FlagTime": 0,
      "FlagStop": 10.0,
      "Win": 0,
      "Draw": 0,
      "Loss": 1,
      "TimePlayed": "7:25",
      "Classes": "Demo 100 %"
    },
    {
      "Name": "Predator#47",
      "KPM": 2.56,
      "KD": 1.27,
      "Kills": 19,
      "Death": 15,
      "TKill": 4,
      "Dmg": 3430.0,
      "DPM": 462.0,
      "SGKills": 0,
      "SGDeath": 0,
      "FlagCap": 0,
      "FlagTake": 0,
      "FlagTime": 0,
      "FlagStop": 1.0,
      "Win": 0,
      "Draw": 0,
      "Loss": 1,
      "TimePlayed": "7:25",
      "Classes": "HwG  100 %"
    },
    {
      "Name": "wos..#430",
      "KPM": 2.97,
      "KD": 0.92,
      "Kills": 22,
      "Death": 24,
      "TKill": 2,
      "Dmg": 4393.0,
      "DPM": 592.0,
      "SGKills": 0,
      "SGDeath": 15.0,
      "FlagCap": 0,
      "FlagTake": 0,
      "FlagTime": 0,
      "FlagStop": 3.0,
      "Win": 0,
      "Draw": 0,
      "Loss": 1,
      "TimePlayed": "7:25",
      "Classes": "Eng  100 %"
    },
    {
      "Name": "haunterpt#337",
      "KPM": 3.3,
      "KD": 0.87,
      "Kills": 33,
      "Death": 38,
      "TKill": 5,
      "Dmg": 6260.0,
      "DPM": 626.0,
      "SGKills": 0,
      "SGDeath": 0,
      "FlagCap": 0,
      "FlagTake": 0,
      "FlagTime": 0,
      "FlagStop": 5.0,
      "Win": 1,
      "Draw": 0,
      "Loss": 0,
      "TimePlayed": "10:00",
      "Classes": "Pyro 100 %"
    },
    {
      "Name": "scottybugattiz#61",
      "KPM": 2.5,
      "KD": 1.09,
      "Kills": 25,
      "Death": 23,
      "TKill": 9,
      "Dmg": 3788.0,
      "DPM": 379.0,
      "SGKills": 0,
      "SGDeath": 0,
      "FlagCap": 0,
      "FlagTake": 0,
      "FlagTime": 0,
      "FlagStop": 4.0,
      "Win": 1,
      "Draw": 0,
      "Loss": 0,
      "TimePlayed": "10:00",
      "Classes": "Demo 100 %"
    },
    {
      "Name": "shock144#485",
      "KPM": 2.1,
      "KD": 1.24,
      "Kills": 21,
      "Death": 17,
      "TKill": 3,
      "Dmg": 3902.0,
      "DPM": 390.0,
      "SGKills": 0,
      "SGDeath": 11.0,
      "FlagCap": 0,
      "FlagTake": 0,
      "FlagTime": 0,
      "FlagStop": 1.0,
      "Win": 1,
      "Draw": 0,
      "Loss": 0,
      "TimePlayed": "10:00",
      "Classes": "Eng  100 %"
    },
    {
      "Name": "welsher#52",
      "KPM": 3.7,
      "KD": 1.61,
      "Kills": 37,
      "Death": 23,
      "TKill": 8,
      "Dmg": 5913.0,
      "DPM": 591.0,
      "SGKills": 0,
      "SGDeath": 0,
      "FlagCap": 0,
      "FlagTake": 0,
      "FlagTime": 0,
      "FlagStop": 7.0,
      "Win": 1,
      "Draw": 0,
      "Loss": 0,
      "TimePlayed": "10:00",
      "Classes": "HwG  100 %"
    }
  ],
  "ClassFragAttack": [
    {
      "Name": "cabo.03#477",
      "Sco": 0,
      "KPM1": null,
      "Sold": 18.0,
      "KPM3": 1.8,
      "Demo": 0,
      "KPM4": null,
      "Med": 0,
      "KPM5": null,
      "HwG": 0,
      "KPM6": null,
      "Pyro": 0,
      "KPM7": null,
      "Spy": 0,
      "KPM8": null,
      "Eng": 0,
      "KPM9": null,
      "SG": 0,
      "KPM0": null
    },
    {
      "Name": "carp7720#478",
      "Sco": 0,
      "KPM1": null,
      "Sold": 0,
      "KPM3": null,
      "Demo": 0,
      "KPM4": null,
      "Med": 0,
      "KPM5": null,
      "HwG": 0,
      "KPM6": null,
      "Pyro": 26.0,
      "KPM7": 2.6,
      "Spy": 0,
      "KPM8": null,
      "Eng": 0,
      "KPM9": null,
      "SG": 0,
      "KPM0": null
    },
    {
      "Name": "Predator#47",
      "Sco": 0,
      "KPM1": null,
      "Sold": 0,
      "KPM3": null,
      "Demo": 0,
      "KPM4": null,
      "Med": 11.0,
      "KPM5": 1.1,
      "HwG": 0,
      "KPM6": null,
      "Pyro": 0,
      "KPM7": null,
      "Spy": 0,
      "KPM8": null,
      "Eng": 0,
      "KPM9": null,
      "SG": 0,
      "KPM0": null
    },
    {
      "Name": "wos..#430",
      "Sco": 0,
      "KPM1": null,
      "Sold": 0,
      "KPM3": null,
      "Demo": 0,
      "KPM4": null,
      "Med": 0,
      "KPM5": null,
      "HwG": 0,
      "KPM6": null,
      "Pyro": 0,
      "KPM7": null,
      "Spy": 11.0,
      "KPM8": 1.1,
      "Eng": 0,
      "KPM9": null,
      "SG": 0,
      "KPM0": null
    },
    {
      "Name": "haunterpt#337",
      "Sco": 0,
      "KPM1": null,
      "Sold": 0,
      "KPM3": null,
      "Demo": 0,
      "KPM4": null,
      "Med": 7.0,
      "KPM5": 0.94,
      "HwG": 0,
      "KPM6": null,
      "Pyro": 0,
      "KPM7": null,
      "Spy": 0,
      "KPM8": null,
      "Eng": 0,
      "KPM9": null,
      "SG": 0,
      "KPM0": null
    },
    {
      "Name": "scottybugattiz#61",
      "Sco": 0,
      "KPM1": null,
      "Sold": 0,
      "KPM3": null,
      "Demo": 0,
      "KPM4": null,
      "Med": 0,
      "KPM5": null,
      "HwG": 0,
      "KPM6": null,
      "Pyro": 19.0,
      "KPM7": 2.56,
      "Spy": 0,
      "KPM8": null,
      "Eng": 0,
      "KPM9": null,
      "SG": 0,
      "KPM0": null
    },
    {
      "Name": "shock144#485",
      "Sco": 0,
      "KPM1": null,
      "Sold": 0,
      "KPM3": null,
      "Demo": 0,
      "KPM4": null,
      "Med": 0,
      "KPM5": null,
      "HwG": 0,
      "KPM6": null,
      "Pyro": 0,
      "KPM7": null,
      "Spy": 9.0,
      "KPM8": 1.21,
      "Eng": 0,
      "KPM9": null,
      "SG": 0,
      "KPM0": null
    },
    {
      "Name": "welsher#52",
      "Sco": 0,
      "KPM1": null,
      "Sold": 24.0,
      "KPM3": 3.24,
      "Demo": 0,
      "KPM4": null,
      "Med": 0,
      "KPM5": null,
      "HwG": 0,
      "KPM6": null,
      "Pyro": 0,
      "KPM7": null,
      "Spy": 0,
      "KPM8": null,
      "Eng": 0,
      "KPM9": null,
      "SG": 0,
      "KPM0": null
    }
  ],
  "ClassFragDefence": [
    {
      "Name": "cabo.03#477",
      "Sco": 0,
      "KPM1": null,
      "Sold": 16.0,
      "KPM3": 2.16,
      "Demo": 0,
      "KPM4": null,
      "Med": 0,
      "KPM5": null,
      "HwG": 0,
      "KPM6": null,
      "Pyro": 0,
      "KPM7": null,
      "Spy": 0,
      "KPM8": null,
      "Eng": 0,
      "KPM9": null,
      "SG": 0,
      "KPM0": null
    },
    {
      "Name": "carp7720#478",
      "Sco": 0,
      "KPM1": null,
      "Sold": 0,
      "KPM3": null,
      "Demo": 30.0,
      "KPM4": 4.04,
      "Med": 0,
      "KPM5": null,
      "HwG": 0,
      "KPM6": null,
      "Pyro": 0,
      "KPM7": null,
      "Spy": 0,
      "KPM8": null,
      "Eng": 0,
      "KPM9": null,
      "SG": 0,
      "KPM0": null
    },
    {
      "Name": "Predator#47",
      "Sco": 0,
      "KPM1": null,
      "Sold": 0,
      "KPM3": null,
      "Demo": 0,
      "KPM4": null,
      "Med": 0,
      "KPM5": null,
      "HwG": 19.0,
      "KPM6": 2.56,
      "Pyro": 0,
      "KPM7": null,
      "Spy": 0,
      "KPM8": null,
      "Eng": 0,
      "KPM9": null,
      "SG": 0,
      "KPM0": null
    },
    {
      "Name": "wos..#430",
      "Sco": 0,
      "KPM1": null,
      "Sold": 0,
      "KPM3": null,
      "Demo": 0,
      "KPM4": null,
      "Med": 0,
      "KPM5": null,
      "HwG": 0,
      "KPM6": null,
      "Pyro": 0,
      "KPM7": null,
      "Spy": 0,
      "KPM8": null,
      "Eng": 17.0,
      "KPM9": 2.29,
      "SG": 5.0,
      "KPM0": 0.67
    },
    {
      "Name": "haunterpt#337",
      "Sco": 0,
      "KPM1": null,
      "Sold": 0,
      "KPM3": null,
      "Demo": 0,
      "KPM4": null,
      "Med": 0,
      "KPM5": null,
      "HwG": 0,
      "KPM6": null,
      "Pyro": 33.0,
      "KPM7": 3.3,
      "Spy": 0,
      "KPM8": null,
      "Eng": 0,
      "KPM9": null,
      "SG": 0,
      "KPM0": null
    },
    {
      "Name": "scottybugattiz#61",
      "Sco": 0,
      "KPM1": null,
      "Sold": 0,
      "KPM3": null,
      "Demo": 25.0,
      "KPM4": 2.5,
      "Med": 0,
      "KPM5": null,
      "HwG": 0,
      "KPM6": null,
      "Pyro": 0,
      "KPM7": null,
      "Spy": 0,
      "KPM8": null,
      "Eng": 0,
      "KPM9": null,
      "SG": 0,
      "KPM0": null
    },
    {
      "Name": "shock144#485",
      "Sco": 0,
      "KPM1": null,
      "Sold": 0,
      "KPM3": null,
      "Demo": 0,
      "KPM4": null,
      "Med": 0,
      "KPM5": null,
      "HwG": 0,
      "KPM6": null,
      "Pyro": 0,
      "KPM7": null,
      "Spy": 0,
      "KPM8": null,
      "Eng": 11.0,
      "KPM9": 1.1,
      "SG": 10.0,
      "KPM0": 1.0
    },
    {
      "Name": "welsher#52",
      "Sco": 0,
      "KPM1": null,
      "Sold": 0,
      "KPM3": null,
      "Demo": 0,
      "KPM4": null,
      "Med": 0,
      "KPM5": null,
      "HwG": 37.0,
      "KPM6": 3.7,
      "Pyro": 0,
      "KPM7": null,
      "Spy": 0,
      "KPM8": null,
      "Eng": 0,
      "KPM9": null,
      "SG": 0,
      "KPM0": null
    }
  ],
  "ClassTimeAttack": [
    {
      "Name": "cabo.03#477",
      "Sco": 0,
      "Sold": 600,
      "Demo": 0,
      "Med": 0,
      "HwG": 0,
      "Pyro": 0,
      "Spy": 0,
      "Eng": 0
    },
    {
      "Name": "carp7720#478",
      "Sco": 0,
      "Sold": 0,
      "Demo": 0,
      "Med": 0,
      "HwG": 0,
      "Pyro": 600,
      "Spy": 0,
      "Eng": 0
    },
    {
      "Name": "Predator#47",
      "Sco": 0,
      "Sold": 0,
      "Demo": 0,
      "Med": 600,
      "HwG": 0,
      "Pyro": 0,
      "Spy": 0,
      "Eng": 0
    },
    {
      "Name": "wos..#430",
      "Sco": 0,
      "Sold": 0,
      "Demo": 0,
      "Med": 0,
      "HwG": 0,
      "Pyro": 0,
      "Spy": 600,
      "Eng": 0
    },
    {
      "Name": "haunterpt#337",
      "Sco": 0,
      "Sold": 0,
      "Demo": 0,
      "Med": 445,
      "HwG": 0,
      "Pyro": 0,
      "Spy": 0,
      "Eng": 0
    },
    {
      "Name": "scottybugattiz#61",
      "Sco": 0,
      "Sold": 0,
      "Demo": 0,
      "Med": 0,
      "HwG": 0,
      "Pyro": 445,
      "Spy": 0,
      "Eng": 0
    },
    {
      "Name": "shock144#485",
      "Sco": 0,
      "Sold": 0,
      "Demo": 0,
      "Med": 0,
      "HwG": 0,
      "Pyro": 0,
      "Spy": 445,
      "Eng": 0
    },
    {
      "Name": "welsher#52",
      "Sco": 0,
      "Sold": 445,
      "Demo": 0,
      "Med": 0,
      "HwG": 0,
      "Pyro": 0,
      "Spy": 0,
      "Eng": 0
    }
  ],
  "ClassTimeDefence": [
    {
      "Name": "cabo.03#477",
      "Sco": 0,
      "Sold": 445,
      "Demo": 0,
      "Med": 0,
      "HwG": 0,
      "Pyro": 0,
      "Spy": 0,
      "Eng": 0
    },
    {
      "Name": "carp7720#478",
      "Sco": 0,
      "Sold": 0,
      "Demo": 445,
      "Med": 0,
      "HwG": 0,
      "Pyro": 0,
      "Spy": 0,
      "Eng": 0
    },
    {
      "Name": "Predator#47",
      "Sco": 0,
      "Sold": 0,
      "Demo": 0,
      "Med": 0,
      "HwG": 445,
      "Pyro": 0,
      "Spy": 0,
      "Eng": 0
    },
    {
      "Name": "wos..#430",
      "Sco": 0,
      "Sold": 0,
      "Demo": 0,
      "Med": 0,
      "HwG": 0,
      "Pyro": 0,
      "Spy": 0,
      "Eng": 445
    },
    {
      "Name": "haunterpt#337",
      "Sco": 0,
      "Sold": 0,
      "Demo": 0,
      "Med": 0,
      "HwG": 0,
      "Pyro": 600,
      "Spy": 0,
      "Eng": 0
    },
    {
      "Name": "scottybugattiz#61",
      "Sco": 0,
      "Sold": 0,
      "Demo": 600,
      "Med": 0,
      "HwG": 0,
      "Pyro": 0,
      "Spy": 0,
      "Eng": 0
    },
    {
      "Name": "shock144#485",
      "Sco": 0,
      "Sold": 0,
      "Demo": 0,
      "Med": 0,
      "HwG": 0,
      "Pyro": 0,
      "Spy": 0,
      "Eng": 600
    },
    {
      "Name": "welsher#52",
      "Sco": 0,
      "Sold": 0,
      "Demo": 0,
      "Med": 0,
      "HwG": 600,
      "Pyro": 0,
      "Spy": 0,
      "Eng": 0
    }
  ]
}
