{
  "Matches": [
    {
      "Server": "virginia/staging/",
      "Match": "2024-03-18-00-53-01_[ff-phantomr]",
      "Winner": null,
      "Rating": "",
      "Score1": null,
      "Team1": "Predator#47,scottybugattiz#61,welsher5138#52",
      "Score2": null,
      "Team2": "bone#226,haunterpt#337,wiggybr#73"
    }
  ],
  "SummaryAttack": [
    {
      "Name": "scottybugattiz#61",
      "KPM": null,
      "KD": null,
      "Kills": 0,
      "Death": 0,
      "TKill": 0,
      "Dmg": 36.0,
      "DPM": "",
      "SGKills": 0,
      "SGDeath": 0,
      "FlagCap": 0,
      "FlagTake": 1.0,
      "FlagTime": "0:00",
      "FlagStop": 0,
      "Win": 0,
      "Draw": 0,
      "Loss": 1,
      "TimePlayed": "0:00",
      "Classes": null
    },
    {
      "Name": "welsher5138#52",
      "KPM": null,
      "KD": 0.0,
      "Kills": 0,
      "Death": 1,
      "TKill": 0,
      "Dmg": 126.0,
      "DPM": 7560.0,
      "SGKills": 0,
      "SGDeath": 0,
      "FlagCap": 0,
      "FlagTake": 0,
      "FlagTime": "0:00",
      "FlagStop": 0,
      "Win": 0,
      "Draw": 0,
      "Loss": 1,
      "TimePlayed": "0:01",
      "Classes": "Pyro 100 %"
    }
  ],
  "SummaryDefence": [
    {
      "Name": "bone#226",
      "KPM": null,
      "KD": null,
      "Kills": 0,
      "Death": 0,
      "TKill": 0,
      "Dmg": 16.0,
      "DPM": 87.0,
      "SGKills": 0,
      "SGDeath": 0,
      "FlagCap": 0,
      "FlagTake": 0,
      "FlagTime": 0,
      "FlagStop": 0,
      "Win": 0,
      "Draw": 0,
      "Loss": 1,
      "TimePlayed": "0:11",
      "Classes": "Eng  100 %"
    },
    {
      "Name": "wiggybr#73",
      "KPM": 6.0,
      "KD": null,
      "Kills": 1,
      "Death": 0,
      "TKill": 0,
      "Dmg": 221.0,
      "DPM": 1326.0,
      "SGKills": 0,
      "SGDeath": 0,
      "FlagCap": 0,
      "FlagTake": 0,
      "FlagTime": 0,
      "FlagStop": 0,
      "Win": 0,
      "Draw": 0,
      "Loss": 1,
      "TimePlayed": "0:10",
      "Classes": "Pyro 100 %"
    }
  ],
  "ClassFragAttack": null,
  "ClassFragDefence": {
    "Name": "wiggybr#73",
    "Sco": 0,
    "KPM1": null,
    "Sold": 0,
    "KPM3": null,
    "Demo": 0,
    "KPM4": null,
    "Med": 0,
    "KPM5": null,
    "HwG": 0,
    "KPM6": null,
    "Pyro": 1.0,
    "KPM7": 6.0,
    "Spy": 0,
    "KPM8": null,
    "Eng": 0,
    "KPM9": null,
    "SG": 0,
    "KPM0": null
  },
  "ClassTimeAttack": [
    {
      "Name": "welsher5138#52",
      "Sco": 0,
      "Sold": 0,
      "Demo": 0,
      "Med": 0,
      "HwG": 0,
      "Pyro": 1,
      "Spy": 0,
      "Eng": 0
    }
  ],
  "ClassTimeDefence": [
    {
      "Name": "bone#226",
      "Sco": 0,
      "Sold": 0,
      "Demo": 0,
      "Med": 0,
      "HwG": 0,
      "Pyro": 0,
      "Spy": 0,
      "Eng": 11
    },
    {
      "Name": "wiggybr#73",
      "Sco": 0,
      "Sold": 0,
      "Demo": 0,
      "Med": 0,
      "HwG": 0,
      "Pyro": 10,
      "Spy": 0,
      "Eng": 0
    }
  ]
}
