{
  "Matches": [
    {
      "Server": "virginia/staging/",
      "Match": "2024-01-21-22-18-52_[openfirer]",
      "Winner": "Team1",
      "Rating": "17 %",
      "Score1": 110,
      "Team1": "elsharko.tf#279,Kylarn#302,newby#281,welsher#52",
      "Score2": 100,
      "Team2": "grome#741,Predator#47,scottybugattiz#61,shock144#485"
    }
  ],
  "SummaryAttack": [
    {
      "Name": "elsharko.tf#279",
      "KPM": 0.7,
      "KD": 0.24,
      "Kills": 7,
      "Death": 29,
      "TKill": 0,
      "Dmg": 2145.0,
      "DPM": 214.0,
      "SGKills": 2.0,
      "SGDeath": 0,
      "FlagCap": 5.0,
      "FlagTake": 14.0,
      "FlagTime": "1:24",
      "FlagStop": 0,
      "Win": 1,
      "Draw": 0,
      "Loss": 0,
      "TimePlayed": "10:00",
      "Classes": "Med  100 %"
    },
    {
      "Name": "Kylarn#302",
      "KPM": 0.4,
      "KD": 0.12,
      "Kills": 4,
      "Death": 32,
      "TKill": 1,
      "Dmg": 893.0,
      "DPM": 89.0,
      "SGKills": 2.0,
      "SGDeath": 0,
      "FlagCap": 2.0,
      "FlagTake": 12.0,
      "FlagTime": "0:49",
      "FlagStop": 0,
      "Win": 1,
      "Draw": 0,
      "Loss": 0,
      "TimePlayed": "10:00",
      "Classes": "Spy  93 %|Sold 7 %"
    },
    {
      "Name": "newby#281",
      "KPM": 2.7,
      "KD": 0.73,
      "Kills": 27,
      "Death": 37,
      "TKill": 1,
      "Dmg": 5080.0,
      "DPM": 508.0,
      "SGKills": 7.0,
      "SGDeath": 0,
      "FlagCap": 2.0,
      "FlagTake": 12.0,
      "FlagTime": "0:39",
      "FlagStop": 0,
      "Win": 1,
      "Draw": 0,
      "Loss": 0,
      "TimePlayed": "10:00",
      "Classes": "Pyro 100 %"
    },
    {
      "Name": "welsher#52",
      "KPM": 2.9,
      "KD": 0.83,
      "Kills": 29,
      "Death": 35,
      "TKill": 0,
      "Dmg": 6017.0,
      "DPM": 602.0,
      "SGKills": 9.0,
      "SGDeath": 0,
      "FlagCap": 2.0,
      "FlagTake": 9.0,
      "FlagTime": "0:33",
      "FlagStop": 0,
      "Win": 1,
      "Draw": 0,
      "Loss": 0,
      "TimePlayed": "10:00",
      "Classes": "Sold 100 %"
    },
    {
      "Name": "grome#741",
      "KPM": 3.5,
      "KD": 0.95,
      "Kills": 35,
      "Death": 37,
      "TKill": 1,
      "Dmg": 4268.0,
      "DPM": 427.0,
      "SGKills": 19.0,
      "SGDeath": 0,
      "FlagCap": 1.0,
      "FlagTake": 5.0,
      "FlagTime": "0:15",
      "FlagStop": 0,
      "Win": 0,
      "Draw": 0,
      "Loss": 1,
      "TimePlayed": "10:00",
      "Classes": "Pyro 100 %"
    },
    {
      "Name": "Predator#47",
      "KPM": 1.4,
      "KD": 0.4,
      "Kills": 14,
      "Death": 35,
      "TKill": 1,
      "Dmg": 3565.0,
      "DPM": 356.0,
      "SGKills": 1.0,
      "SGDeath": 0,
      "FlagCap": 4.0,
      "FlagTake": 18.0,
      "FlagTime": "1:39",
      "FlagStop": 0,
      "Win": 0,
      "Draw": 0,
      "Loss": 1,
      "TimePlayed": "10:00",
      "Classes": "Sold 100 %"
    },
    {
      "Name": "scottybugattiz#61",
      "KPM": 1.6,
      "KD": 0.47,
      "Kills": 16,
      "Death": 34,
      "TKill": 0,
      "Dmg": 3584.0,
      "DPM": 358.0,
      "SGKills": 2.0,
      "SGDeath": 0,
      "FlagCap": 3.0,
      "FlagTake": 11.0,
      "FlagTime": "0:48",
      "FlagStop": 0,
      "Win": 0,
      "Draw": 0,
      "Loss": 1,
      "TimePlayed": "10:00",
      "Classes": "Sold 100 %"
    },
    {
      "Name": "shock144#485",
      "KPM": 0.5,
      "KD": 0.14,
      "Kills": 5,
      "Death": 35,
      "TKill": 0,
      "Dmg": 817.0,
      "DPM": 82.0,
      "SGKills": 2.0,
      "SGDeath": 0,
      "FlagCap": 2.0,
      "FlagTake": 18.0,
      "FlagTime": "1:03",
      "FlagStop": 0,
      "Win": 0,
      "Draw": 0,
      "Loss": 1,
      "TimePlayed": "10:00",
      "Classes": "Med  100 %"
    }
  ],
  "SummaryDefence": [
    {
      "Name": "elsharko.tf#279",
      "KPM": 2.9,
      "KD": 1.53,
      "Kills": 29,
      "Death": 19,
      "TKill": 0,
      "Dmg": 5823.0,
      "DPM": 582.0,
      "SGKills": 0,
      "SGDeath": 24.0,
      "FlagCap": 0,
      "FlagTake": 0,
      "FlagTime": 0,
      "FlagStop": 3.0,
      "Win": 1,
      "Draw": 0,
      "Loss": 0,
      "TimePlayed": "10:00",
      "Classes": "Eng  100 %"
    },
    {
      "Name": "Kylarn#302",
      "KPM": 2.3,
      "KD": 0.88,
      "Kills": 23,
      "Death": 26,
      "TKill": 3,
      "Dmg": 4274.0,
      "DPM": 427.0,
      "SGKills": 0,
      "SGDeath": 0,
      "FlagCap": 0,
      "FlagTake": 0,
      "FlagTime": 0,
      "FlagStop": 2.0,
      "Win": 1,
      "Draw": 0,
      "Loss": 0,
      "TimePlayed": "10:00",
      "Classes": "Pyro 100 %"
    },
    {
      "Name": "newby#281",
      "KPM": 3.8,
      "KD": 1.73,
      "Kills": 38,
      "Death": 22,
      "TKill": 10,
      "Dmg": 8080.0,
      "DPM": 808.0,
      "SGKills": 0,
      "SGDeath": 0,
      "FlagCap": 0,
      "FlagTake": 0,
      "FlagTime": 0,
      "FlagStop": 4.0,
      "Win": 1,
      "Draw": 0,
      "Loss": 0,
      "TimePlayed": "10:00",
      "Classes": "HwG  100 %"
    },
    {
      "Name": "welsher#52",
      "KPM": 3.7,
      "KD": 2.06,
      "Kills": 37,
      "Death": 18,
      "TKill": 12,
      "Dmg": 8746.0,
      "DPM": 875.0,
      "SGKills": 0,
      "SGDeath": 0,
      "FlagCap": 0,
      "FlagTake": 0,
      "FlagTime": 0,
      "FlagStop": 10.0,
      "Win": 1,
      "Draw": 0,
      "Loss": 0,
      "TimePlayed": "10:00",
      "Classes": "Demo 100 %"
    },
    {
      "Name": "grome#741",
      "KPM": 4.4,
      "KD": 2.44,
      "Kills": 44,
      "Death": 18,
      "TKill": 8,
      "Dmg": 7076.0,
      "DPM": 708.0,
      "SGKills": 0,
      "SGDeath": 0,
      "FlagCap": 0,
      "FlagTake": 0,
      "FlagTime": 0,
      "FlagStop": 4.0,
      "Win": 0,
      "Draw": 0,
      "Loss": 1,
      "TimePlayed": "10:00",
      "Classes": "HwG  100 %"
    },
    {
      "Name": "Predator#47",
      "KPM": 2.1,
      "KD": 0.81,
      "Kills": 21,
      "Death": 26,
      "TKill": 4,
      "Dmg": 3848.0,
      "DPM": 385.0,
      "SGKills": 0,
      "SGDeath": 0,
      "FlagCap": 0,
      "FlagTake": 0,
      "FlagTime": 0,
      "FlagStop": 3.0,
      "Win": 0,
      "Draw": 0,
      "Loss": 1,
      "TimePlayed": "10:00",
      "Classes": "Sold 100 %"
    },
    {
      "Name": "scottybugattiz#61",
      "KPM": 3.3,
      "KD": 1.43,
      "Kills": 33,
      "Death": 23,
      "TKill": 18,
      "Dmg": 8580.0,
      "DPM": 858.0,
      "SGKills": 0,
      "SGDeath": 0,
      "FlagCap": 0,
      "FlagTake": 0,
      "FlagTime": 0,
      "FlagStop": 11.0,
      "Win": 0,
      "Draw": 0,
      "Loss": 1,
      "TimePlayed": "10:00",
      "Classes": "Demo 100 %"
    },
    {
      "Name": "shock144#485",
      "KPM": 2.4,
      "KD": 1.09,
      "Kills": 24,
      "Death": 22,
      "TKill": 1,
      "Dmg": 4695.0,
      "DPM": 470.0,
      "SGKills": 0,
      "SGDeath": 20.0,
      "FlagCap": 0,
      "FlagTake": 0,
      "FlagTime": 0,
      "FlagStop": 0,
      "Win": 0,
      "Draw": 0,
      "Loss": 1,
      "TimePlayed": "10:00",
      "Classes": "Eng  100 %"
    }
  ],
  "ClassFragAttack": [
    {
      "Name": "elsharko.tf#279",
      "Sco": 0,
      "KPM1": null,
      "Sold": 0,
      "KPM3": null,
      "Demo": 0,
      "KPM4": null,
      "Med": 7.0,
      "KPM5": 0.7,
      "HwG": 0,
      "KPM6": null,
      "Pyro": 0,
      "KPM7": null,
      "Spy": 0,
      "KPM8": null,
      "Eng": 0,
      "KPM9": null,
      "SG": 0,
      "KPM0": null
    },
    {
      "Name": "Kylarn#302",
      "Sco": 0,
      "KPM1": null,
      "Sold": 0,
      "KPM3": null,
      "Demo": 0,
      "KPM4": null,
      "Med": 0,
      "KPM5": null,
      "HwG": 0,
      "KPM6": null,
      "Pyro": 0,
      "KPM7": null,
      "Spy": 4.0,
      "KPM8": 0.43,
      "Eng": 0,
      "KPM9": null,
      "SG": 0,
      "KPM0": null
    },
    {
      "Name": "newby#281",
      "Sco": 0,
      "KPM1": null,
      "Sold": 0,
      "KPM3": null,
      "Demo": 0,
      "KPM4": null,
      "Med": 0,
      "KPM5": null,
      "HwG": 0,
      "KPM6": null,
      "Pyro": 27.0,
      "KPM7": 2.7,
      "Spy": 0,
      "KPM8": null,
      "Eng": 0,
      "KPM9": null,
      "SG": 0,
      "KPM0": null
    },
    {
      "Name": "welsher#52",
      "Sco": 0,
      "KPM1": null,
      "Sold": 29.0,
      "KPM3": 2.9,
      "Demo": 0,
      "KPM4": null,
      "Med": 0,
      "KPM5": null,
      "HwG": 0,
      "KPM6": null,
      "Pyro": 0,
      "KPM7": null,
      "Spy": 0,
      "KPM8": null,
      "Eng": 0,
      "KPM9": null,
      "SG": 0,
      "KPM0": null
    },
    {
      "Name": "grome#741",
      "Sco": 0,
      "KPM1": null,
      "Sold": 0,
      "KPM3": null,
      "Demo": 0,
      "KPM4": null,
      "Med": 0,
      "KPM5": null,
      "HwG": 0,
      "KPM6": null,
      "Pyro": 35.0,
      "KPM7": 3.5,
      "Spy": 0,
      "KPM8": null,
      "Eng": 0,
      "KPM9": null,
      "SG": 0,
      "KPM0": null
    },
    {
      "Name": "Predator#47",
      "Sco": 0,
      "KPM1": null,
      "Sold": 14.0,
      "KPM3": 1.4,
      "Demo": 0,
      "KPM4": null,
      "Med": 0,
      "KPM5": null,
      "HwG": 0,
      "KPM6": null,
      "Pyro": 0,
      "KPM7": null,
      "Spy": 0,
      "KPM8": null,
      "Eng": 0,
      "KPM9": null,
      "SG": 0,
      "KPM0": null
    },
    {
      "Name": "scottybugattiz#61",
      "Sco": 0,
      "KPM1": null,
      "Sold": 16.0,
      "KPM3": 1.6,
      "Demo": 0,
      "KPM4": null,
      "Med": 0,
      "KPM5": null,
      "HwG": 0,
      "KPM6": null,
      "Pyro": 0,
      "KPM7": null,
      "Spy": 0,
      "KPM8": null,
      "Eng": 0,
      "KPM9": null,
      "SG": 0,
      "KPM0": null
    },
    {
      "Name": "shock144#485",
      "Sco": 0,
      "KPM1": null,
      "Sold": 0,
      "KPM3": null,
      "Demo": 0,
      "KPM4": null,
      "Med": 5.0,
      "KPM5": 0.5,
      "HwG": 0,
      "KPM6": null,
      "Pyro": 0,
      "KPM7": null,
      "Spy": 0,
      "KPM8": null,
      "Eng": 0,
      "KPM9": null,
      "SG": 0,
      "KPM0": null
    }
  ],
  "ClassFragDefence": [
    {
      "Name": "elsharko.tf#279",
      "Sco": 0,
      "KPM1": null,
      "Sold": 0,
      "KPM3": null,
      "Demo": 0,
      "KPM4": null,
      "Med": 0,
      "KPM5": null,
      "HwG": 0,
      "KPM6": null,
      "Pyro": 0,
      "KPM7": null,
      "Spy": 0,
      "KPM8": null,
      "Eng": 12.0,
      "KPM9": 1.2,
      "SG": 17.0,
      "KPM0": 1.7
    },
    {
      "Name": "Kylarn#302",
      "Sco": 0,
      "KPM1": null,
      "Sold": 0,
      "KPM3": null,
      "Demo": 0,
      "KPM4": null,
      "Med": 0,
      "KPM5": null,
      "HwG": 0,
      "KPM6": null,
      "Pyro": 23.0,
      "KPM7": 2.3,
      "Spy": 0,
      "KPM8": null,
      "Eng": 0,
      "KPM9": null,
      "SG": 0,
      "KPM0": null
    },
    {
      "Name": "newby#281",
      "Sco": 0,
      "KPM1": null,
      "Sold": 0,
      "KPM3": null,
      "Demo": 0,
      "KPM4": null,
      "Med": 0,
      "KPM5": null,
      "HwG": 38.0,
      "KPM6": 3.8,
      "Pyro": 0,
      "KPM7": null,
      "Spy": 0,
      "KPM8": null,
      "Eng": 0,
      "KPM9": null,
      "SG": 0,
      "KPM0": null
    },
    {
      "Name": "welsher#52",
      "Sco": 0,
      "KPM1": null,
      "Sold": 0,
      "KPM3": null,
      "Demo": 37.0,
      "KPM4": 3.7,
      "Med": 0,
      "KPM5": null,
      "HwG": 0,
      "KPM6": null,
      "Pyro": 0,
      "KPM7": null,
      "Spy": 0,
      "KPM8": null,
      "Eng": 0,
      "KPM9": null,
      "SG": 0,
      "KPM0": null
    },
    {
      "Name": "grome#741",
      "Sco": 0,
      "KPM1": null,
      "Sold": 0,
      "KPM3": null,
      "Demo": 0,
      "KPM4": null,
      "Med": 0,
      "KPM5": null,
      "HwG": 44.0,
      "KPM6": 4.4,
      "Pyro": 0,
      "KPM7": null,
      "Spy": 0,
      "KPM8": null,
      "Eng": 0,
      "KPM9": null,
      "SG": 0,
      "KPM0": null
    },
    {
      "Name": "Predator#47",
      "Sco": 0,
      "KPM1": null,
      "Sold": 21.0,
      "KPM3": 2.1,
      "Demo": 0,
      "KPM4": null,
      "Med": 0,
      "KPM5": null,
      "HwG": 0,
      "KPM6": null,
      "Pyro": 0,
      "KPM7": null,
      "Spy": 0,
      "KPM8": null,
      "Eng": 0,
      "KPM9": null,
      "SG": 0,
      "KPM0": null
    },
    {
      "Name": "scottybugattiz#61",
      "Sco": 0,
      "KPM1": null,
      "Sold": 0,
      "KPM3": null,
      "Demo": 33.0,
      "KPM4": 3.3,
      "Med": 0,
      "KPM5": null,
      "HwG": 0,
      "KPM6": null,
      "Pyro": 0,
      "KPM7": null,
      "Spy": 0,
      "KPM8": null,
      "Eng": 0,
      "KPM9": null,
      "SG": 0,
      "KPM0": null
    },
    {
      "Name": "shock144#485",
      "Sco": 0,
      "KPM1": null,
      "Sold": 0,
      "KPM3": null,
      "Demo": 0,
      "KPM4": null,
      "Med": 0,
      "KPM5": null,
      "HwG": 0,
      "KPM6": null,
      "Pyro": 0,
      "KPM7": null,
      "Spy": 0,
      "KPM8": null,
      "Eng": 14.0,
      "KPM9": 1.4,
      "SG": 10.0,
      "KPM0": 1.0
    }
  ],
  "ClassTimeAttack": [
    {
      "Name": "elsharko.tf#279",
      "Sco": 0,
      "Sold": 0,
      "Demo": 0,
      "Med": 600,
      "HwG": 0,
      "Pyro": 0,
      "Spy": 0,
      "Eng": 0
    },
    {
      "Name": "Kylarn#302",
      "Sco": 0,
      "Sold": 44,
      "Demo": 0,
      "Med": 0,
      "HwG": 0,
      "Pyro": 0,
      "Spy": 556,
      "Eng": 0
    },
    {
      "Name": "newby#281",
      "Sco": 0,
      "Sold": 0,
      "Demo": 0,
      "Med": 0,
      "HwG": 0,
      "Pyro": 600,
      "Spy": 0,
      "Eng": 0
    },
    {
      "Name": "welsher#52",
      "Sco": 0,
      "Sold": 600,
      "Demo": 0,
      "Med": 0,
      "HwG": 0,
      "Pyro": 0,
      "Spy": 0,
      "Eng": 0
    },
    {
      "Name": "grome#741",
      "Sco": 0,
      "Sold": 0,
      "Demo": 0,
      "Med": 0,
      "HwG": 0,
      "Pyro": 600,
      "Spy": 0,
      "Eng": 0
    },
    {
      "Name": "Predator#47",
      "Sco": 0,
      "Sold": 600,
      "Demo": 0,
      "Med": 0,
      "HwG": 0,
      "Pyro": 0,
      "Spy": 0,
      "Eng": 0
    },
    {
      "Name": "scottybugattiz#61",
      "Sco": 0,
      "Sold": 600,
      "Demo": 0,
      "Med": 0,
      "HwG": 0,
      "Pyro": 0,
      "Spy": 0,
      "Eng": 0
    },
    {
      "Name": "shock144#485",
      "Sco": 0,
      "Sold": 0,
      "Demo": 0,
      "Med": 600,
      "HwG": 0,
      "Pyro": 0,
      "Spy": 0,
      "Eng": 0
    }
  ],
  "ClassTimeDefence": [
    {
      "Name": "elsharko.tf#279",
      "Sco": 0,
      "Sold": 0,
      "Demo": 0,
      "Med": 0,
      "HwG": 0,
      "Pyro": 0,
      "Spy": 0,
      "Eng": 600
    },
    {
      "Name": "Kylarn#302",
      "Sco": 0,
      "Sold": 0,
      "Demo": 0,
      "Med": 0,
      "HwG": 0,
      "Pyro": 600,
      "Spy": 0,
      "Eng": 0
    },
    {
      "Name": "newby#281",
      "Sco": 0,
      "Sold": 0,
      "Demo": 0,
      "Med": 0,
      "HwG": 600,
      "Pyro": 0,
      "Spy": 0,
      "Eng": 0
    },
    {
      "Name": "welsher#52",
      "Sco": 0,
      "Sold": 0,
      "Demo": 600,
      "Med": 0,
      "HwG": 0,
      "Pyro": 0,
      "Spy": 0,
      "Eng": 0
    },
    {
      "Name": "grome#741",
      "Sco": 0,
      "Sold": 0,
      "Demo": 0,
      "Med": 0,
      "HwG": 600,
      "Pyro": 0,
      "Spy": 0,
      "Eng": 0
    },
    {
      "Name": "Predator#47",
      "Sco": 0,
      "Sold": 600,
      "Demo": 0,
      "Med": 0,
      "HwG": 0,
      "Pyro": 0,
      "Spy": 0,
      "Eng": 0
    },
    {
      "Name": "scottybugattiz#61",
      "Sco": 0,
      "Sold": 0,
      "Demo": 600,
      "Med": 0,
      "HwG": 0,
      "Pyro": 0,
      "Spy": 0,
      "Eng": 0
    },
    {
      "Name": "shock144#485",
      "Sco": 0,
      "Sold": 0,
      "Demo": 0,
      "Med": 0,
      "HwG": 0,
      "Pyro": 0,
      "Spy": 0,
      "Eng": 600
    }
  ]
}
