{
  "Matches": [
    {
      "Match": "sydney/staging/2023-05-26-13-39-15_[nbases_b2]",
      "Winner": "Team2",
      "Rating": "31 %",
      "Score1": 20,
      "Team1": "[poo]slap,haunter,hz,zel",
      "Score2": 30,
      "Team2": "[poo]wolverine,greg,shock,twi-"
    }
  ],
  "SummaryAttack": [
    {
      "Name": "[poo]slap",
      "KPM": 0.7,
      "KD": 0.25,
      "Kills": 7,
      "Death": 28,
      "TKill": 0,
      "Dmg": 1544.0,
      "DPM": 154.0,
      "FlagCap": 1,
      "FlagTake": 6.0,
      "FlagTime": "0:06",
      "FlagStop": 0,
      "Win": 0,
      "Draw": 0,
      "Loss": 1,
      "TimePlayed": "10:00",
      "Classes": "Med  100 %"
    },
    {
      "Name": "haunter",
      "KPM": 2.43,
      "KD": 1.04,
      "Kills": 24,
      "Death": 23,
      "TKill": 3,
      "Dmg": 4539.0,
      "DPM": 460.0,
      "FlagCap": 1,
      "FlagTake": 3.0,
      "FlagTime": "0:07",
      "FlagStop": 0,
      "Win": 0,
      "Draw": 0,
      "Loss": 1,
      "TimePlayed": "9:52",
      "Classes": "Spy  52 %|Demo 31 %|Eng  17 %"
    },
    {
      "Name": "hz",
      "KPM": 1.8,
      "KD": 0.9,
      "Kills": 18,
      "Death": 20,
      "TKill": 4,
      "Dmg": 4502.0,
      "DPM": 450.0,
      "FlagCap": 2.0,
      "FlagTake": 6.0,
      "FlagTime": "1:09",
      "FlagStop": 0,
      "Win": 0,
      "Draw": 0,
      "Loss": 1,
      "TimePlayed": "10:00",
      "Classes": "Sold 100 %"
    },
    {
      "Name": "zel",
      "KPM": 0.6,
      "KD": 0.23,
      "Kills": 6,
      "Death": 26,
      "TKill": 2,
      "Dmg": 3132.0,
      "DPM": 313.0,
      "FlagCap": 1,
      "FlagTake": 5.0,
      "FlagTime": "0:11",
      "FlagStop": 0,
      "Win": 0,
      "Draw": 0,
      "Loss": 1,
      "TimePlayed": "10:00",
      "Classes": "Pyro 100 %"
    },
    {
      "Name": "[poo]wolverine",
      "KPM": 2.32,
      "KD": 1.0,
      "Kills": 16,
      "Death": 16,
      "TKill": 2,
      "Dmg": 3765.0,
      "DPM": 547.0,
      "FlagCap": 1,
      "FlagTake": 4.0,
      "FlagTime": "0:04",
      "FlagStop": 0,
      "Win": 1,
      "Draw": 0,
      "Loss": 0,
      "TimePlayed": "6:53",
      "Classes": "Sold 100 %"
    },
    {
      "Name": "greg",
      "KPM": 2.18,
      "KD": 0.83,
      "Kills": 15,
      "Death": 18,
      "TKill": 1,
      "Dmg": 3057.0,
      "DPM": 444.0,
      "FlagCap": 1,
      "FlagTake": 2.0,
      "FlagTime": "0:02",
      "FlagStop": 0,
      "Win": 1,
      "Draw": 0,
      "Loss": 0,
      "TimePlayed": "6:53",
      "Classes": "Pyro 100 %"
    },
    {
      "Name": "shock",
      "KPM": 0.58,
      "KD": 0.22,
      "Kills": 4,
      "Death": 18,
      "TKill": 1,
      "Dmg": 1201.0,
      "DPM": 174.0,
      "FlagCap": 1,
      "FlagTake": 1.0,
      "FlagTime": "0:01",
      "FlagStop": 0,
      "Win": 1,
      "Draw": 0,
      "Loss": 0,
      "TimePlayed": "6:53",
      "Classes": "Spy  83 %|Demo 17 %"
    },
    {
      "Name": "twi-",
      "KPM": 1.6,
      "KD": 0.69,
      "Kills": 11,
      "Death": 16,
      "TKill": 0,
      "Dmg": 1099.0,
      "DPM": 160.0,
      "FlagCap": 3.0,
      "FlagTake": 9.0,
      "FlagTime": "1:42",
      "FlagStop": 0,
      "Win": 1,
      "Draw": 0,
      "Loss": 0,
      "TimePlayed": "6:53",
      "Classes": "Med  100 %"
    }
  ],
  "SummaryDefence": [
    {
      "Name": "[poo]slap",
      "KPM": 1.6,
      "KD": 0.85,
      "Kills": 11,
      "Death": 13,
      "TKill": 5,
      "Dmg": 2762.0,
      "DPM": 401.0,
      "FlagCap": 0,
      "FlagTake": 0,
      "FlagTime": 0,
      "FlagStop": 1.0,
      "Win": 0,
      "Draw": 0,
      "Loss": 1,
      "TimePlayed": "6:53",
      "Classes": "Demo 100 %"
    },
    {
      "Name": "haunter",
      "KPM": 3.2,
      "KD": 1.22,
      "Kills": 22,
      "Death": 18,
      "TKill": 2,
      "Dmg": 3918.0,
      "DPM": 569.0,
      "FlagCap": 0,
      "FlagTake": 0,
      "FlagTime": 0,
      "FlagStop": 1,
      "Win": 0,
      "Draw": 0,
      "Loss": 1,
      "TimePlayed": "6:53",
      "Classes": "Eng  100 %"
    },
    {
      "Name": "hz",
      "KPM": 1.89,
      "KD": 0.76,
      "Kills": 13,
      "Death": 17,
      "TKill": 6,
      "Dmg": 3450.0,
      "DPM": 501.0,
      "FlagCap": 0,
      "FlagTake": 0,
      "FlagTime": 0,
      "FlagStop": 3.0,
      "Win": 0,
      "Draw": 0,
      "Loss": 1,
      "TimePlayed": "6:53",
      "Classes": "Sold 100 %"
    },
    {
      "Name": "zel",
      "KPM": 1.74,
      "KD": 0.71,
      "Kills": 12,
      "Death": 17,
      "TKill": 1,
      "Dmg": 3630.0,
      "DPM": 527.0,
      "FlagCap": 0,
      "FlagTake": 0,
      "FlagTime": 0,
      "FlagStop": 1.0,
      "Win": 0,
      "Draw": 0,
      "Loss": 1,
      "TimePlayed": "6:53",
      "Classes": "Pyro 100 %"
    },
    {
      "Name": "[poo]wolverine",
      "KPM": 2.1,
      "KD": 1.17,
      "Kills": 21,
      "Death": 18,
      "TKill": 12,
      "Dmg": 5417.0,
      "DPM": 542.0,
      "FlagCap": 0,
      "FlagTake": 0,
      "FlagTime": 0,
      "FlagStop": 1.0,
      "Win": 1,
      "Draw": 0,
      "Loss": 0,
      "TimePlayed": "10:00",
      "Classes": "Demo 100 %"
    },
    {
      "Name": "greg",
      "KPM": 2.2,
      "KD": 0.81,
      "Kills": 22,
      "Death": 27,
      "TKill": 4,
      "Dmg": 6391.0,
      "DPM": 639.0,
      "FlagCap": 0,
      "FlagTake": 0,
      "FlagTime": 0,
      "FlagStop": 6.0,
      "Win": 1,
      "Draw": 0,
      "Loss": 0,
      "TimePlayed": "10:00",
      "Classes": "Pyro 100 %"
    },
    {
      "Name": "shock",
      "KPM": 1.7,
      "KD": 0.89,
      "Kills": 17,
      "Death": 19,
      "TKill": 6,
      "Dmg": 2788.0,
      "DPM": 279.0,
      "FlagCap": 0,
      "FlagTake": 0,
      "FlagTime": 0,
      "FlagStop": 1,
      "Win": 1,
      "Draw": 0,
      "Loss": 0,
      "TimePlayed": "10:00",
      "Classes": "Eng  100 %"
    },
    {
      "Name": "twi-",
      "KPM": 2.0,
      "KD": 0.83,
      "Kills": 20,
      "Death": 24,
      "TKill": 6,
      "Dmg": 5593.0,
      "DPM": 559.0,
      "FlagCap": 0,
      "FlagTake": 0,
      "FlagTime": 0,
      "FlagStop": 1,
      "Win": 1,
      "Draw": 0,
      "Loss": 0,
      "TimePlayed": "10:00",
      "Classes": "Sold 100 %"
    }
  ],
  "ClassFragAttack": [
    {
      "Name": "[poo]slap",
      "Sco": 0,
      "KPM1": null,
      "Sold": 0,
      "KPM3": null,
      "Demo": 0,
      "KPM4": null,
      "Med": 7.0,
      "KPM5": 0.7,
      "HwG": 0,
      "KPM6": null,
      "Pyro": 0,
      "KPM7": null,
      "Spy": 0,
      "KPM8": null,
      "Eng": 0,
      "KPM9": null,
      "SG": 0,
      "KPM0": null
    },
    {
      "Name": "haunter",
      "Sco": 0,
      "KPM1": null,
      "Sold": 0,
      "KPM3": null,
      "Demo": 10.0,
      "KPM4": 3.26,
      "Med": 0,
      "KPM5": null,
      "HwG": 0,
      "KPM6": null,
      "Pyro": 0,
      "KPM7": null,
      "Spy": 12.0,
      "KPM8": 2.33,
      "Eng": 2.0,
      "KPM9": 1.21,
      "SG": 0,
      "KPM0": null
    },
    {
      "Name": "hz",
      "Sco": 0,
      "KPM1": null,
      "Sold": 18.0,
      "KPM3": 1.8,
      "Demo": 0,
      "KPM4": null,
      "Med": 0,
      "KPM5": null,
      "HwG": 0,
      "KPM6": null,
      "Pyro": 0,
      "KPM7": null,
      "Spy": 0,
      "KPM8": null,
      "Eng": 0,
      "KPM9": null,
      "SG": 0,
      "KPM0": null
    },
    {
      "Name": "zel",
      "Sco": 0,
      "KPM1": null,
      "Sold": 0,
      "KPM3": null,
      "Demo": 0,
      "KPM4": null,
      "Med": 0,
      "KPM5": null,
      "HwG": 0,
      "KPM6": null,
      "Pyro": 6.0,
      "KPM7": 0.6,
      "Spy": 0,
      "KPM8": null,
      "Eng": 0,
      "KPM9": null,
      "SG": 0,
      "KPM0": null
    },
    {
      "Name": "[poo]wolverine",
      "Sco": 0,
      "KPM1": null,
      "Sold": 16.0,
      "KPM3": 2.32,
      "Demo": 0,
      "KPM4": null,
      "Med": 0,
      "KPM5": null,
      "HwG": 0,
      "KPM6": null,
      "Pyro": 0,
      "KPM7": null,
      "Spy": 0,
      "KPM8": null,
      "Eng": 0,
      "KPM9": null,
      "SG": 0,
      "KPM0": null
    },
    {
      "Name": "greg",
      "Sco": 0,
      "KPM1": null,
      "Sold": 0,
      "KPM3": null,
      "Demo": 0,
      "KPM4": null,
      "Med": 0,
      "KPM5": null,
      "HwG": 0,
      "KPM6": null,
      "Pyro": 15.0,
      "KPM7": 2.18,
      "Spy": 0,
      "KPM8": null,
      "Eng": 0,
      "KPM9": null,
      "SG": 0,
      "KPM0": null
    },
    {
      "Name": "shock",
      "Sco": 0,
      "KPM1": null,
      "Sold": 0,
      "KPM3": null,
      "Demo": 2.0,
      "KPM4": 1.74,
      "Med": 0,
      "KPM5": null,
      "HwG": 0,
      "KPM6": null,
      "Pyro": 0,
      "KPM7": null,
      "Spy": 2.0,
      "KPM8": 0.35,
      "Eng": 0,
      "KPM9": null,
      "SG": 0,
      "KPM0": null
    },
    {
      "Name": "twi-",
      "Sco": 0,
      "KPM1": null,
      "Sold": 0,
      "KPM3": null,
      "Demo": 0,
      "KPM4": null,
      "Med": 11.0,
      "KPM5": 1.6,
      "HwG": 0,
      "KPM6": null,
      "Pyro": 0,
      "KPM7": null,
      "Spy": 0,
      "KPM8": null,
      "Eng": 0,
      "KPM9": null,
      "SG": 0,
      "KPM0": null
    }
  ],
  "ClassFragDefence": [
    {
      "Name": "[poo]slap",
      "Sco": 0,
      "KPM1": null,
      "Sold": 0,
      "KPM3": null,
      "Demo": 11.0,
      "KPM4": 1.6,
      "Med": 0,
      "KPM5": null,
      "HwG": 0,
      "KPM6": null,
      "Pyro": 0,
      "KPM7": null,
      "Spy": 0,
      "KPM8": null,
      "Eng": 0,
      "KPM9": null,
      "SG": 0,
      "KPM0": null
    },
    {
      "Name": "haunter",
      "Sco": 0,
      "KPM1": null,
      "Sold": 0,
      "KPM3": null,
      "Demo": 0,
      "KPM4": null,
      "Med": 0,
      "KPM5": null,
      "HwG": 0,
      "KPM6": null,
      "Pyro": 0,
      "KPM7": null,
      "Spy": 0,
      "KPM8": null,
      "Eng": 16.0,
      "KPM9": 2.32,
      "SG": 6.0,
      "KPM0": 0.87
    },
    {
      "Name": "hz",
      "Sco": 0,
      "KPM1": null,
      "Sold": 13.0,
      "KPM3": 1.89,
      "Demo": 0,
      "KPM4": null,
      "Med": 0,
      "KPM5": null,
      "HwG": 0,
      "KPM6": null,
      "Pyro": 0,
      "KPM7": null,
      "Spy": 0,
      "KPM8": null,
      "Eng": 0,
      "KPM9": null,
      "SG": 0,
      "KPM0": null
    },
    {
      "Name": "zel",
      "Sco": 0,
      "KPM1": null,
      "Sold": 0,
      "KPM3": null,
      "Demo": 0,
      "KPM4": null,
      "Med": 0,
      "KPM5": null,
      "HwG": 0,
      "KPM6": null,
      "Pyro": 12.0,
      "KPM7": 1.74,
      "Spy": 0,
      "KPM8": null,
      "Eng": 0,
      "KPM9": null,
      "SG": 0,
      "KPM0": null
    },
    {
      "Name": "[poo]wolverine",
      "Sco": 0,
      "KPM1": null,
      "Sold": 0,
      "KPM3": null,
      "Demo": 21.0,
      "KPM4": 2.1,
      "Med": 0,
      "KPM5": null,
      "HwG": 0,
      "KPM6": null,
      "Pyro": 0,
      "KPM7": null,
      "Spy": 0,
      "KPM8": null,
      "Eng": 0,
      "KPM9": null,
      "SG": 0,
      "KPM0": null
    },
    {
      "Name": "greg",
      "Sco": 0,
      "KPM1": null,
      "Sold": 0,
      "KPM3": null,
      "Demo": 0,
      "KPM4": null,
      "Med": 0,
      "KPM5": null,
      "HwG": 0,
      "KPM6": null,
      "Pyro": 22.0,
      "KPM7": 2.2,
      "Spy": 0,
      "KPM8": null,
      "Eng": 0,
      "KPM9": null,
      "SG": 0,
      "KPM0": null
    },
    {
      "Name": "shock",
      "Sco": 0,
      "KPM1": null,
      "Sold": 0,
      "KPM3": null,
      "Demo": 0,
      "KPM4": null,
      "Med": 0,
      "KPM5": null,
      "HwG": 0,
      "KPM6": null,
      "Pyro": 0,
      "KPM7": null,
      "Spy": 0,
      "KPM8": null,
      "Eng": 7.0,
      "KPM9": 0.7,
      "SG": 10.0,
      "KPM0": 1.0
    },
    {
      "Name": "twi-",
      "Sco": 0,
      "KPM1": null,
      "Sold": 20.0,
      "KPM3": 2.0,
      "Demo": 0,
      "KPM4": null,
      "Med": 0,
      "KPM5": null,
      "HwG": 0,
      "KPM6": null,
      "Pyro": 0,
      "KPM7": null,
      "Spy": 0,
      "KPM8": null,
      "Eng": 0,
      "KPM9": null,
      "SG": 0,
      "KPM0": null
    }
  ],
  "ClassTimeAttack": [
    {
      "Name": "[poo]slap",
      "Sco": 0,
      "Sold": 0,
      "Demo": 0,
      "Med": 600,
      "HwG": 0,
      "Pyro": 0,
      "Spy": 0,
      "Eng": 0
    },
    {
      "Name": "haunter",
      "Sco": 0,
      "Sold": 0,
      "Demo": 184,
      "Med": 0,
      "HwG": 0,
      "Pyro": 0,
      "Spy": 309,
      "Eng": 99
    },
    {
      "Name": "hz",
      "Sco": 0,
      "Sold": 600,
      "Demo": 0,
      "Med": 0,
      "HwG": 0,
      "Pyro": 0,
      "Spy": 0,
      "Eng": 0
    },
    {
      "Name": "zel",
      "Sco": 0,
      "Sold": 0,
      "Demo": 0,
      "Med": 0,
      "HwG": 0,
      "Pyro": 600,
      "Spy": 0,
      "Eng": 0
    },
    {
      "Name": "[poo]wolverine",
      "Sco": 0,
      "Sold": 413,
      "Demo": 0,
      "Med": 0,
      "HwG": 0,
      "Pyro": 0,
      "Spy": 0,
      "Eng": 0
    },
    {
      "Name": "greg",
      "Sco": 0,
      "Sold": 0,
      "Demo": 0,
      "Med": 0,
      "HwG": 0,
      "Pyro": 413,
      "Spy": 0,
      "Eng": 0
    },
    {
      "Name": "shock",
      "Sco": 0,
      "Sold": 0,
      "Demo": 69,
      "Med": 0,
      "HwG": 0,
      "Pyro": 0,
      "Spy": 344,
      "Eng": 0
    },
    {
      "Name": "twi-",
      "Sco": 0,
      "Sold": 0,
      "Demo": 0,
      "Med": 413,
      "HwG": 0,
      "Pyro": 0,
      "Spy": 0,
      "Eng": 0
    }
  ],
  "ClassTimeDefence": [
    {
      "Name": "[poo]slap",
      "Sco": 0,
      "Sold": 0,
      "Demo": 413,
      "Med": 0,
      "HwG": 0,
      "Pyro": 0,
      "Spy": 0,
      "Eng": 0
    },
    {
      "Name": "haunter",
      "Sco": 0,
      "Sold": 0,
      "Demo": 0,
      "Med": 0,
      "HwG": 0,
      "Pyro": 0,
      "Spy": 0,
      "Eng": 413
    },
    {
      "Name": "hz",
      "Sco": 0,
      "Sold": 413,
      "Demo": 0,
      "Med": 0,
      "HwG": 0,
      "Pyro": 0,
      "Spy": 0,
      "Eng": 0
    },
    {
      "Name": "zel",
      "Sco": 0,
      "Sold": 0,
      "Demo": 0,
      "Med": 0,
      "HwG": 0,
      "Pyro": 413,
      "Spy": 0,
      "Eng": 0
    },
    {
      "Name": "[poo]wolverine",
      "Sco": 0,
      "Sold": 0,
      "Demo": 600,
      "Med": 0,
      "HwG": 0,
      "Pyro": 0,
      "Spy": 0,
      "Eng": 0
    },
    {
      "Name": "greg",
      "Sco": 0,
      "Sold": 0,
      "Demo": 0,
      "Med": 0,
      "HwG": 0,
      "Pyro": 600,
      "Spy": 0,
      "Eng": 0
    },
    {
      "Name": "shock",
      "Sco": 0,
      "Sold": 0,
      "Demo": 0,
      "Med": 0,
      "HwG": 0,
      "Pyro": 0,
      "Spy": 0,
      "Eng": 600
    },
    {
      "Name": "twi-",
      "Sco": 0,
      "Sold": 600,
      "Demo": 0,
      "Med": 0,
      "HwG": 0,
      "Pyro": 0,
      "Spy": 0,
      "Eng": 0
    }
  ]
}
