{
  "Matches": [
    {
      "Match": "sydney/staging/2023-08-14-10-42-17_[ff-destroy3]",
      "Winner": "Team2",
      "Rating": "76 %",
      "Score1": 20,
      "Team1": "fookoff#292,Mortal#27,spas.#19,zenon#147",
      "Score2": 30,
      "Team2": "haze#55,slappa#221,Twi-#26,zel#16"
    }
  ],
  "SummaryAttack": [
    {
      "Name": "fookoff#292",
      "KPM": 1.8,
      "KD": 0.64,
      "Kills": 18,
      "Death": 28,
      "TKill": 0,
      "Dmg": 3933.0,
      "DPM": 393.0,
      "FlagCap": 1.0,
      "FlagTake": 5.0,
      "FlagTime": "0:20",
      "FlagStop": 0,
      "Win": 0,
      "Draw": 0,
      "Loss": 1,
      "TimePlayed": "10:00",
      "Classes": "Sold 100 %"
    },
    {
      "Name": "Mortal#27",
      "KPM": 1.6,
      "KD": 0.64,
      "Kills": 16,
      "Death": 25,
      "TKill": 0,
      "Dmg": 4103.0,
      "DPM": 410.0,
      "FlagCap": 1,
      "FlagTake": 1.0,
      "FlagTime": "0:02",
      "FlagStop": 0,
      "Win": 0,
      "Draw": 0,
      "Loss": 1,
      "TimePlayed": "10:00",
      "Classes": "Pyro 100 %"
    },
    {
      "Name": "spas.#19",
      "KPM": 1.9,
      "KD": 0.66,
      "Kills": 19,
      "Death": 29,
      "TKill": 0,
      "Dmg": 3582.0,
      "DPM": 358.0,
      "FlagCap": 1,
      "FlagTake": 7.0,
      "FlagTime": "0:19",
      "FlagStop": 0,
      "Win": 0,
      "Draw": 0,
      "Loss": 1,
      "TimePlayed": "10:00",
      "Classes": "Med  100 %"
    },
    {
      "Name": "zenon#147",
      "KPM": 0.7,
      "KD": 0.21,
      "Kills": 7,
      "Death": 33,
      "TKill": 2,
      "Dmg": 1551.0,
      "DPM": 155.0,
      "FlagCap": 1.0,
      "FlagTake": 9.0,
      "FlagTime": "0:36",
      "FlagStop": 0,
      "Win": 0,
      "Draw": 0,
      "Loss": 1,
      "TimePlayed": "10:00",
      "Classes": "Spy  100 %"
    },
    {
      "Name": "haze#55",
      "KPM": 2.07,
      "KD": 0.83,
      "Kills": 5,
      "Death": 6,
      "TKill": 0,
      "Dmg": 1100.0,
      "DPM": 455.0,
      "FlagCap": 1,
      "FlagTake": 2.0,
      "FlagTime": "0:05",
      "FlagStop": 0,
      "Win": 1,
      "Draw": 0,
      "Loss": 0,
      "TimePlayed": "2:25",
      "Classes": "Sold 100 %"
    },
    {
      "Name": "slappa#221",
      "KPM": 0.83,
      "KD": 0.33,
      "Kills": 2,
      "Death": 6,
      "TKill": 1,
      "Dmg": 554.0,
      "DPM": 229.0,
      "FlagCap": 1.0,
      "FlagTake": 3.0,
      "FlagTime": "0:27",
      "FlagStop": 0,
      "Win": 1,
      "Draw": 0,
      "Loss": 0,
      "TimePlayed": "2:25",
      "Classes": "Pyro 100 %"
    },
    {
      "Name": "Twi-#26",
      "KPM": 0.83,
      "KD": 0.29,
      "Kills": 2,
      "Death": 7,
      "TKill": 0,
      "Dmg": 445.0,
      "DPM": 184.0,
      "FlagCap": 1,
      "FlagTake": 4.0,
      "FlagTime": "0:07",
      "FlagStop": 0,
      "Win": 1,
      "Draw": 0,
      "Loss": 0,
      "TimePlayed": "2:25",
      "Classes": "Med  100 %"
    },
    {
      "Name": "zel#16",
      "KPM": 0.41,
      "KD": 0.25,
      "Kills": 1,
      "Death": 4,
      "TKill": 0,
      "Dmg": 464.0,
      "DPM": 192.0,
      "FlagCap": 2.0,
      "FlagTake": 4.0,
      "FlagTime": "0:49",
      "FlagStop": 0,
      "Win": 1,
      "Draw": 0,
      "Loss": 0,
      "TimePlayed": "2:25",
      "Classes": "Spy  100 %"
    }
  ],
  "SummaryDefence": [
    {
      "Name": "fookoff#292",
      "KPM": 1.24,
      "KD": 0.43,
      "Kills": 3,
      "Death": 7,
      "TKill": 0,
      "Dmg": 689.0,
      "DPM": 285.0,
      "FlagCap": 0,
      "FlagTake": 0,
      "FlagTime": 0,
      "FlagStop": 1,
      "Win": 0,
      "Draw": 0,
      "Loss": 1,
      "TimePlayed": "2:25",
      "Classes": "Eng  100 %"
    },
    {
      "Name": "Mortal#27",
      "KPM": 0.83,
      "KD": 0.5,
      "Kills": 2,
      "Death": 4,
      "TKill": 2,
      "Dmg": 603.0,
      "DPM": 250.0,
      "FlagCap": 0,
      "FlagTake": 0,
      "FlagTime": 0,
      "FlagStop": 1,
      "Win": 0,
      "Draw": 0,
      "Loss": 1,
      "TimePlayed": "2:25",
      "Classes": "HwG  100 %"
    },
    {
      "Name": "spas.#19",
      "KPM": 4.55,
      "KD": 2.2,
      "Kills": 11,
      "Death": 5,
      "TKill": 6,
      "Dmg": 2358.0,
      "DPM": 976.0,
      "FlagCap": 0,
      "FlagTake": 0,
      "FlagTime": 0,
      "FlagStop": 3.0,
      "Win": 0,
      "Draw": 0,
      "Loss": 1,
      "TimePlayed": "2:25",
      "Classes": "Demo 100 %"
    },
    {
      "Name": "zenon#147",
      "KPM": 1.66,
      "KD": 0.8,
      "Kills": 4,
      "Death": 5,
      "TKill": 4,
      "Dmg": 1196.0,
      "DPM": 495.0,
      "FlagCap": 0,
      "FlagTake": 0,
      "FlagTime": 0,
      "FlagStop": 1.0,
      "Win": 0,
      "Draw": 0,
      "Loss": 1,
      "TimePlayed": "2:25",
      "Classes": "Sold 100 %"
    },
    {
      "Name": "haze#55",
      "KPM": 2.9,
      "KD": 1.61,
      "Kills": 29,
      "Death": 18,
      "TKill": 9,
      "Dmg": 5935.0,
      "DPM": 594.0,
      "FlagCap": 0,
      "FlagTake": 0,
      "FlagTime": 0,
      "FlagStop": 3.0,
      "Win": 1,
      "Draw": 0,
      "Loss": 0,
      "TimePlayed": "10:00",
      "Classes": "Sold 100 %"
    },
    {
      "Name": "slappa#221",
      "KPM": 1.4,
      "KD": 0.78,
      "Kills": 14,
      "Death": 18,
      "TKill": 5,
      "Dmg": 4389.0,
      "DPM": 439.0,
      "FlagCap": 0,
      "FlagTake": 0,
      "FlagTime": 0,
      "FlagStop": 1,
      "Win": 1,
      "Draw": 0,
      "Loss": 0,
      "TimePlayed": "10:00",
      "Classes": "HwG  100 %"
    },
    {
      "Name": "Twi-#26",
      "KPM": 2.5,
      "KD": 1.0,
      "Kills": 25,
      "Death": 25,
      "TKill": 10,
      "Dmg": 4770.0,
      "DPM": 477.0,
      "FlagCap": 0,
      "FlagTake": 0,
      "FlagTime": 0,
      "FlagStop": 4.0,
      "Win": 1,
      "Draw": 0,
      "Loss": 0,
      "TimePlayed": "10:00",
      "Classes": "Demo 100 %"
    },
    {
      "Name": "zel#16",
      "KPM": 3.6,
      "KD": 1.5,
      "Kills": 36,
      "Death": 24,
      "TKill": 3,
      "Dmg": 5458.0,
      "DPM": 546.0,
      "FlagCap": 0,
      "FlagTake": 0,
      "FlagTime": 0,
      "FlagStop": 1,
      "Win": 1,
      "Draw": 0,
      "Loss": 0,
      "TimePlayed": "10:00",
      "Classes": "Eng  100 %"
    }
  ],
  "ClassFragAttack": [
    {
      "Name": "fookoff#292",
      "Sco": 0,
      "KPM1": null,
      "Sold": 18.0,
      "KPM3": 1.8,
      "Demo": 0,
      "KPM4": null,
      "Med": 0,
      "KPM5": null,
      "HwG": 0,
      "KPM6": null,
      "Pyro": 0,
      "KPM7": null,
      "Spy": 0,
      "KPM8": null,
      "Eng": 0,
      "KPM9": null,
      "SG": 0,
      "KPM0": null
    },
    {
      "Name": "Mortal#27",
      "Sco": 0,
      "KPM1": null,
      "Sold": 0,
      "KPM3": null,
      "Demo": 0,
      "KPM4": null,
      "Med": 0,
      "KPM5": null,
      "HwG": 0,
      "KPM6": null,
      "Pyro": 16.0,
      "KPM7": 1.6,
      "Spy": 0,
      "KPM8": null,
      "Eng": 0,
      "KPM9": null,
      "SG": 0,
      "KPM0": null
    },
    {
      "Name": "spas.#19",
      "Sco": 0,
      "KPM1": null,
      "Sold": 0,
      "KPM3": null,
      "Demo": 0,
      "KPM4": null,
      "Med": 19.0,
      "KPM5": 1.9,
      "HwG": 0,
      "KPM6": null,
      "Pyro": 0,
      "KPM7": null,
      "Spy": 0,
      "KPM8": null,
      "Eng": 0,
      "KPM9": null,
      "SG": 0,
      "KPM0": null
    },
    {
      "Name": "zenon#147",
      "Sco": 0,
      "KPM1": null,
      "Sold": 0,
      "KPM3": null,
      "Demo": 0,
      "KPM4": null,
      "Med": 0,
      "KPM5": null,
      "HwG": 0,
      "KPM6": null,
      "Pyro": 0,
      "KPM7": null,
      "Spy": 7.0,
      "KPM8": 0.7,
      "Eng": 0,
      "KPM9": null,
      "SG": 0,
      "KPM0": null
    },
    {
      "Name": "haze#55",
      "Sco": 0,
      "KPM1": null,
      "Sold": 5.0,
      "KPM3": 2.07,
      "Demo": 0,
      "KPM4": null,
      "Med": 0,
      "KPM5": null,
      "HwG": 0,
      "KPM6": null,
      "Pyro": 0,
      "KPM7": null,
      "Spy": 0,
      "KPM8": null,
      "Eng": 0,
      "KPM9": null,
      "SG": 0,
      "KPM0": null
    },
    {
      "Name": "slappa#221",
      "Sco": 0,
      "KPM1": null,
      "Sold": 0,
      "KPM3": null,
      "Demo": 0,
      "KPM4": null,
      "Med": 0,
      "KPM5": null,
      "HwG": 0,
      "KPM6": null,
      "Pyro": 2.0,
      "KPM7": 0.83,
      "Spy": 0,
      "KPM8": null,
      "Eng": 0,
      "KPM9": null,
      "SG": 0,
      "KPM0": null
    },
    {
      "Name": "Twi-#26",
      "Sco": 0,
      "KPM1": null,
      "Sold": 0,
      "KPM3": null,
      "Demo": 0,
      "KPM4": null,
      "Med": 2.0,
      "KPM5": 0.83,
      "HwG": 0,
      "KPM6": null,
      "Pyro": 0,
      "KPM7": null,
      "Spy": 0,
      "KPM8": null,
      "Eng": 0,
      "KPM9": null,
      "SG": 0,
      "KPM0": null
    },
    {
      "Name": "zel#16",
      "Sco": 0,
      "KPM1": null,
      "Sold": 0,
      "KPM3": null,
      "Demo": 0,
      "KPM4": null,
      "Med": 0,
      "KPM5": null,
      "HwG": 0,
      "KPM6": null,
      "Pyro": 0,
      "KPM7": null,
      "Spy": 1.0,
      "KPM8": 0.41,
      "Eng": 0,
      "KPM9": null,
      "SG": 0,
      "KPM0": null
    }
  ],
  "ClassFragDefence": [
    {
      "Name": "fookoff#292",
      "Sco": 0,
      "KPM1": null,
      "Sold": 0,
      "KPM3": null,
      "Demo": 0,
      "KPM4": null,
      "Med": 0,
      "KPM5": null,
      "HwG": 0,
      "KPM6": null,
      "Pyro": 0,
      "KPM7": null,
      "Spy": 0,
      "KPM8": null,
      "Eng": 3.0,
      "KPM9": 1.24,
      "SG": 0,
      "KPM0": null
    },
    {
      "Name": "Mortal#27",
      "Sco": 0,
      "KPM1": null,
      "Sold": 0,
      "KPM3": null,
      "Demo": 0,
      "KPM4": null,
      "Med": 0,
      "KPM5": null,
      "HwG": 2.0,
      "KPM6": 0.83,
      "Pyro": 0,
      "KPM7": null,
      "Spy": 0,
      "KPM8": null,
      "Eng": 0,
      "KPM9": null,
      "SG": 0,
      "KPM0": null
    },
    {
      "Name": "spas.#19",
      "Sco": 0,
      "KPM1": null,
      "Sold": 0,
      "KPM3": null,
      "Demo": 11.0,
      "KPM4": 4.55,
      "Med": 0,
      "KPM5": null,
      "HwG": 0,
      "KPM6": null,
      "Pyro": 0,
      "KPM7": null,
      "Spy": 0,
      "KPM8": null,
      "Eng": 0,
      "KPM9": null,
      "SG": 0,
      "KPM0": null
    },
    {
      "Name": "zenon#147",
      "Sco": 0,
      "KPM1": null,
      "Sold": 4.0,
      "KPM3": 1.66,
      "Demo": 0,
      "KPM4": null,
      "Med": 0,
      "KPM5": null,
      "HwG": 0,
      "KPM6": null,
      "Pyro": 0,
      "KPM7": null,
      "Spy": 0,
      "KPM8": null,
      "Eng": 0,
      "KPM9": null,
      "SG": 0,
      "KPM0": null
    },
    {
      "Name": "haze#55",
      "Sco": 0,
      "KPM1": null,
      "Sold": 29.0,
      "KPM3": 2.9,
      "Demo": 0,
      "KPM4": null,
      "Med": 0,
      "KPM5": null,
      "HwG": 0,
      "KPM6": null,
      "Pyro": 0,
      "KPM7": null,
      "Spy": 0,
      "KPM8": null,
      "Eng": 0,
      "KPM9": null,
      "SG": 0,
      "KPM0": null
    },
    {
      "Name": "slappa#221",
      "Sco": 0,
      "KPM1": null,
      "Sold": 0,
      "KPM3": null,
      "Demo": 0,
      "KPM4": null,
      "Med": 0,
      "KPM5": null,
      "HwG": 14.0,
      "KPM6": 1.4,
      "Pyro": 0,
      "KPM7": null,
      "Spy": 0,
      "KPM8": null,
      "Eng": 0,
      "KPM9": null,
      "SG": 0,
      "KPM0": null
    },
    {
      "Name": "Twi-#26",
      "Sco": 0,
      "KPM1": null,
      "Sold": 0,
      "KPM3": null,
      "Demo": 25.0,
      "KPM4": 2.5,
      "Med": 0,
      "KPM5": null,
      "HwG": 0,
      "KPM6": null,
      "Pyro": 0,
      "KPM7": null,
      "Spy": 0,
      "KPM8": null,
      "Eng": 0,
      "KPM9": null,
      "SG": 0,
      "KPM0": null
    },
    {
      "Name": "zel#16",
      "Sco": 0,
      "KPM1": null,
      "Sold": 0,
      "KPM3": null,
      "Demo": 0,
      "KPM4": null,
      "Med": 0,
      "KPM5": null,
      "HwG": 0,
      "KPM6": null,
      "Pyro": 0,
      "KPM7": null,
      "Spy": 0,
      "KPM8": null,
      "Eng": 19.0,
      "KPM9": 1.9,
      "SG": 17.0,
      "KPM0": 1.7
    }
  ],
  "ClassTimeAttack": [
    {
      "Name": "fookoff#292",
      "Sco": 0,
      "Sold": 600,
      "Demo": 0,
      "Med": 0,
      "HwG": 0,
      "Pyro": 0,
      "Spy": 0,
      "Eng": 0
    },
    {
      "Name": "Mortal#27",
      "Sco": 0,
      "Sold": 0,
      "Demo": 0,
      "Med": 0,
      "HwG": 0,
      "Pyro": 600,
      "Spy": 0,
      "Eng": 0
    },
    {
      "Name": "spas.#19",
      "Sco": 0,
      "Sold": 0,
      "Demo": 0,
      "Med": 600,
      "HwG": 0,
      "Pyro": 0,
      "Spy": 0,
      "Eng": 0
    },
    {
      "Name": "zenon#147",
      "Sco": 0,
      "Sold": 0,
      "Demo": 0,
      "Med": 0,
      "HwG": 0,
      "Pyro": 0,
      "Spy": 600,
      "Eng": 0
    },
    {
      "Name": "haze#55",
      "Sco": 0,
      "Sold": 145,
      "Demo": 0,
      "Med": 0,
      "HwG": 0,
      "Pyro": 0,
      "Spy": 0,
      "Eng": 0
    },
    {
      "Name": "slappa#221",
      "Sco": 0,
      "Sold": 0,
      "Demo": 0,
      "Med": 0,
      "HwG": 0,
      "Pyro": 145,
      "Spy": 0,
      "Eng": 0
    },
    {
      "Name": "Twi-#26",
      "Sco": 0,
      "Sold": 0,
      "Demo": 0,
      "Med": 145,
      "HwG": 0,
      "Pyro": 0,
      "Spy": 0,
      "Eng": 0
    },
    {
      "Name": "zel#16",
      "Sco": 0,
      "Sold": 0,
      "Demo": 0,
      "Med": 0,
      "HwG": 0,
      "Pyro": 0,
      "Spy": 145,
      "Eng": 0
    }
  ],
  "ClassTimeDefence": [
    {
      "Name": "fookoff#292",
      "Sco": 0,
      "Sold": 0,
      "Demo": 0,
      "Med": 0,
      "HwG": 0,
      "Pyro": 0,
      "Spy": 0,
      "Eng": 145
    },
    {
      "Name": "Mortal#27",
      "Sco": 0,
      "Sold": 0,
      "Demo": 0,
      "Med": 0,
      "HwG": 145,
      "Pyro": 0,
      "Spy": 0,
      "Eng": 0
    },
    {
      "Name": "spas.#19",
      "Sco": 0,
      "Sold": 0,
      "Demo": 145,
      "Med": 0,
      "HwG": 0,
      "Pyro": 0,
      "Spy": 0,
      "Eng": 0
    },
    {
      "Name": "zenon#147",
      "Sco": 0,
      "Sold": 145,
      "Demo": 0,
      "Med": 0,
      "HwG": 0,
      "Pyro": 0,
      "Spy": 0,
      "Eng": 0
    },
    {
      "Name": "haze#55",
      "Sco": 0,
      "Sold": 600,
      "Demo": 0,
      "Med": 0,
      "HwG": 0,
      "Pyro": 0,
      "Spy": 0,
      "Eng": 0
    },
    {
      "Name": "slappa#221",
      "Sco": 0,
      "Sold": 0,
      "Demo": 0,
      "Med": 0,
      "HwG": 600,
      "Pyro": 0,
      "Spy": 0,
      "Eng": 0
    },
    {
      "Name": "Twi-#26",
      "Sco": 0,
      "Sold": 0,
      "Demo": 600,
      "Med": 0,
      "HwG": 0,
      "Pyro": 0,
      "Spy": 0,
      "Eng": 0
    },
    {
      "Name": "zel#16",
      "Sco": 0,
      "Sold": 0,
      "Demo": 0,
      "Med": 0,
      "HwG": 0,
      "Pyro": 0,
      "Spy": 0,
      "Eng": 600
    }
  ]
}
