{
  "Matches": [
    {
      "Match": "sydney/staging/2023-04-10-12-57-32_[nbases_b2]",
      "Winner": null,
      "Rating": "",
      "Score1": null,
      "Team1": "hz,twi-",
      "Score2": null,
      "Team2": ""
    }
  ],
  "SummaryAttack": [
    {
      "Name": "hz",
      "KPM": null,
      "KD": null,
      "Kills": 0,
      "Death": 0,
      "TKill": 0,
      "Dmg": 1,
      "DPM": 5.0,
      "FlagCap": 1,
      "FlagTake": 1,
      "FlagTime": "0:01",
      "FlagStop": 0,
      "Win": 0,
      "Draw": 0,
      "Loss": 1,
      "TimePlayed": "0:11",
      "Classes": "Sco  100 %"
    },
    {
      "Name": "twi-",
      "KPM": null,
      "KD": null,
      "Kills": 0,
      "Death": 0,
      "TKill": 0,
      "Dmg": 1,
      "DPM": 5.0,
      "FlagCap": 1,
      "FlagTake": 1,
      "FlagTime": "0:01",
      "FlagStop": 0,
      "Win": 0,
      "Draw": 0,
      "Loss": 1,
      "TimePlayed": "0:11",
      "Classes": "Demo 100 %"
    }
  ],
  "SummaryDefence": [],
  "ClassFragAttack": null,
  "ClassFragDefence": null,
  "ClassTimeAttack": [
    {
      "Name": "hz",
      "Sco": 11,
      "Sold": 0,
      "Demo": 0,
      "Med": 0,
      "HwG": 0,
      "Pyro": 0,
      "Spy": 0,
      "Eng": 0
    },
    {
      "Name": "twi-",
      "Sco": 0,
      "Sold": 0,
      "Demo": 11,
      "Med": 0,
      "HwG": 0,
      "Pyro": 0,
      "Spy": 0,
      "Eng": 0
    }
  ],
  "ClassTimeDefence": null
}
