{
  "Matches": [
    {
      "Match": "sydney/staging/2023-08-28-08-37-01_[fo_rock_a5]",
      "Winner": "Team1",
      "Rating": "15 %",
      "Score1": 120,
      "Team1": "sg334#740",
      "Score2": 110,
      "Team2": "sg334#740"
    }
  ],
  "SummaryAttack": [
    {
      "Name": "sg334#740",
      "KPM": null,
      "KD": 0.0,
      "Kills": 0,
      "Death": 3,
      "TKill": 0,
      "Dmg": 2,
      "DPM": 0.0,
      "SGKills": 1,
      "SGDeath": 0,
      "FlagCap": 23.0,
      "FlagTake": 27.0,
      "FlagTime": "20:56",
      "FlagStop": 0,
      "Win": 0,
      "Draw": 1,
      "Loss": 0,
      "TimePlayed": "19:51",
      "Classes": "Sco  100 %"
    }
  ],
  "SummaryDefence": [],
  "ClassFragAttack": null,
  "ClassFragDefence": null,
  "ClassTimeAttack": [
    {
      "Name": "sg334#740",
      "Sco": 1191,
      "Sold": 0,
      "Demo": 0,
      "Med": 0,
      "HwG": 0,
      "Pyro": 0,
      "Spy": 0,
      "Eng": 0
    }
  ],
  "ClassTimeDefence": null
}
