{
  "Matches": [
    {
      "Match": "sydney/staging/2023-08-28-11-45-22_[fo_rock_a5]",
      "Winner": "Team1",
      "Rating": "57 %",
      "Score1": 60,
      "Team1": "fookoff#292,sg334#740,slappa#221,Twi-#26",
      "Score2": 30,
      "Team2": "lordy#24,spas.#19,wolverine.aunz#14,zel#16"
    }
  ],
  "SummaryAttack": [
    {
      "Name": "fookoff#292",
      "KPM": 2.5,
      "KD": 0.78,
      "Kills": 25,
      "Death": 32,
      "TKill": 1,
      "Dmg": 6031.0,
      "DPM": 603.0,
      "SGKills": 2.0,
      "SGDeath": 0,
      "FlagCap": 1,
      "FlagTake": 8.0,
      "FlagTime": "0:11",
      "FlagStop": 0,
      "Win": 1,
      "Draw": 0,
      "Loss": 0,
      "TimePlayed": "10:00",
      "Classes": "Pyro 100 %"
    },
    {
      "Name": "sg334#740",
      "KPM": 0.7,
      "KD": 0.33,
      "Kills": 7,
      "Death": 21,
      "TKill": 0,
      "Dmg": 1131.0,
      "DPM": 113.0,
      "SGKills": 3.0,
      "SGDeath": 0,
      "FlagCap": 1.0,
      "FlagTake": 5.0,
      "FlagTime": "0:23",
      "FlagStop": 0,
      "Win": 1,
      "Draw": 0,
      "Loss": 0,
      "TimePlayed": "10:00",
      "Classes": "Sco  100 %"
    },
    {
      "Name": "slappa#221",
      "KPM": 0.7,
      "KD": 0.26,
      "Kills": 7,
      "Death": 27,
      "TKill": 0,
      "Dmg": 2063.0,
      "DPM": 206.0,
      "SGKills": 1.0,
      "SGDeath": 0,
      "FlagCap": 4.0,
      "FlagTake": 15.0,
      "FlagTime": "2:48",
      "FlagStop": 0,
      "Win": 1,
      "Draw": 0,
      "Loss": 0,
      "TimePlayed": "10:00",
      "Classes": "Med  100 %"
    },
    {
      "Name": "Twi-#26",
      "KPM": 2.3,
      "KD": 0.77,
      "Kills": 23,
      "Death": 30,
      "TKill": 2,
      "Dmg": 4847.0,
      "DPM": 485.0,
      "SGKills": 1.0,
      "SGDeath": 0,
      "FlagCap": 1.0,
      "FlagTake": 9.0,
      "FlagTime": "0:45",
      "FlagStop": 0,
      "Win": 1,
      "Draw": 0,
      "Loss": 0,
      "TimePlayed": "10:00",
      "Classes": "Sold 100 %"
    },
    {
      "Name": "lordy#24",
      "KPM": 1.2,
      "KD": 0.41,
      "Kills": 12,
      "Death": 29,
      "TKill": 1,
      "Dmg": 1532.0,
      "DPM": 153.0,
      "SGKills": 4.0,
      "SGDeath": 0,
      "FlagCap": 1.0,
      "FlagTake": 12.0,
      "FlagTime": "3:19",
      "FlagStop": 0,
      "Win": 0,
      "Draw": 0,
      "Loss": 1,
      "TimePlayed": "10:00",
      "Classes": "Med  100 %"
    },
    {
      "Name": "spas.#19",
      "KPM": 1.9,
      "KD": 0.56,
      "Kills": 19,
      "Death": 34,
      "TKill": 1,
      "Dmg": 4495.0,
      "DPM": 450.0,
      "SGKills": 2.0,
      "SGDeath": 0,
      "FlagCap": 2.0,
      "FlagTake": 8.0,
      "FlagTime": "0:29",
      "FlagStop": 0,
      "Win": 0,
      "Draw": 0,
      "Loss": 1,
      "TimePlayed": "10:00",
      "Classes": "Sold 100 %"
    },
    {
      "Name": "wolverine.aunz#14",
      "KPM": 1.4,
      "KD": 0.39,
      "Kills": 14,
      "Death": 36,
      "TKill": 1,
      "Dmg": 2352.0,
      "DPM": 235.0,
      "SGKills": 2.0,
      "SGDeath": 0,
      "FlagCap": 1,
      "FlagTake": 3.0,
      "FlagTime": "0:03",
      "FlagStop": 0,
      "Win": 0,
      "Draw": 0,
      "Loss": 1,
      "TimePlayed": "10:00",
      "Classes": "Demo 33 %|Sco  27 %|Spy  26 %|Eng  15 %"
    },
    {
      "Name": "zel#16",
      "KPM": 0.9,
      "KD": 0.26,
      "Kills": 9,
      "Death": 34,
      "TKill": 6,
      "Dmg": 2945.0,
      "DPM": 294.0,
      "SGKills": 1,
      "SGDeath": 0,
      "FlagCap": 1,
      "FlagTake": 3.0,
      "FlagTime": "0:17",
      "FlagStop": 0,
      "Win": 0,
      "Draw": 0,
      "Loss": 1,
      "TimePlayed": "10:00",
      "Classes": "Pyro 100 %"
    }
  ],
  "SummaryDefence": [
    {
      "Name": "fookoff#292",
      "KPM": 1.9,
      "KD": 0.83,
      "Kills": 19,
      "Death": 23,
      "TKill": 6,
      "Dmg": 5585.0,
      "DPM": 558.0,
      "SGKills": 0,
      "SGDeath": 1,
      "FlagCap": 0,
      "FlagTake": 0,
      "FlagTime": 0,
      "FlagStop": 3.0,
      "Win": 1,
      "Draw": 0,
      "Loss": 0,
      "TimePlayed": "10:00",
      "Classes": "Pyro 100 %"
    },
    {
      "Name": "sg334#740",
      "KPM": 2.8,
      "KD": 3.5,
      "Kills": 28,
      "Death": 8,
      "TKill": 2,
      "Dmg": 4561.0,
      "DPM": 456.0,
      "SGKills": 0,
      "SGDeath": 8.0,
      "FlagCap": 0,
      "FlagTake": 0,
      "FlagTime": 0,
      "FlagStop": 5.0,
      "Win": 1,
      "Draw": 0,
      "Loss": 0,
      "TimePlayed": "10:00",
      "Classes": "Eng  100 %"
    },
    {
      "Name": "slappa#221",
      "KPM": 2.4,
      "KD": 0.96,
      "Kills": 24,
      "Death": 25,
      "TKill": 3,
      "Dmg": 6219.0,
      "DPM": 622.0,
      "SGKills": 0,
      "SGDeath": 1,
      "FlagCap": 0,
      "FlagTake": 0,
      "FlagTime": 0,
      "FlagStop": 4.0,
      "Win": 1,
      "Draw": 0,
      "Loss": 0,
      "TimePlayed": "10:00",
      "Classes": "Sold 100 %"
    },
    {
      "Name": "Twi-#26",
      "KPM": 3.9,
      "KD": 2.29,
      "Kills": 39,
      "Death": 17,
      "TKill": 5,
      "Dmg": 7791.0,
      "DPM": 779.0,
      "SGKills": 0,
      "SGDeath": 1,
      "FlagCap": 0,
      "FlagTake": 0,
      "FlagTime": 0,
      "FlagStop": 7.0,
      "Win": 1,
      "Draw": 0,
      "Loss": 0,
      "TimePlayed": "10:00",
      "Classes": "Demo 100 %"
    },
    {
      "Name": "lordy#24",
      "KPM": 2.1,
      "KD": 1.11,
      "Kills": 21,
      "Death": 19,
      "TKill": 1,
      "Dmg": 3724.0,
      "DPM": 372.0,
      "SGKills": 0,
      "SGDeath": 7.0,
      "FlagCap": 0,
      "FlagTake": 0,
      "FlagTime": 0,
      "FlagStop": 5.0,
      "Win": 0,
      "Draw": 0,
      "Loss": 1,
      "TimePlayed": "10:00",
      "Classes": "Eng  100 %"
    },
    {
      "Name": "spas.#19",
      "KPM": 3.3,
      "KD": 1.83,
      "Kills": 33,
      "Death": 18,
      "TKill": 8,
      "Dmg": 7278.0,
      "DPM": 728.0,
      "SGKills": 0,
      "SGDeath": 1,
      "FlagCap": 0,
      "FlagTake": 0,
      "FlagTime": 0,
      "FlagStop": 7.0,
      "Win": 0,
      "Draw": 0,
      "Loss": 1,
      "TimePlayed": "10:00",
      "Classes": "Demo 100 %"
    },
    {
      "Name": "wolverine.aunz#14",
      "KPM": 2.3,
      "KD": 0.77,
      "Kills": 23,
      "Death": 30,
      "TKill": 7,
      "Dmg": 6839.0,
      "DPM": 684.0,
      "SGKills": 0,
      "SGDeath": 1,
      "FlagCap": 0,
      "FlagTake": 0,
      "FlagTime": 0,
      "FlagStop": 4.0,
      "Win": 0,
      "Draw": 0,
      "Loss": 1,
      "TimePlayed": "10:00",
      "Classes": "Sold 100 %"
    },
    {
      "Name": "zel#16",
      "KPM": 1.6,
      "KD": 0.62,
      "Kills": 16,
      "Death": 26,
      "TKill": 4,
      "Dmg": 4941.0,
      "DPM": 494.0,
      "SGKills": 0,
      "SGDeath": 1,
      "FlagCap": 0,
      "FlagTake": 0,
      "FlagTime": 0,
      "FlagStop": 2.0,
      "Win": 0,
      "Draw": 0,
      "Loss": 1,
      "TimePlayed": "10:00",
      "Classes": "Pyro 100 %"
    }
  ],
  "ClassFragAttack": [
    {
      "Name": "fookoff#292",
      "Sco": 0,
      "KPM1": null,
      "Sold": 0,
      "KPM3": null,
      "Demo": 0,
      "KPM4": null,
      "Med": 0,
      "KPM5": null,
      "HwG": 0,
      "KPM6": null,
      "Pyro": 25.0,
      "KPM7": 2.5,
      "Spy": 0,
      "KPM8": null,
      "Eng": 0,
      "KPM9": null,
      "SG": 0,
      "KPM0": null
    },
    {
      "Name": "sg334#740",
      "Sco": 7.0,
      "KPM1": 0.7,
      "Sold": 0,
      "KPM3": null,
      "Demo": 0,
      "KPM4": null,
      "Med": 0,
      "KPM5": null,
      "HwG": 0,
      "KPM6": null,
      "Pyro": 0,
      "KPM7": null,
      "Spy": 0,
      "KPM8": null,
      "Eng": 0,
      "KPM9": null,
      "SG": 0,
      "KPM0": null
    },
    {
      "Name": "slappa#221",
      "Sco": 0,
      "KPM1": null,
      "Sold": 0,
      "KPM3": null,
      "Demo": 0,
      "KPM4": null,
      "Med": 7.0,
      "KPM5": 0.7,
      "HwG": 0,
      "KPM6": null,
      "Pyro": 0,
      "KPM7": null,
      "Spy": 0,
      "KPM8": null,
      "Eng": 0,
      "KPM9": null,
      "SG": 0,
      "KPM0": null
    },
    {
      "Name": "Twi-#26",
      "Sco": 0,
      "KPM1": null,
      "Sold": 23.0,
      "KPM3": 2.3,
      "Demo": 0,
      "KPM4": null,
      "Med": 0,
      "KPM5": null,
      "HwG": 0,
      "KPM6": null,
      "Pyro": 0,
      "KPM7": null,
      "Spy": 0,
      "KPM8": null,
      "Eng": 0,
      "KPM9": null,
      "SG": 0,
      "KPM0": null
    },
    {
      "Name": "lordy#24",
      "Sco": 0,
      "KPM1": null,
      "Sold": 0,
      "KPM3": null,
      "Demo": 0,
      "KPM4": null,
      "Med": 12.0,
      "KPM5": 1.2,
      "HwG": 0,
      "KPM6": null,
      "Pyro": 0,
      "KPM7": null,
      "Spy": 0,
      "KPM8": null,
      "Eng": 0,
      "KPM9": null,
      "SG": 0,
      "KPM0": null
    },
    {
      "Name": "spas.#19",
      "Sco": 0,
      "KPM1": null,
      "Sold": 19.0,
      "KPM3": 1.9,
      "Demo": 0,
      "KPM4": null,
      "Med": 0,
      "KPM5": null,
      "HwG": 0,
      "KPM6": null,
      "Pyro": 0,
      "KPM7": null,
      "Spy": 0,
      "KPM8": null,
      "Eng": 0,
      "KPM9": null,
      "SG": 0,
      "KPM0": null
    },
    {
      "Name": "wolverine.aunz#14",
      "Sco": 2.0,
      "KPM1": 0.75,
      "Sold": 0,
      "KPM3": null,
      "Demo": 5.0,
      "KPM4": 1.52,
      "Med": 0,
      "KPM5": null,
      "HwG": 0,
      "KPM6": null,
      "Pyro": 0,
      "KPM7": null,
      "Spy": 2.0,
      "KPM8": 0.78,
      "Eng": 5.0,
      "KPM9": 3.33,
      "SG": 0,
      "KPM0": null
    },
    {
      "Name": "zel#16",
      "Sco": 0,
      "KPM1": null,
      "Sold": 0,
      "KPM3": null,
      "Demo": 0,
      "KPM4": null,
      "Med": 0,
      "KPM5": null,
      "HwG": 0,
      "KPM6": null,
      "Pyro": 9.0,
      "KPM7": 0.9,
      "Spy": 0,
      "KPM8": null,
      "Eng": 0,
      "KPM9": null,
      "SG": 0,
      "KPM0": null
    }
  ],
  "ClassFragDefence": [
    {
      "Name": "fookoff#292",
      "Sco": 0,
      "KPM1": null,
      "Sold": 0,
      "KPM3": null,
      "Demo": 0,
      "KPM4": null,
      "Med": 0,
      "KPM5": null,
      "HwG": 0,
      "KPM6": null,
      "Pyro": 19.0,
      "KPM7": 1.9,
      "Spy": 0,
      "KPM8": null,
      "Eng": 0,
      "KPM9": null,
      "SG": 0,
      "KPM0": null
    },
    {
      "Name": "sg334#740",
      "Sco": 0,
      "KPM1": null,
      "Sold": 0,
      "KPM3": null,
      "Demo": 0,
      "KPM4": null,
      "Med": 0,
      "KPM5": null,
      "HwG": 0,
      "KPM6": null,
      "Pyro": 0,
      "KPM7": null,
      "Spy": 0,
      "KPM8": null,
      "Eng": 11.0,
      "KPM9": 1.1,
      "SG": 17.0,
      "KPM0": 1.7
    },
    {
      "Name": "slappa#221",
      "Sco": 0,
      "KPM1": null,
      "Sold": 24.0,
      "KPM3": 2.4,
      "Demo": 0,
      "KPM4": null,
      "Med": 0,
      "KPM5": null,
      "HwG": 0,
      "KPM6": null,
      "Pyro": 0,
      "KPM7": null,
      "Spy": 0,
      "KPM8": null,
      "Eng": 0,
      "KPM9": null,
      "SG": 0,
      "KPM0": null
    },
    {
      "Name": "Twi-#26",
      "Sco": 0,
      "KPM1": null,
      "Sold": 0,
      "KPM3": null,
      "Demo": 39.0,
      "KPM4": 3.9,
      "Med": 0,
      "KPM5": null,
      "HwG": 0,
      "KPM6": null,
      "Pyro": 0,
      "KPM7": null,
      "Spy": 0,
      "KPM8": null,
      "Eng": 0,
      "KPM9": null,
      "SG": 0,
      "KPM0": null
    },
    {
      "Name": "lordy#24",
      "Sco": 0,
      "KPM1": null,
      "Sold": 0,
      "KPM3": null,
      "Demo": 0,
      "KPM4": null,
      "Med": 0,
      "KPM5": null,
      "HwG": 0,
      "KPM6": null,
      "Pyro": 0,
      "KPM7": null,
      "Spy": 0,
      "KPM8": null,
      "Eng": 10.0,
      "KPM9": 1.0,
      "SG": 11.0,
      "KPM0": 1.1
    },
    {
      "Name": "spas.#19",
      "Sco": 0,
      "KPM1": null,
      "Sold": 0,
      "KPM3": null,
      "Demo": 33.0,
      "KPM4": 3.3,
      "Med": 0,
      "KPM5": null,
      "HwG": 0,
      "KPM6": null,
      "Pyro": 0,
      "KPM7": null,
      "Spy": 0,
      "KPM8": null,
      "Eng": 0,
      "KPM9": null,
      "SG": 0,
      "KPM0": null
    },
    {
      "Name": "wolverine.aunz#14",
      "Sco": 0,
      "KPM1": null,
      "Sold": 23.0,
      "KPM3": 2.3,
      "Demo": 0,
      "KPM4": null,
      "Med": 0,
      "KPM5": null,
      "HwG": 0,
      "KPM6": null,
      "Pyro": 0,
      "KPM7": null,
      "Spy": 0,
      "KPM8": null,
      "Eng": 0,
      "KPM9": null,
      "SG": 0,
      "KPM0": null
    },
    {
      "Name": "zel#16",
      "Sco": 0,
      "KPM1": null,
      "Sold": 0,
      "KPM3": null,
      "Demo": 0,
      "KPM4": null,
      "Med": 0,
      "KPM5": null,
      "HwG": 0,
      "KPM6": null,
      "Pyro": 16.0,
      "KPM7": 1.6,
      "Spy": 0,
      "KPM8": null,
      "Eng": 0,
      "KPM9": null,
      "SG": 0,
      "KPM0": null
    }
  ],
  "ClassTimeAttack": [
    {
      "Name": "fookoff#292",
      "Sco": 0,
      "Sold": 0,
      "Demo": 0,
      "Med": 0,
      "HwG": 0,
      "Pyro": 600,
      "Spy": 0,
      "Eng": 0
    },
    {
      "Name": "sg334#740",
      "Sco": 600,
      "Sold": 0,
      "Demo": 0,
      "Med": 0,
      "HwG": 0,
      "Pyro": 0,
      "Spy": 0,
      "Eng": 0
    },
    {
      "Name": "slappa#221",
      "Sco": 0,
      "Sold": 0,
      "Demo": 0,
      "Med": 600,
      "HwG": 0,
      "Pyro": 0,
      "Spy": 0,
      "Eng": 0
    },
    {
      "Name": "Twi-#26",
      "Sco": 0,
      "Sold": 600,
      "Demo": 0,
      "Med": 0,
      "HwG": 0,
      "Pyro": 0,
      "Spy": 0,
      "Eng": 0
    },
    {
      "Name": "lordy#24",
      "Sco": 0,
      "Sold": 0,
      "Demo": 0,
      "Med": 600,
      "HwG": 0,
      "Pyro": 0,
      "Spy": 0,
      "Eng": 0
    },
    {
      "Name": "spas.#19",
      "Sco": 0,
      "Sold": 600,
      "Demo": 0,
      "Med": 0,
      "HwG": 0,
      "Pyro": 0,
      "Spy": 0,
      "Eng": 0
    },
    {
      "Name": "wolverine.aunz#14",
      "Sco": 159,
      "Sold": 0,
      "Demo": 198,
      "Med": 0,
      "HwG": 0,
      "Pyro": 0,
      "Spy": 153,
      "Eng": 90
    },
    {
      "Name": "zel#16",
      "Sco": 0,
      "Sold": 0,
      "Demo": 0,
      "Med": 0,
      "HwG": 0,
      "Pyro": 600,
      "Spy": 0,
      "Eng": 0
    }
  ],
  "ClassTimeDefence": [
    {
      "Name": "fookoff#292",
      "Sco": 0,
      "Sold": 0,
      "Demo": 0,
      "Med": 0,
      "HwG": 0,
      "Pyro": 600,
      "Spy": 0,
      "Eng": 0
    },
    {
      "Name": "sg334#740",
      "Sco": 0,
      "Sold": 0,
      "Demo": 0,
      "Med": 0,
      "HwG": 0,
      "Pyro": 0,
      "Spy": 0,
      "Eng": 600
    },
    {
      "Name": "slappa#221",
      "Sco": 0,
      "Sold": 600,
      "Demo": 0,
      "Med": 0,
      "HwG": 0,
      "Pyro": 0,
      "Spy": 0,
      "Eng": 0
    },
    {
      "Name": "Twi-#26",
      "Sco": 0,
      "Sold": 0,
      "Demo": 600,
      "Med": 0,
      "HwG": 0,
      "Pyro": 0,
      "Spy": 0,
      "Eng": 0
    },
    {
      "Name": "lordy#24",
      "Sco": 0,
      "Sold": 0,
      "Demo": 0,
      "Med": 0,
      "HwG": 0,
      "Pyro": 0,
      "Spy": 0,
      "Eng": 600
    },
    {
      "Name": "spas.#19",
      "Sco": 0,
      "Sold": 0,
      "Demo": 600,
      "Med": 0,
      "HwG": 0,
      "Pyro": 0,
      "Spy": 0,
      "Eng": 0
    },
    {
      "Name": "wolverine.aunz#14",
      "Sco": 0,
      "Sold": 600,
      "Demo": 0,
      "Med": 0,
      "HwG": 0,
      "Pyro": 0,
      "Spy": 0,
      "Eng": 0
    },
    {
      "Name": "zel#16",
      "Sco": 0,
      "Sold": 0,
      "Demo": 0,
      "Med": 0,
      "HwG": 0,
      "Pyro": 600,
      "Spy": 0,
      "Eng": 0
    }
  ]
}
