{
  "Matches": [
    {
      "Match": "sydney/staging/2023-05-03-12-07-44_[ff-schtop]",
      "Winner": "Draw",
      "Rating": "0 %",
      "Score1": 20,
      "Team1": "[loze]omen,bent,hz,twi-",
      "Score2": 20,
      "Team2": "[loze]mushroom,[loze]simple.c,slappa,zel"
    }
  ],
  "SummaryAttack": [
    {
      "Name": "[loze]omen",
      "KPM": 1.3,
      "KD": 0.41,
      "Kills": 13,
      "Death": 32,
      "TKill": 1,
      "Dmg": 3784.0,
      "DPM": 378.0,
      "FlagCap": 1,
      "FlagTake": 1.0,
      "FlagTime": "0:03",
      "FlagStop": 0,
      "Win": 0,
      "Draw": 1,
      "Loss": 0,
      "TimePlayed": "10:00",
      "Classes": "Sold 100 %"
    },
    {
      "Name": "bent",
      "KPM": 1.0,
      "KD": 0.38,
      "Kills": 10,
      "Death": 26,
      "TKill": 0,
      "Dmg": 3844.0,
      "DPM": 384.0,
      "FlagCap": 1,
      "FlagTake": 1.0,
      "FlagTime": "0:01",
      "FlagStop": 0,
      "Win": 0,
      "Draw": 1,
      "Loss": 0,
      "TimePlayed": "10:00",
      "Classes": "Pyro 100 %"
    },
    {
      "Name": "hz",
      "KPM": 1.4,
      "KD": 0.67,
      "Kills": 14,
      "Death": 21,
      "TKill": 2,
      "Dmg": 2811.0,
      "DPM": 281.0,
      "FlagCap": 2.0,
      "FlagTake": 6.0,
      "FlagTime": "0:38",
      "FlagStop": 0,
      "Win": 0,
      "Draw": 1,
      "Loss": 0,
      "TimePlayed": "10:00",
      "Classes": "Spy  100 %"
    },
    {
      "Name": "twi-",
      "KPM": 0.8,
      "KD": 0.27,
      "Kills": 8,
      "Death": 30,
      "TKill": 2,
      "Dmg": 3266.0,
      "DPM": 327.0,
      "FlagCap": 1,
      "FlagTake": 9.0,
      "FlagTime": "0:16",
      "FlagStop": 0,
      "Win": 0,
      "Draw": 1,
      "Loss": 0,
      "TimePlayed": "10:00",
      "Classes": "Med  100 %"
    },
    {
      "Name": "[loze]mushroom",
      "KPM": 2.2,
      "KD": 0.65,
      "Kills": 22,
      "Death": 34,
      "TKill": 3,
      "Dmg": 5755.0,
      "DPM": 576.0,
      "FlagCap": 1.0,
      "FlagTake": 11.0,
      "FlagTime": "0:24",
      "FlagStop": 0,
      "Win": 0,
      "Draw": 1,
      "Loss": 0,
      "TimePlayed": "10:00",
      "Classes": "Pyro 63 %|Eng  37 %"
    },
    {
      "Name": "[loze]simple.c",
      "KPM": 0.4,
      "KD": 0.14,
      "Kills": 4,
      "Death": 29,
      "TKill": 0,
      "Dmg": 1642.0,
      "DPM": 164.0,
      "FlagCap": 1.0,
      "FlagTake": 5.0,
      "FlagTime": "0:20",
      "FlagStop": 0,
      "Win": 0,
      "Draw": 1,
      "Loss": 0,
      "TimePlayed": "10:00",
      "Classes": "Spy  100 %"
    },
    {
      "Name": "slappa",
      "KPM": 0.8,
      "KD": 0.27,
      "Kills": 8,
      "Death": 30,
      "TKill": 2,
      "Dmg": 1460.0,
      "DPM": 146.0,
      "FlagCap": 1,
      "FlagTake": 12.0,
      "FlagTime": "0:14",
      "FlagStop": 0,
      "Win": 0,
      "Draw": 1,
      "Loss": 0,
      "TimePlayed": "10:00",
      "Classes": "Med  100 %"
    },
    {
      "Name": "zel",
      "KPM": 1.1,
      "KD": 0.33,
      "Kills": 11,
      "Death": 33,
      "TKill": 2,
      "Dmg": 2255.0,
      "DPM": 226.0,
      "FlagCap": 1,
      "FlagTake": 8.0,
      "FlagTime": "0:15",
      "FlagStop": 0,
      "Win": 0,
      "Draw": 1,
      "Loss": 0,
      "TimePlayed": "10:00",
      "Classes": "Sold 100 %"
    }
  ],
  "SummaryDefence": [
    {
      "Name": "[loze]omen",
      "KPM": 1.5,
      "KD": 0.68,
      "Kills": 15,
      "Death": 22,
      "TKill": 6,
      "Dmg": 3907.0,
      "DPM": 391.0,
      "FlagCap": 0,
      "FlagTake": 0,
      "FlagTime": 0,
      "FlagStop": 2.0,
      "Win": 0,
      "Draw": 1,
      "Loss": 0,
      "TimePlayed": "10:00",
      "Classes": "Sold 100 %"
    },
    {
      "Name": "bent",
      "KPM": 2.3,
      "KD": 1.53,
      "Kills": 23,
      "Death": 15,
      "TKill": 7,
      "Dmg": 4202.0,
      "DPM": 420.0,
      "FlagCap": 0,
      "FlagTake": 0,
      "FlagTime": 0,
      "FlagStop": 3.0,
      "Win": 0,
      "Draw": 1,
      "Loss": 0,
      "TimePlayed": "10:00",
      "Classes": "HwG  100 %"
    },
    {
      "Name": "hz",
      "KPM": 3.4,
      "KD": 1.17,
      "Kills": 34,
      "Death": 29,
      "TKill": 1,
      "Dmg": 7501.0,
      "DPM": 750.0,
      "FlagCap": 0,
      "FlagTake": 0,
      "FlagTime": 0,
      "FlagStop": 3.0,
      "Win": 0,
      "Draw": 1,
      "Loss": 0,
      "TimePlayed": "10:00",
      "Classes": "Eng  64 %|Pyro 36 %"
    },
    {
      "Name": "twi-",
      "KPM": 3.4,
      "KD": 1.26,
      "Kills": 34,
      "Death": 27,
      "TKill": 21,
      "Dmg": 6515.0,
      "DPM": 652.0,
      "FlagCap": 0,
      "FlagTake": 0,
      "FlagTime": 0,
      "FlagStop": 4.0,
      "Win": 0,
      "Draw": 1,
      "Loss": 0,
      "TimePlayed": "10:00",
      "Classes": "Demo 100 %"
    },
    {
      "Name": "[loze]mushroom",
      "KPM": 2.1,
      "KD": 0.91,
      "Kills": 21,
      "Death": 23,
      "TKill": 7,
      "Dmg": 5988.0,
      "DPM": 599.0,
      "FlagCap": 0,
      "FlagTake": 0,
      "FlagTime": 0,
      "FlagStop": 1,
      "Win": 0,
      "Draw": 1,
      "Loss": 0,
      "TimePlayed": "10:00",
      "Classes": "HwG  100 %"
    },
    {
      "Name": "[loze]simple.c",
      "KPM": 1.8,
      "KD": 0.75,
      "Kills": 18,
      "Death": 24,
      "TKill": 4,
      "Dmg": 3742.0,
      "DPM": 374.0,
      "FlagCap": 0,
      "FlagTake": 0,
      "FlagTime": 0,
      "FlagStop": 1,
      "Win": 0,
      "Draw": 1,
      "Loss": 0,
      "TimePlayed": "10:00",
      "Classes": "Eng  100 %"
    },
    {
      "Name": "slappa",
      "KPM": 3.0,
      "KD": 1.88,
      "Kills": 30,
      "Death": 16,
      "TKill": 13,
      "Dmg": 5522.0,
      "DPM": 552.0,
      "FlagCap": 0,
      "FlagTake": 0,
      "FlagTime": 0,
      "FlagStop": 2.0,
      "Win": 0,
      "Draw": 1,
      "Loss": 0,
      "TimePlayed": "10:00",
      "Classes": "Demo 100 %"
    },
    {
      "Name": "zel",
      "KPM": 2.5,
      "KD": 0.83,
      "Kills": 25,
      "Death": 30,
      "TKill": 5,
      "Dmg": 4858.0,
      "DPM": 486.0,
      "FlagCap": 0,
      "FlagTake": 0,
      "FlagTime": 0,
      "FlagStop": 2.0,
      "Win": 0,
      "Draw": 1,
      "Loss": 0,
      "TimePlayed": "10:00",
      "Classes": "Sold 100 %"
    }
  ],
  "ClassFragAttack": [
    {
      "Name": "[loze]omen",
      "Sco": 0,
      "KPM1": null,
      "Sold": 13.0,
      "KPM3": 1.3,
      "Demo": 0,
      "KPM4": null,
      "Med": 0,
      "KPM5": null,
      "HwG": 0,
      "KPM6": null,
      "Pyro": 0,
      "KPM7": null,
      "Spy": 0,
      "KPM8": null,
      "Eng": 0,
      "KPM9": null,
      "SG": 0,
      "KPM0": null
    },
    {
      "Name": "bent",
      "Sco": 0,
      "KPM1": null,
      "Sold": 0,
      "KPM3": null,
      "Demo": 0,
      "KPM4": null,
      "Med": 0,
      "KPM5": null,
      "HwG": 0,
      "KPM6": null,
      "Pyro": 10.0,
      "KPM7": 1.0,
      "Spy": 0,
      "KPM8": null,
      "Eng": 0,
      "KPM9": null,
      "SG": 0,
      "KPM0": null
    },
    {
      "Name": "hz",
      "Sco": 0,
      "KPM1": null,
      "Sold": 0,
      "KPM3": null,
      "Demo": 0,
      "KPM4": null,
      "Med": 0,
      "KPM5": null,
      "HwG": 0,
      "KPM6": null,
      "Pyro": 0,
      "KPM7": null,
      "Spy": 14.0,
      "KPM8": 1.4,
      "Eng": 0,
      "KPM9": null,
      "SG": 0,
      "KPM0": null
    },
    {
      "Name": "twi-",
      "Sco": 0,
      "KPM1": null,
      "Sold": 0,
      "KPM3": null,
      "Demo": 0,
      "KPM4": null,
      "Med": 8.0,
      "KPM5": 0.8,
      "HwG": 0,
      "KPM6": null,
      "Pyro": 0,
      "KPM7": null,
      "Spy": 0,
      "KPM8": null,
      "Eng": 0,
      "KPM9": null,
      "SG": 0,
      "KPM0": null
    },
    {
      "Name": "[loze]mushroom",
      "Sco": 0,
      "KPM1": null,
      "Sold": 0,
      "KPM3": null,
      "Demo": 0,
      "KPM4": null,
      "Med": 0,
      "KPM5": null,
      "HwG": 0,
      "KPM6": null,
      "Pyro": 15.0,
      "KPM7": 2.38,
      "Spy": 0,
      "KPM8": null,
      "Eng": 7.0,
      "KPM9": 1.89,
      "SG": 0,
      "KPM0": null
    },
    {
      "Name": "[loze]simple.c",
      "Sco": 0,
      "KPM1": null,
      "Sold": 0,
      "KPM3": null,
      "Demo": 0,
      "KPM4": null,
      "Med": 0,
      "KPM5": null,
      "HwG": 0,
      "KPM6": null,
      "Pyro": 0,
      "KPM7": null,
      "Spy": 4.0,
      "KPM8": 0.4,
      "Eng": 0,
      "KPM9": null,
      "SG": 0,
      "KPM0": null
    },
    {
      "Name": "slappa",
      "Sco": 0,
      "KPM1": null,
      "Sold": 0,
      "KPM3": null,
      "Demo": 0,
      "KPM4": null,
      "Med": 8.0,
      "KPM5": 0.8,
      "HwG": 0,
      "KPM6": null,
      "Pyro": 0,
      "KPM7": null,
      "Spy": 0,
      "KPM8": null,
      "Eng": 0,
      "KPM9": null,
      "SG": 0,
      "KPM0": null
    },
    {
      "Name": "zel",
      "Sco": 0,
      "KPM1": null,
      "Sold": 11.0,
      "KPM3": 1.1,
      "Demo": 0,
      "KPM4": null,
      "Med": 0,
      "KPM5": null,
      "HwG": 0,
      "KPM6": null,
      "Pyro": 0,
      "KPM7": null,
      "Spy": 0,
      "KPM8": null,
      "Eng": 0,
      "KPM9": null,
      "SG": 0,
      "KPM0": null
    }
  ],
  "ClassFragDefence": [
    {
      "Name": "[loze]omen",
      "Sco": 0,
      "KPM1": null,
      "Sold": 15.0,
      "KPM3": 1.5,
      "Demo": 0,
      "KPM4": null,
      "Med": 0,
      "KPM5": null,
      "HwG": 0,
      "KPM6": null,
      "Pyro": 0,
      "KPM7": null,
      "Spy": 0,
      "KPM8": null,
      "Eng": 0,
      "KPM9": null,
      "SG": 0,
      "KPM0": null
    },
    {
      "Name": "bent",
      "Sco": 0,
      "KPM1": null,
      "Sold": 0,
      "KPM3": null,
      "Demo": 0,
      "KPM4": null,
      "Med": 0,
      "KPM5": null,
      "HwG": 23.0,
      "KPM6": 2.3,
      "Pyro": 0,
      "KPM7": null,
      "Spy": 0,
      "KPM8": null,
      "Eng": 0,
      "KPM9": null,
      "SG": 0,
      "KPM0": null
    },
    {
      "Name": "hz",
      "Sco": 0,
      "KPM1": null,
      "Sold": 0,
      "KPM3": null,
      "Demo": 0,
      "KPM4": null,
      "Med": 0,
      "KPM5": null,
      "HwG": 0,
      "KPM6": null,
      "Pyro": 13.0,
      "KPM7": 3.56,
      "Spy": 0,
      "KPM8": null,
      "Eng": 13.0,
      "KPM9": 2.05,
      "SG": 8.0,
      "KPM0": 1.26
    },
    {
      "Name": "twi-",
      "Sco": 0,
      "KPM1": null,
      "Sold": 0,
      "KPM3": null,
      "Demo": 34.0,
      "KPM4": 3.4,
      "Med": 0,
      "KPM5": null,
      "HwG": 0,
      "KPM6": null,
      "Pyro": 0,
      "KPM7": null,
      "Spy": 0,
      "KPM8": null,
      "Eng": 0,
      "KPM9": null,
      "SG": 0,
      "KPM0": null
    },
    {
      "Name": "[loze]mushroom",
      "Sco": 0,
      "KPM1": null,
      "Sold": 0,
      "KPM3": null,
      "Demo": 0,
      "KPM4": null,
      "Med": 0,
      "KPM5": null,
      "HwG": 21.0,
      "KPM6": 2.1,
      "Pyro": 0,
      "KPM7": null,
      "Spy": 0,
      "KPM8": null,
      "Eng": 0,
      "KPM9": null,
      "SG": 0,
      "KPM0": null
    },
    {
      "Name": "[loze]simple.c",
      "Sco": 0,
      "KPM1": null,
      "Sold": 0,
      "KPM3": null,
      "Demo": 0,
      "KPM4": null,
      "Med": 0,
      "KPM5": null,
      "HwG": 0,
      "KPM6": null,
      "Pyro": 0,
      "KPM7": null,
      "Spy": 0,
      "KPM8": null,
      "Eng": 11.0,
      "KPM9": 1.1,
      "SG": 7.0,
      "KPM0": 0.7
    },
    {
      "Name": "slappa",
      "Sco": 0,
      "KPM1": null,
      "Sold": 0,
      "KPM3": null,
      "Demo": 30.0,
      "KPM4": 3.0,
      "Med": 0,
      "KPM5": null,
      "HwG": 0,
      "KPM6": null,
      "Pyro": 0,
      "KPM7": null,
      "Spy": 0,
      "KPM8": null,
      "Eng": 0,
      "KPM9": null,
      "SG": 0,
      "KPM0": null
    },
    {
      "Name": "zel",
      "Sco": 0,
      "KPM1": null,
      "Sold": 25.0,
      "KPM3": 2.5,
      "Demo": 0,
      "KPM4": null,
      "Med": 0,
      "KPM5": null,
      "HwG": 0,
      "KPM6": null,
      "Pyro": 0,
      "KPM7": null,
      "Spy": 0,
      "KPM8": null,
      "Eng": 0,
      "KPM9": null,
      "SG": 0,
      "KPM0": null
    }
  ],
  "ClassTimeAttack": [
    {
      "Name": "[loze]omen",
      "Sco": 0,
      "Sold": 600,
      "Demo": 0,
      "Med": 0,
      "HwG": 0,
      "Pyro": 0,
      "Spy": 0,
      "Eng": 0
    },
    {
      "Name": "bent",
      "Sco": 0,
      "Sold": 0,
      "Demo": 0,
      "Med": 0,
      "HwG": 0,
      "Pyro": 600,
      "Spy": 0,
      "Eng": 0
    },
    {
      "Name": "hz",
      "Sco": 0,
      "Sold": 0,
      "Demo": 0,
      "Med": 0,
      "HwG": 0,
      "Pyro": 0,
      "Spy": 600,
      "Eng": 0
    },
    {
      "Name": "twi-",
      "Sco": 0,
      "Sold": 0,
      "Demo": 0,
      "Med": 600,
      "HwG": 0,
      "Pyro": 0,
      "Spy": 0,
      "Eng": 0
    },
    {
      "Name": "[loze]mushroom",
      "Sco": 0,
      "Sold": 0,
      "Demo": 0,
      "Med": 0,
      "HwG": 0,
      "Pyro": 378,
      "Spy": 0,
      "Eng": 222
    },
    {
      "Name": "[loze]simple.c",
      "Sco": 0,
      "Sold": 0,
      "Demo": 0,
      "Med": 0,
      "HwG": 0,
      "Pyro": 0,
      "Spy": 600,
      "Eng": 0
    },
    {
      "Name": "slappa",
      "Sco": 0,
      "Sold": 0,
      "Demo": 0,
      "Med": 600,
      "HwG": 0,
      "Pyro": 0,
      "Spy": 0,
      "Eng": 0
    },
    {
      "Name": "zel",
      "Sco": 0,
      "Sold": 600,
      "Demo": 0,
      "Med": 0,
      "HwG": 0,
      "Pyro": 0,
      "Spy": 0,
      "Eng": 0
    }
  ],
  "ClassTimeDefence": [
    {
      "Name": "[loze]omen",
      "Sco": 0,
      "Sold": 600,
      "Demo": 0,
      "Med": 0,
      "HwG": 0,
      "Pyro": 0,
      "Spy": 0,
      "Eng": 0
    },
    {
      "Name": "bent",
      "Sco": 0,
      "Sold": 0,
      "Demo": 0,
      "Med": 0,
      "HwG": 600,
      "Pyro": 0,
      "Spy": 0,
      "Eng": 0
    },
    {
      "Name": "hz",
      "Sco": 0,
      "Sold": 0,
      "Demo": 0,
      "Med": 0,
      "HwG": 0,
      "Pyro": 219,
      "Spy": 0,
      "Eng": 381
    },
    {
      "Name": "twi-",
      "Sco": 0,
      "Sold": 0,
      "Demo": 600,
      "Med": 0,
      "HwG": 0,
      "Pyro": 0,
      "Spy": 0,
      "Eng": 0
    },
    {
      "Name": "[loze]mushroom",
      "Sco": 0,
      "Sold": 0,
      "Demo": 0,
      "Med": 0,
      "HwG": 600,
      "Pyro": 0,
      "Spy": 0,
      "Eng": 0
    },
    {
      "Name": "[loze]simple.c",
      "Sco": 0,
      "Sold": 0,
      "Demo": 0,
      "Med": 0,
      "HwG": 0,
      "Pyro": 0,
      "Spy": 0,
      "Eng": 600
    },
    {
      "Name": "slappa",
      "Sco": 0,
      "Sold": 0,
      "Demo": 600,
      "Med": 0,
      "HwG": 0,
      "Pyro": 0,
      "Spy": 0,
      "Eng": 0
    },
    {
      "Name": "zel",
      "Sco": 0,
      "Sold": 600,
      "Demo": 0,
      "Med": 0,
      "HwG": 0,
      "Pyro": 0,
      "Spy": 0,
      "Eng": 0
    }
  ]
}
