{
  "Matches": [
    {
      "Match": "sydney/staging/2023-04-10-13-33-42_[tf2day_b2]",
      "Winner": "Team2",
      "Rating": "11 %",
      "Score1": 20,
      "Team1": "[dozel]zen,basss,hz,twi-",
      "Score2": 30,
      "Team2": "lilwill,slappa,wm,zel"
    }
  ],
  "SummaryAttack": [
    {
      "Name": "[dozel]zen",
      "KPM": 1.0,
      "KD": 0.43,
      "Kills": 10,
      "Death": 23,
      "TKill": 0,
      "Dmg": 2862.0,
      "DPM": 286.0,
      "FlagCap": 1,
      "FlagTake": 2.0,
      "FlagTime": "0:02",
      "FlagStop": 0,
      "Win": 0,
      "Draw": 0,
      "Loss": 1,
      "TimePlayed": "10:00",
      "Classes": "Sold 56 %|Spy  45 %"
    },
    {
      "Name": "basss",
      "KPM": 2.0,
      "KD": 0.91,
      "Kills": 20,
      "Death": 22,
      "TKill": 0,
      "Dmg": 4011.0,
      "DPM": 401.0,
      "FlagCap": 1,
      "FlagTake": 2.0,
      "FlagTime": "0:06",
      "FlagStop": 0,
      "Win": 0,
      "Draw": 0,
      "Loss": 1,
      "TimePlayed": "10:00",
      "Classes": "Sold 100 %"
    },
    {
      "Name": "hz",
      "KPM": 1.4,
      "KD": 0.52,
      "Kills": 14,
      "Death": 27,
      "TKill": 0,
      "Dmg": 2983.0,
      "DPM": 298.0,
      "FlagCap": 1,
      "FlagTake": 5.0,
      "FlagTime": "0:05",
      "FlagStop": 0,
      "Win": 0,
      "Draw": 0,
      "Loss": 1,
      "TimePlayed": "10:00",
      "Classes": "Pyro 68 %|Med  28 %|Sco  4 %"
    },
    {
      "Name": "twi-",
      "KPM": 2.2,
      "KD": 0.88,
      "Kills": 22,
      "Death": 25,
      "TKill": 0,
      "Dmg": 5017.0,
      "DPM": 502.0,
      "FlagCap": 2.0,
      "FlagTake": 5.0,
      "FlagTime": "0:53",
      "FlagStop": 0,
      "Win": 0,
      "Draw": 0,
      "Loss": 1,
      "TimePlayed": "10:00",
      "Classes": "Sold 100 %"
    },
    {
      "Name": "lilwill",
      "KPM": 0.22,
      "KD": 0.08,
      "Kills": 2,
      "Death": 26,
      "TKill": 0,
      "Dmg": 739.0,
      "DPM": 83.0,
      "FlagCap": 1.0,
      "FlagTake": 8.0,
      "FlagTime": "0:49",
      "FlagStop": 0,
      "Win": 1,
      "Draw": 0,
      "Loss": 0,
      "TimePlayed": "8:54",
      "Classes": "Sco  92 %|Med  8 %"
    },
    {
      "Name": "slappa",
      "KPM": 1.35,
      "KD": 0.55,
      "Kills": 12,
      "Death": 22,
      "TKill": 5,
      "Dmg": 3493.0,
      "DPM": 392.0,
      "FlagCap": 1,
      "FlagTake": 5.0,
      "FlagTime": "0:07",
      "FlagStop": 0,
      "Win": 1,
      "Draw": 0,
      "Loss": 0,
      "TimePlayed": "8:54",
      "Classes": "Sold 100 %"
    },
    {
      "Name": "wm",
      "KPM": 0.9,
      "KD": 0.33,
      "Kills": 8,
      "Death": 24,
      "TKill": 3,
      "Dmg": 2111.0,
      "DPM": 237.0,
      "FlagCap": 1,
      "FlagTake": 10.0,
      "FlagTime": "0:20",
      "FlagStop": 0,
      "Win": 1,
      "Draw": 0,
      "Loss": 0,
      "TimePlayed": "8:54",
      "Classes": "Spy  82 %|Sco  18 %"
    },
    {
      "Name": "zel",
      "KPM": 1.91,
      "KD": 0.71,
      "Kills": 17,
      "Death": 24,
      "TKill": 1,
      "Dmg": 5020.0,
      "DPM": 564.0,
      "FlagCap": 2.0,
      "FlagTake": 9.0,
      "FlagTime": "0:57",
      "FlagStop": 0,
      "Win": 1,
      "Draw": 0,
      "Loss": 0,
      "TimePlayed": "8:54",
      "Classes": "Sold 100 %"
    }
  ],
  "SummaryDefence": [
    {
      "Name": "[dozel]zen",
      "KPM": 2.02,
      "KD": 1.2,
      "Kills": 18,
      "Death": 15,
      "TKill": 7,
      "Dmg": 3275.0,
      "DPM": 368.0,
      "FlagCap": 0,
      "FlagTake": 0,
      "FlagTime": 0,
      "FlagStop": 5.0,
      "Win": 0,
      "Draw": 0,
      "Loss": 1,
      "TimePlayed": "8:54",
      "Classes": "Demo 100 %"
    },
    {
      "Name": "basss",
      "KPM": 0.9,
      "KD": 0.38,
      "Kills": 8,
      "Death": 21,
      "TKill": 4,
      "Dmg": 2870.0,
      "DPM": 322.0,
      "FlagCap": 0,
      "FlagTake": 0,
      "FlagTime": 0,
      "FlagStop": 1.0,
      "Win": 0,
      "Draw": 0,
      "Loss": 1,
      "TimePlayed": "8:54",
      "Classes": "Sold 100 %"
    },
    {
      "Name": "hz",
      "KPM": 3.15,
      "KD": 1.08,
      "Kills": 28,
      "Death": 26,
      "TKill": 4,
      "Dmg": 6138.0,
      "DPM": 690.0,
      "FlagCap": 0,
      "FlagTake": 0,
      "FlagTime": 0,
      "FlagStop": 3.0,
      "Win": 0,
      "Draw": 0,
      "Loss": 1,
      "TimePlayed": "8:54",
      "Classes": "Sold 39 %|Eng  38 %|Pyro 23 %"
    },
    {
      "Name": "twi-",
      "KPM": 3.15,
      "KD": 0.93,
      "Kills": 28,
      "Death": 30,
      "TKill": 7,
      "Dmg": 7224.0,
      "DPM": 812.0,
      "FlagCap": 0,
      "FlagTake": 0,
      "FlagTime": 0,
      "FlagStop": 9.0,
      "Win": 0,
      "Draw": 0,
      "Loss": 1,
      "TimePlayed": "8:54",
      "Classes": "Sold 100 %"
    },
    {
      "Name": "lilwill",
      "KPM": 2.2,
      "KD": 1.83,
      "Kills": 22,
      "Death": 12,
      "TKill": 4,
      "Dmg": 5630.0,
      "DPM": 563.0,
      "FlagCap": 0,
      "FlagTake": 0,
      "FlagTime": 0,
      "FlagStop": 4.0,
      "Win": 1,
      "Draw": 0,
      "Loss": 0,
      "TimePlayed": "10:00",
      "Classes": "HwG  100 %"
    },
    {
      "Name": "slappa",
      "KPM": 2.6,
      "KD": 1.04,
      "Kills": 26,
      "Death": 25,
      "TKill": 2,
      "Dmg": 5487.0,
      "DPM": 549.0,
      "FlagCap": 0,
      "FlagTake": 0,
      "FlagTime": 0,
      "FlagStop": 1,
      "Win": 1,
      "Draw": 0,
      "Loss": 0,
      "TimePlayed": "10:00",
      "Classes": "Eng  100 %"
    },
    {
      "Name": "wm",
      "KPM": 2.1,
      "KD": 1.91,
      "Kills": 21,
      "Death": 11,
      "TKill": 6,
      "Dmg": 5210.0,
      "DPM": 521.0,
      "FlagCap": 0,
      "FlagTake": 0,
      "FlagTime": 0,
      "FlagStop": 1.0,
      "Win": 1,
      "Draw": 0,
      "Loss": 0,
      "TimePlayed": "10:00",
      "Classes": "Demo 100 %"
    },
    {
      "Name": "zel",
      "KPM": 1.8,
      "KD": 0.43,
      "Kills": 18,
      "Death": 42,
      "TKill": 2,
      "Dmg": 7308.0,
      "DPM": 731.0,
      "FlagCap": 0,
      "FlagTake": 0,
      "FlagTime": 0,
      "FlagStop": 2.0,
      "Win": 1,
      "Draw": 0,
      "Loss": 0,
      "TimePlayed": "10:00",
      "Classes": "Sold 100 %"
    }
  ],
  "ClassFragAttack": [
    {
      "Name": "[dozel]zen",
      "Sco": 0,
      "KPM1": null,
      "Sold": 8.0,
      "KPM3": 1.44,
      "Demo": 0,
      "KPM4": null,
      "Med": 0,
      "KPM5": null,
      "HwG": 0,
      "KPM6": null,
      "Pyro": 0,
      "KPM7": null,
      "Spy": 2.0,
      "KPM8": 0.45,
      "Eng": 0,
      "KPM9": null,
      "SG": 0,
      "KPM0": null
    },
    {
      "Name": "basss",
      "Sco": 0,
      "KPM1": null,
      "Sold": 20.0,
      "KPM3": 2.0,
      "Demo": 0,
      "KPM4": null,
      "Med": 0,
      "KPM5": null,
      "HwG": 0,
      "KPM6": null,
      "Pyro": 0,
      "KPM7": null,
      "Spy": 0,
      "KPM8": null,
      "Eng": 0,
      "KPM9": null,
      "SG": 0,
      "KPM0": null
    },
    {
      "Name": "hz",
      "Sco": 0,
      "KPM1": null,
      "Sold": 0,
      "KPM3": null,
      "Demo": 0,
      "KPM4": null,
      "Med": 1.0,
      "KPM5": 0.36,
      "HwG": 0,
      "KPM6": null,
      "Pyro": 13.0,
      "KPM7": 1.91,
      "Spy": 0,
      "KPM8": null,
      "Eng": 0,
      "KPM9": null,
      "SG": 0,
      "KPM0": null
    },
    {
      "Name": "twi-",
      "Sco": 0,
      "KPM1": null,
      "Sold": 22.0,
      "KPM3": 2.2,
      "Demo": 0,
      "KPM4": null,
      "Med": 0,
      "KPM5": null,
      "HwG": 0,
      "KPM6": null,
      "Pyro": 0,
      "KPM7": null,
      "Spy": 0,
      "KPM8": null,
      "Eng": 0,
      "KPM9": null,
      "SG": 0,
      "KPM0": null
    },
    {
      "Name": "lilwill",
      "Sco": 2.0,
      "KPM1": 0.24,
      "Sold": 0,
      "KPM3": null,
      "Demo": 0,
      "KPM4": null,
      "Med": 0,
      "KPM5": null,
      "HwG": 0,
      "KPM6": null,
      "Pyro": 0,
      "KPM7": null,
      "Spy": 0,
      "KPM8": null,
      "Eng": 0,
      "KPM9": null,
      "SG": 0,
      "KPM0": null
    },
    {
      "Name": "slappa",
      "Sco": 0,
      "KPM1": null,
      "Sold": 12.0,
      "KPM3": 1.35,
      "Demo": 0,
      "KPM4": null,
      "Med": 0,
      "KPM5": null,
      "HwG": 0,
      "KPM6": null,
      "Pyro": 0,
      "KPM7": null,
      "Spy": 0,
      "KPM8": null,
      "Eng": 0,
      "KPM9": null,
      "SG": 0,
      "KPM0": null
    },
    {
      "Name": "wm",
      "Sco": 0,
      "KPM1": null,
      "Sold": 0,
      "KPM3": null,
      "Demo": 0,
      "KPM4": null,
      "Med": 0,
      "KPM5": null,
      "HwG": 0,
      "KPM6": null,
      "Pyro": 0,
      "KPM7": null,
      "Spy": 8.0,
      "KPM8": 1.09,
      "Eng": 0,
      "KPM9": null,
      "SG": 0,
      "KPM0": null
    },
    {
      "Name": "zel",
      "Sco": 0,
      "KPM1": null,
      "Sold": 17.0,
      "KPM3": 1.91,
      "Demo": 0,
      "KPM4": null,
      "Med": 0,
      "KPM5": null,
      "HwG": 0,
      "KPM6": null,
      "Pyro": 0,
      "KPM7": null,
      "Spy": 0,
      "KPM8": null,
      "Eng": 0,
      "KPM9": null,
      "SG": 0,
      "KPM0": null
    }
  ],
  "ClassFragDefence": [
    {
      "Name": "[dozel]zen",
      "Sco": 0,
      "KPM1": null,
      "Sold": 0,
      "KPM3": null,
      "Demo": 18.0,
      "KPM4": 2.02,
      "Med": 0,
      "KPM5": null,
      "HwG": 0,
      "KPM6": null,
      "Pyro": 0,
      "KPM7": null,
      "Spy": 0,
      "KPM8": null,
      "Eng": 0,
      "KPM9": null,
      "SG": 0,
      "KPM0": null
    },
    {
      "Name": "basss",
      "Sco": 0,
      "KPM1": null,
      "Sold": 8.0,
      "KPM3": 0.9,
      "Demo": 0,
      "KPM4": null,
      "Med": 0,
      "KPM5": null,
      "HwG": 0,
      "KPM6": null,
      "Pyro": 0,
      "KPM7": null,
      "Spy": 0,
      "KPM8": null,
      "Eng": 0,
      "KPM9": null,
      "SG": 0,
      "KPM0": null
    },
    {
      "Name": "hz",
      "Sco": 0,
      "KPM1": null,
      "Sold": 5.0,
      "KPM3": 1.44,
      "Demo": 0,
      "KPM4": null,
      "Med": 0,
      "KPM5": null,
      "HwG": 0,
      "KPM6": null,
      "Pyro": 9.0,
      "KPM7": 4.35,
      "Spy": 0,
      "KPM8": null,
      "Eng": 8.0,
      "KPM9": 2.38,
      "SG": 6.0,
      "KPM0": 1.78
    },
    {
      "Name": "twi-",
      "Sco": 0,
      "KPM1": null,
      "Sold": 28.0,
      "KPM3": 3.15,
      "Demo": 0,
      "KPM4": null,
      "Med": 0,
      "KPM5": null,
      "HwG": 0,
      "KPM6": null,
      "Pyro": 0,
      "KPM7": null,
      "Spy": 0,
      "KPM8": null,
      "Eng": 0,
      "KPM9": null,
      "SG": 0,
      "KPM0": null
    },
    {
      "Name": "lilwill",
      "Sco": 0,
      "KPM1": null,
      "Sold": 0,
      "KPM3": null,
      "Demo": 0,
      "KPM4": null,
      "Med": 0,
      "KPM5": null,
      "HwG": 22.0,
      "KPM6": 2.2,
      "Pyro": 0,
      "KPM7": null,
      "Spy": 0,
      "KPM8": null,
      "Eng": 0,
      "KPM9": null,
      "SG": 0,
      "KPM0": null
    },
    {
      "Name": "slappa",
      "Sco": 0,
      "KPM1": null,
      "Sold": 0,
      "KPM3": null,
      "Demo": 0,
      "KPM4": null,
      "Med": 0,
      "KPM5": null,
      "HwG": 0,
      "KPM6": null,
      "Pyro": 0,
      "KPM7": null,
      "Spy": 0,
      "KPM8": null,
      "Eng": 17.0,
      "KPM9": 1.7,
      "SG": 9.0,
      "KPM0": 0.9
    },
    {
      "Name": "wm",
      "Sco": 0,
      "KPM1": null,
      "Sold": 0,
      "KPM3": null,
      "Demo": 21.0,
      "KPM4": 2.1,
      "Med": 0,
      "KPM5": null,
      "HwG": 0,
      "KPM6": null,
      "Pyro": 0,
      "KPM7": null,
      "Spy": 0,
      "KPM8": null,
      "Eng": 0,
      "KPM9": null,
      "SG": 0,
      "KPM0": null
    },
    {
      "Name": "zel",
      "Sco": 0,
      "KPM1": null,
      "Sold": 18.0,
      "KPM3": 1.8,
      "Demo": 0,
      "KPM4": null,
      "Med": 0,
      "KPM5": null,
      "HwG": 0,
      "KPM6": null,
      "Pyro": 0,
      "KPM7": null,
      "Spy": 0,
      "KPM8": null,
      "Eng": 0,
      "KPM9": null,
      "SG": 0,
      "KPM0": null
    }
  ],
  "ClassTimeAttack": [
    {
      "Name": "[dozel]zen",
      "Sco": 0,
      "Sold": 333,
      "Demo": 0,
      "Med": 0,
      "HwG": 0,
      "Pyro": 0,
      "Spy": 267,
      "Eng": 0
    },
    {
      "Name": "basss",
      "Sco": 0,
      "Sold": 600,
      "Demo": 0,
      "Med": 0,
      "HwG": 0,
      "Pyro": 0,
      "Spy": 0,
      "Eng": 0
    },
    {
      "Name": "hz",
      "Sco": 25,
      "Sold": 0,
      "Demo": 0,
      "Med": 167,
      "HwG": 0,
      "Pyro": 408,
      "Spy": 0,
      "Eng": 0
    },
    {
      "Name": "twi-",
      "Sco": 0,
      "Sold": 600,
      "Demo": 0,
      "Med": 0,
      "HwG": 0,
      "Pyro": 0,
      "Spy": 0,
      "Eng": 0
    },
    {
      "Name": "lilwill",
      "Sco": 490,
      "Sold": 0,
      "Demo": 0,
      "Med": 44,
      "HwG": 0,
      "Pyro": 0,
      "Spy": 0,
      "Eng": 0
    },
    {
      "Name": "slappa",
      "Sco": 0,
      "Sold": 534,
      "Demo": 0,
      "Med": 0,
      "HwG": 0,
      "Pyro": 0,
      "Spy": 0,
      "Eng": 0
    },
    {
      "Name": "wm",
      "Sco": 95,
      "Sold": 0,
      "Demo": 0,
      "Med": 0,
      "HwG": 0,
      "Pyro": 0,
      "Spy": 439,
      "Eng": 0
    },
    {
      "Name": "zel",
      "Sco": 0,
      "Sold": 534,
      "Demo": 0,
      "Med": 0,
      "HwG": 0,
      "Pyro": 0,
      "Spy": 0,
      "Eng": 0
    }
  ],
  "ClassTimeDefence": [
    {
      "Name": "[dozel]zen",
      "Sco": 0,
      "Sold": 0,
      "Demo": 534,
      "Med": 0,
      "HwG": 0,
      "Pyro": 0,
      "Spy": 0,
      "Eng": 0
    },
    {
      "Name": "basss",
      "Sco": 0,
      "Sold": 534,
      "Demo": 0,
      "Med": 0,
      "HwG": 0,
      "Pyro": 0,
      "Spy": 0,
      "Eng": 0
    },
    {
      "Name": "hz",
      "Sco": 0,
      "Sold": 208,
      "Demo": 0,
      "Med": 0,
      "HwG": 0,
      "Pyro": 124,
      "Spy": 0,
      "Eng": 202
    },
    {
      "Name": "twi-",
      "Sco": 0,
      "Sold": 534,
      "Demo": 0,
      "Med": 0,
      "HwG": 0,
      "Pyro": 0,
      "Spy": 0,
      "Eng": 0
    },
    {
      "Name": "lilwill",
      "Sco": 0,
      "Sold": 0,
      "Demo": 0,
      "Med": 0,
      "HwG": 600,
      "Pyro": 0,
      "Spy": 0,
      "Eng": 0
    },
    {
      "Name": "slappa",
      "Sco": 0,
      "Sold": 0,
      "Demo": 0,
      "Med": 0,
      "HwG": 0,
      "Pyro": 0,
      "Spy": 0,
      "Eng": 600
    },
    {
      "Name": "wm",
      "Sco": 0,
      "Sold": 0,
      "Demo": 600,
      "Med": 0,
      "HwG": 0,
      "Pyro": 0,
      "Spy": 0,
      "Eng": 0
    },
    {
      "Name": "zel",
      "Sco": 0,
      "Sold": 600,
      "Demo": 0,
      "Med": 0,
      "HwG": 0,
      "Pyro": 0,
      "Spy": 0,
      "Eng": 0
    }
  ]
}
