{
  "Matches": [
    {
      "Match": "sydney/staging/2023-05-16-11-47-37_[pineapple_b3]",
      "Winner": "Team1",
      "Rating": "40 %",
      "Score1": 40,
      "Team1": "sharky,slappa,twi-,wolverine",
      "Score2": 30,
      "Team2": "bent,hz,kabuto,zel"
    }
  ],
  "SummaryAttack": [
    {
      "Name": "sharky",
      "KPM": 0.53,
      "KD": 0.24,
      "Kills": 5,
      "Death": 21,
      "TKill": 0,
      "Dmg": 1358.0,
      "DPM": 144.0,
      "FlagCap": 1.0,
      "FlagTake": 10.0,
      "FlagTime": "0:37",
      "FlagStop": 0,
      "Win": 1,
      "Draw": 0,
      "Loss": 0,
      "TimePlayed": "9:25",
      "Classes": "Sco  100 %"
    },
    {
      "Name": "slappa",
      "KPM": 1.5,
      "KD": 0.56,
      "Kills": 15,
      "Death": 27,
      "TKill": 4,
      "Dmg": 5510.0,
      "DPM": 551.0,
      "FlagCap": 1,
      "FlagTake": 4.0,
      "FlagTime": "0:07",
      "FlagStop": 0,
      "Win": 1,
      "Draw": 0,
      "Loss": 0,
      "TimePlayed": "10:00",
      "Classes": "Pyro 100 %"
    },
    {
      "Name": "twi-",
      "KPM": 0.9,
      "KD": 0.35,
      "Kills": 9,
      "Death": 26,
      "TKill": 0,
      "Dmg": 1486.0,
      "DPM": 149.0,
      "FlagCap": 3.0,
      "FlagTake": 16.0,
      "FlagTime": "0:58",
      "FlagStop": 0,
      "Win": 1,
      "Draw": 0,
      "Loss": 0,
      "TimePlayed": "10:00",
      "Classes": "Med  100 %"
    },
    {
      "Name": "wolverine",
      "KPM": 2.2,
      "KD": 0.73,
      "Kills": 22,
      "Death": 30,
      "TKill": 1,
      "Dmg": 4951.0,
      "DPM": 495.0,
      "FlagCap": 1,
      "FlagTake": 9.0,
      "FlagTime": "0:24",
      "FlagStop": 0,
      "Win": 1,
      "Draw": 0,
      "Loss": 0,
      "TimePlayed": "10:00",
      "Classes": "Sold 100 %"
    },
    {
      "Name": "bent",
      "KPM": 1.6,
      "KD": 0.67,
      "Kills": 16,
      "Death": 24,
      "TKill": 0,
      "Dmg": 3096.0,
      "DPM": 310.0,
      "FlagCap": 1.0,
      "FlagTake": 5.0,
      "FlagTime": "0:24",
      "FlagStop": 0,
      "Win": 0,
      "Draw": 0,
      "Loss": 1,
      "TimePlayed": "10:00",
      "Classes": "Pyro 100 %"
    },
    {
      "Name": "hz",
      "KPM": 1.2,
      "KD": 0.4,
      "Kills": 12,
      "Death": 30,
      "TKill": 1,
      "Dmg": 2457.0,
      "DPM": 246.0,
      "FlagCap": 1,
      "FlagTake": 10.0,
      "FlagTime": "0:14",
      "FlagStop": 0,
      "Win": 0,
      "Draw": 0,
      "Loss": 1,
      "TimePlayed": "10:00",
      "Classes": "Med  61 %|Sco  39 %"
    },
    {
      "Name": "kabuto",
      "KPM": 0.7,
      "KD": 0.25,
      "Kills": 7,
      "Death": 28,
      "TKill": 0,
      "Dmg": 1362.0,
      "DPM": 136.0,
      "FlagCap": 1,
      "FlagTake": 6.0,
      "FlagTime": "0:10",
      "FlagStop": 0,
      "Win": 0,
      "Draw": 0,
      "Loss": 1,
      "TimePlayed": "10:00",
      "Classes": "Spy  100 %"
    },
    {
      "Name": "zel",
      "KPM": 2.2,
      "KD": 0.76,
      "Kills": 22,
      "Death": 29,
      "TKill": 3,
      "Dmg": 3801.0,
      "DPM": 380.0,
      "FlagCap": 2.0,
      "FlagTake": 12.0,
      "FlagTime": "0:50",
      "FlagStop": 0,
      "Win": 0,
      "Draw": 0,
      "Loss": 1,
      "TimePlayed": "10:00",
      "Classes": "Sold 100 %"
    }
  ],
  "SummaryDefence": [
    {
      "Name": "sharky",
      "KPM": 2.2,
      "KD": 0.85,
      "Kills": 22,
      "Death": 26,
      "TKill": 3,
      "Dmg": 4756.0,
      "DPM": 476.0,
      "FlagCap": 0,
      "FlagTake": 0,
      "FlagTime": 0,
      "FlagStop": 4.0,
      "Win": 1,
      "Draw": 0,
      "Loss": 0,
      "TimePlayed": "10:00",
      "Classes": "Eng  100 %"
    },
    {
      "Name": "slappa",
      "KPM": 1.2,
      "KD": 0.28,
      "Kills": 12,
      "Death": 43,
      "TKill": 11,
      "Dmg": 4352.0,
      "DPM": 435.0,
      "FlagCap": 0,
      "FlagTake": 0,
      "FlagTime": 0,
      "FlagStop": 2.0,
      "Win": 1,
      "Draw": 0,
      "Loss": 0,
      "TimePlayed": "10:00",
      "Classes": "Pyro 100 %"
    },
    {
      "Name": "twi-",
      "KPM": 3.0,
      "KD": 1.15,
      "Kills": 30,
      "Death": 26,
      "TKill": 16,
      "Dmg": 7462.0,
      "DPM": 746.0,
      "FlagCap": 0,
      "FlagTake": 0,
      "FlagTime": 0,
      "FlagStop": 8.0,
      "Win": 1,
      "Draw": 0,
      "Loss": 0,
      "TimePlayed": "10:00",
      "Classes": "Demo 100 %"
    },
    {
      "Name": "wolverine",
      "KPM": 3.3,
      "KD": 1.14,
      "Kills": 33,
      "Death": 29,
      "TKill": 12,
      "Dmg": 7230.0,
      "DPM": 723.0,
      "FlagCap": 0,
      "FlagTake": 0,
      "FlagTime": 0,
      "FlagStop": 2.0,
      "Win": 1,
      "Draw": 0,
      "Loss": 0,
      "TimePlayed": "10:00",
      "Classes": "Sold 100 %"
    },
    {
      "Name": "bent",
      "KPM": 1.8,
      "KD": 0.95,
      "Kills": 18,
      "Death": 19,
      "TKill": 7,
      "Dmg": 3669.0,
      "DPM": 367.0,
      "FlagCap": 0,
      "FlagTake": 0,
      "FlagTime": 0,
      "FlagStop": 3.0,
      "Win": 0,
      "Draw": 0,
      "Loss": 1,
      "TimePlayed": "10:00",
      "Classes": "Sold 100 %"
    },
    {
      "Name": "hz",
      "KPM": 2.9,
      "KD": 1.61,
      "Kills": 29,
      "Death": 18,
      "TKill": 13,
      "Dmg": 6030.0,
      "DPM": 603.0,
      "FlagCap": 0,
      "FlagTake": 0,
      "FlagTime": 0,
      "FlagStop": 13.0,
      "Win": 0,
      "Draw": 0,
      "Loss": 1,
      "TimePlayed": "10:00",
      "Classes": "Demo 100 %"
    },
    {
      "Name": "kabuto",
      "KPM": 2.22,
      "KD": 1.05,
      "Kills": 21,
      "Death": 20,
      "TKill": 1,
      "Dmg": 4575.0,
      "DPM": 484.0,
      "FlagCap": 0,
      "FlagTake": 0,
      "FlagTime": 0,
      "FlagStop": 1.0,
      "Win": 0,
      "Draw": 0,
      "Loss": 1,
      "TimePlayed": "9:27",
      "Classes": "Eng  100 %"
    },
    {
      "Name": "zel",
      "KPM": 2.3,
      "KD": 1.05,
      "Kills": 23,
      "Death": 22,
      "TKill": 7,
      "Dmg": 5355.0,
      "DPM": 536.0,
      "FlagCap": 0,
      "FlagTake": 0,
      "FlagTime": 0,
      "FlagStop": 3.0,
      "Win": 0,
      "Draw": 0,
      "Loss": 1,
      "TimePlayed": "10:00",
      "Classes": "HwG  100 %"
    }
  ],
  "ClassFragAttack": [
    {
      "Name": "sharky",
      "Sco": 5.0,
      "KPM1": 0.53,
      "Sold": 0,
      "KPM3": null,
      "Demo": 0,
      "KPM4": null,
      "Med": 0,
      "KPM5": null,
      "HwG": 0,
      "KPM6": null,
      "Pyro": 0,
      "KPM7": null,
      "Spy": 0,
      "KPM8": null,
      "Eng": 0,
      "KPM9": null,
      "SG": 0,
      "KPM0": null
    },
    {
      "Name": "slappa",
      "Sco": 0,
      "KPM1": null,
      "Sold": 0,
      "KPM3": null,
      "Demo": 0,
      "KPM4": null,
      "Med": 0,
      "KPM5": null,
      "HwG": 0,
      "KPM6": null,
      "Pyro": 15.0,
      "KPM7": 1.5,
      "Spy": 0,
      "KPM8": null,
      "Eng": 0,
      "KPM9": null,
      "SG": 0,
      "KPM0": null
    },
    {
      "Name": "twi-",
      "Sco": 0,
      "KPM1": null,
      "Sold": 0,
      "KPM3": null,
      "Demo": 0,
      "KPM4": null,
      "Med": 9.0,
      "KPM5": 0.9,
      "HwG": 0,
      "KPM6": null,
      "Pyro": 0,
      "KPM7": null,
      "Spy": 0,
      "KPM8": null,
      "Eng": 0,
      "KPM9": null,
      "SG": 0,
      "KPM0": null
    },
    {
      "Name": "wolverine",
      "Sco": 0,
      "KPM1": null,
      "Sold": 22.0,
      "KPM3": 2.2,
      "Demo": 0,
      "KPM4": null,
      "Med": 0,
      "KPM5": null,
      "HwG": 0,
      "KPM6": null,
      "Pyro": 0,
      "KPM7": null,
      "Spy": 0,
      "KPM8": null,
      "Eng": 0,
      "KPM9": null,
      "SG": 0,
      "KPM0": null
    },
    {
      "Name": "bent",
      "Sco": 0,
      "KPM1": null,
      "Sold": 0,
      "KPM3": null,
      "Demo": 0,
      "KPM4": null,
      "Med": 0,
      "KPM5": null,
      "HwG": 0,
      "KPM6": null,
      "Pyro": 16.0,
      "KPM7": 1.6,
      "Spy": 0,
      "KPM8": null,
      "Eng": 0,
      "KPM9": null,
      "SG": 0,
      "KPM0": null
    },
    {
      "Name": "hz",
      "Sco": 0,
      "KPM1": null,
      "Sold": 0,
      "KPM3": null,
      "Demo": 0,
      "KPM4": null,
      "Med": 12.0,
      "KPM5": 1.97,
      "HwG": 0,
      "KPM6": null,
      "Pyro": 0,
      "KPM7": null,
      "Spy": 0,
      "KPM8": null,
      "Eng": 0,
      "KPM9": null,
      "SG": 0,
      "KPM0": null
    },
    {
      "Name": "kabuto",
      "Sco": 0,
      "KPM1": null,
      "Sold": 0,
      "KPM3": null,
      "Demo": 0,
      "KPM4": null,
      "Med": 0,
      "KPM5": null,
      "HwG": 0,
      "KPM6": null,
      "Pyro": 0,
      "KPM7": null,
      "Spy": 7.0,
      "KPM8": 0.7,
      "Eng": 0,
      "KPM9": null,
      "SG": 0,
      "KPM0": null
    },
    {
      "Name": "zel",
      "Sco": 0,
      "KPM1": null,
      "Sold": 22.0,
      "KPM3": 2.2,
      "Demo": 0,
      "KPM4": null,
      "Med": 0,
      "KPM5": null,
      "HwG": 0,
      "KPM6": null,
      "Pyro": 0,
      "KPM7": null,
      "Spy": 0,
      "KPM8": null,
      "Eng": 0,
      "KPM9": null,
      "SG": 0,
      "KPM0": null
    }
  ],
  "ClassFragDefence": [
    {
      "Name": "sharky",
      "Sco": 0,
      "KPM1": null,
      "Sold": 0,
      "KPM3": null,
      "Demo": 0,
      "KPM4": null,
      "Med": 0,
      "KPM5": null,
      "HwG": 0,
      "KPM6": null,
      "Pyro": 0,
      "KPM7": null,
      "Spy": 0,
      "KPM8": null,
      "Eng": 12.0,
      "KPM9": 1.2,
      "SG": 10.0,
      "KPM0": 1.0
    },
    {
      "Name": "slappa",
      "Sco": 0,
      "KPM1": null,
      "Sold": 0,
      "KPM3": null,
      "Demo": 0,
      "KPM4": null,
      "Med": 0,
      "KPM5": null,
      "HwG": 0,
      "KPM6": null,
      "Pyro": 12.0,
      "KPM7": 1.2,
      "Spy": 0,
      "KPM8": null,
      "Eng": 0,
      "KPM9": null,
      "SG": 0,
      "KPM0": null
    },
    {
      "Name": "twi-",
      "Sco": 0,
      "KPM1": null,
      "Sold": 0,
      "KPM3": null,
      "Demo": 30.0,
      "KPM4": 3.0,
      "Med": 0,
      "KPM5": null,
      "HwG": 0,
      "KPM6": null,
      "Pyro": 0,
      "KPM7": null,
      "Spy": 0,
      "KPM8": null,
      "Eng": 0,
      "KPM9": null,
      "SG": 0,
      "KPM0": null
    },
    {
      "Name": "wolverine",
      "Sco": 0,
      "KPM1": null,
      "Sold": 33.0,
      "KPM3": 3.3,
      "Demo": 0,
      "KPM4": null,
      "Med": 0,
      "KPM5": null,
      "HwG": 0,
      "KPM6": null,
      "Pyro": 0,
      "KPM7": null,
      "Spy": 0,
      "KPM8": null,
      "Eng": 0,
      "KPM9": null,
      "SG": 0,
      "KPM0": null
    },
    {
      "Name": "bent",
      "Sco": 0,
      "KPM1": null,
      "Sold": 18.0,
      "KPM3": 1.8,
      "Demo": 0,
      "KPM4": null,
      "Med": 0,
      "KPM5": null,
      "HwG": 0,
      "KPM6": null,
      "Pyro": 0,
      "KPM7": null,
      "Spy": 0,
      "KPM8": null,
      "Eng": 0,
      "KPM9": null,
      "SG": 0,
      "KPM0": null
    },
    {
      "Name": "hz",
      "Sco": 0,
      "KPM1": null,
      "Sold": 0,
      "KPM3": null,
      "Demo": 29.0,
      "KPM4": 2.9,
      "Med": 0,
      "KPM5": null,
      "HwG": 0,
      "KPM6": null,
      "Pyro": 0,
      "KPM7": null,
      "Spy": 0,
      "KPM8": null,
      "Eng": 0,
      "KPM9": null,
      "SG": 0,
      "KPM0": null
    },
    {
      "Name": "kabuto",
      "Sco": 0,
      "KPM1": null,
      "Sold": 0,
      "KPM3": null,
      "Demo": 0,
      "KPM4": null,
      "Med": 0,
      "KPM5": null,
      "HwG": 0,
      "KPM6": null,
      "Pyro": 0,
      "KPM7": null,
      "Spy": 0,
      "KPM8": null,
      "Eng": 8.0,
      "KPM9": 0.85,
      "SG": 13.0,
      "KPM0": 1.38
    },
    {
      "Name": "zel",
      "Sco": 0,
      "KPM1": null,
      "Sold": 0,
      "KPM3": null,
      "Demo": 0,
      "KPM4": null,
      "Med": 0,
      "KPM5": null,
      "HwG": 23.0,
      "KPM6": 2.3,
      "Pyro": 0,
      "KPM7": null,
      "Spy": 0,
      "KPM8": null,
      "Eng": 0,
      "KPM9": null,
      "SG": 0,
      "KPM0": null
    }
  ],
  "ClassTimeAttack": [
    {
      "Name": "sharky",
      "Sco": 565,
      "Sold": 0,
      "Demo": 0,
      "Med": 0,
      "HwG": 0,
      "Pyro": 0,
      "Spy": 0,
      "Eng": 0
    },
    {
      "Name": "slappa",
      "Sco": 0,
      "Sold": 0,
      "Demo": 0,
      "Med": 0,
      "HwG": 0,
      "Pyro": 600,
      "Spy": 0,
      "Eng": 0
    },
    {
      "Name": "twi-",
      "Sco": 0,
      "Sold": 0,
      "Demo": 0,
      "Med": 600,
      "HwG": 0,
      "Pyro": 0,
      "Spy": 0,
      "Eng": 0
    },
    {
      "Name": "wolverine",
      "Sco": 0,
      "Sold": 600,
      "Demo": 0,
      "Med": 0,
      "HwG": 0,
      "Pyro": 0,
      "Spy": 0,
      "Eng": 0
    },
    {
      "Name": "bent",
      "Sco": 0,
      "Sold": 0,
      "Demo": 0,
      "Med": 0,
      "HwG": 0,
      "Pyro": 600,
      "Spy": 0,
      "Eng": 0
    },
    {
      "Name": "hz",
      "Sco": 235,
      "Sold": 0,
      "Demo": 0,
      "Med": 365,
      "HwG": 0,
      "Pyro": 0,
      "Spy": 0,
      "Eng": 0
    },
    {
      "Name": "kabuto",
      "Sco": 0,
      "Sold": 0,
      "Demo": 0,
      "Med": 0,
      "HwG": 0,
      "Pyro": 0,
      "Spy": 600,
      "Eng": 0
    },
    {
      "Name": "zel",
      "Sco": 0,
      "Sold": 600,
      "Demo": 0,
      "Med": 0,
      "HwG": 0,
      "Pyro": 0,
      "Spy": 0,
      "Eng": 0
    }
  ],
  "ClassTimeDefence": [
    {
      "Name": "sharky",
      "Sco": 0,
      "Sold": 0,
      "Demo": 0,
      "Med": 0,
      "HwG": 0,
      "Pyro": 0,
      "Spy": 0,
      "Eng": 600
    },
    {
      "Name": "slappa",
      "Sco": 0,
      "Sold": 0,
      "Demo": 0,
      "Med": 0,
      "HwG": 0,
      "Pyro": 600,
      "Spy": 0,
      "Eng": 0
    },
    {
      "Name": "twi-",
      "Sco": 0,
      "Sold": 0,
      "Demo": 600,
      "Med": 0,
      "HwG": 0,
      "Pyro": 0,
      "Spy": 0,
      "Eng": 0
    },
    {
      "Name": "wolverine",
      "Sco": 0,
      "Sold": 600,
      "Demo": 0,
      "Med": 0,
      "HwG": 0,
      "Pyro": 0,
      "Spy": 0,
      "Eng": 0
    },
    {
      "Name": "bent",
      "Sco": 0,
      "Sold": 600,
      "Demo": 0,
      "Med": 0,
      "HwG": 0,
      "Pyro": 0,
      "Spy": 0,
      "Eng": 0
    },
    {
      "Name": "hz",
      "Sco": 0,
      "Sold": 0,
      "Demo": 600,
      "Med": 0,
      "HwG": 0,
      "Pyro": 0,
      "Spy": 0,
      "Eng": 0
    },
    {
      "Name": "kabuto",
      "Sco": 0,
      "Sold": 0,
      "Demo": 0,
      "Med": 0,
      "HwG": 0,
      "Pyro": 0,
      "Spy": 0,
      "Eng": 567
    },
    {
      "Name": "zel",
      "Sco": 0,
      "Sold": 0,
      "Demo": 0,
      "Med": 0,
      "HwG": 600,
      "Pyro": 0,
      "Spy": 0,
      "Eng": 0
    }
  ]
}
