{
  "Matches": [
    {
      "Match": "sydney/staging/2023-03-31-01-49-39_[poop]",
      "Winner": "Draw",
      "Rating": "0 %",
      "Score1": 0,
      "Team1": "twi-",
      "Score2": 0,
      "Team2": "zel"
    }
  ],
  "SummaryAttack": [
    {
      "Name": "twi-",
      "KPM": 0.1,
      "KD": 0.5,
      "Kills": 1,
      "Death": 2,
      "TKill": 0,
      "Dmg": 364.0,
      "DPM": 36.0,
      "FlagCap": 1,
      "FlagTake": 1,
      "FlagTime": "0:01",
      "FlagStop": 0,
      "Win": 0,
      "Draw": 1,
      "Loss": 0,
      "TimePlayed": "10:00",
      "Classes": "Sold 100 %"
    }
  ],
  "SummaryDefence": [
    {
      "Name": "zel",
      "KPM": 0.1,
      "KD": 0.5,
      "Kills": 1,
      "Death": 2,
      "TKill": 0,
      "Dmg": 384.0,
      "DPM": 38.0,
      "FlagCap": 0,
      "FlagTake": 0,
      "FlagTime": 0,
      "FlagStop": 1,
      "Win": 0,
      "Draw": 1,
      "Loss": 0,
      "TimePlayed": "10:00",
      "Classes": "Sold 100 %"
    }
  ],
  "ClassFragAttack": {
    "Name": "twi-",
    "Sco": 0,
    "KPM1": null,
    "Sold": 1.0,
    "KPM3": 0.1,
    "Demo": 0,
    "KPM4": null,
    "Med": 0,
    "KPM5": null,
    "HwG": 0,
    "KPM6": null,
    "Pyro": 0,
    "KPM7": null,
    "Spy": 0,
    "KPM8": null,
    "Eng": 0,
    "KPM9": null,
    "SG": 0,
    "KPM0": null
  },
  "ClassFragDefence": {
    "Name": "zel",
    "Sco": 0,
    "KPM1": null,
    "Sold": 1.0,
    "KPM3": 0.1,
    "Demo": 0,
    "KPM4": null,
    "Med": 0,
    "KPM5": null,
    "HwG": 0,
    "KPM6": null,
    "Pyro": 0,
    "KPM7": null,
    "Spy": 0,
    "KPM8": null,
    "Eng": 0,
    "KPM9": null,
    "SG": 0,
    "KPM0": null
  },
  "ClassTimeAttack": {
    "Name": "twi-",
    "Sco": 0,
    "Sold": 600,
    "Demo": 0,
    "Med": 0,
    "HwG": 0,
    "Pyro": 0,
    "Spy": 0,
    "Eng": 0
  },
  "ClassTimeDefence": {
    "Name": "zel",
    "Sco": 0,
    "Sold": 600,
    "Demo": 0,
    "Med": 0,
    "HwG": 0,
    "Pyro": 0,
    "Spy": 0,
    "Eng": 0
  }
}
