{
  "Matches": [
    {
      "Match": "sydney/staging/2023-05-15-12-16-59_[ff-destroy3]",
      "Winner": "Team1",
      "Rating": "67 %",
      "Score1": 50,
      "Team1": "hz,iloveiidaqwq,omen,slappa,wolverine",
      "Score2": 20,
      "Team2": "twi-,zel,zenon,zzz"
    }
  ],
  "SummaryAttack": [
    {
      "Name": "hz",
      "KPM": 1.6,
      "KD": 0.57,
      "Kills": 16,
      "Death": 28,
      "TKill": 0,
      "Dmg": 4423.0,
      "DPM": 442.0,
      "FlagCap": 2.0,
      "FlagTake": 13.0,
      "FlagTime": "1:09",
      "FlagStop": 0,
      "Win": 1,
      "Draw": 0,
      "Loss": 0,
      "TimePlayed": "10:00",
      "Classes": "Sold 100 %"
    },
    {
      "Name": "omen",
      "KPM": 2.2,
      "KD": 0.85,
      "Kills": 22,
      "Death": 26,
      "TKill": 3,
      "Dmg": 5508.0,
      "DPM": 551.0,
      "FlagCap": 1,
      "FlagTake": 7.0,
      "FlagTime": "0:16",
      "FlagStop": 0,
      "Win": 1,
      "Draw": 0,
      "Loss": 0,
      "TimePlayed": "10:00",
      "Classes": "Sold 100 %"
    },
    {
      "Name": "slappa",
      "KPM": 1.8,
      "KD": 0.69,
      "Kills": 18,
      "Death": 26,
      "TKill": 4,
      "Dmg": 2287.0,
      "DPM": 229.0,
      "FlagCap": 2.0,
      "FlagTake": 12.0,
      "FlagTime": "1:00",
      "FlagStop": 0,
      "Win": 1,
      "Draw": 0,
      "Loss": 0,
      "TimePlayed": "10:00",
      "Classes": "Sold 100 %"
    },
    {
      "Name": "wolverine",
      "KPM": 2.3,
      "KD": 0.79,
      "Kills": 23,
      "Death": 29,
      "TKill": 1,
      "Dmg": 6363.0,
      "DPM": 636.0,
      "FlagCap": 1.0,
      "FlagTake": 2.0,
      "FlagTime": "0:23",
      "FlagStop": 0,
      "Win": 1,
      "Draw": 0,
      "Loss": 0,
      "TimePlayed": "10:00",
      "Classes": "Sold 95 %|Sco  4 %"
    },
    {
      "Name": "twi-",
      "KPM": 1.0,
      "KD": 0.3,
      "Kills": 10,
      "Death": 33,
      "TKill": 0,
      "Dmg": 2480.0,
      "DPM": 248.0,
      "FlagCap": 1.0,
      "FlagTake": 9.0,
      "FlagTime": "0:28",
      "FlagStop": 0,
      "Win": 0,
      "Draw": 0,
      "Loss": 1,
      "TimePlayed": "10:00",
      "Classes": "Med  100 %"
    },
    {
      "Name": "zel",
      "KPM": 1.2,
      "KD": 0.44,
      "Kills": 12,
      "Death": 27,
      "TKill": 0,
      "Dmg": 4672.0,
      "DPM": 467.0,
      "FlagCap": 1.0,
      "FlagTake": 11.0,
      "FlagTime": "0:37",
      "FlagStop": 0,
      "Win": 0,
      "Draw": 0,
      "Loss": 1,
      "TimePlayed": "10:00",
      "Classes": "Sold 100 %"
    },
    {
      "Name": "zenon",
      "KPM": 0.4,
      "KD": 0.12,
      "Kills": 4,
      "Death": 33,
      "TKill": 3,
      "Dmg": 741.0,
      "DPM": 74.0,
      "FlagCap": 1,
      "FlagTake": 11.0,
      "FlagTime": "0:16",
      "FlagStop": 0,
      "Win": 0,
      "Draw": 0,
      "Loss": 1,
      "TimePlayed": "10:00",
      "Classes": "Spy  100 %"
    },
    {
      "Name": "zzz",
      "KPM": 0.9,
      "KD": 0.38,
      "Kills": 9,
      "Death": 24,
      "TKill": 0,
      "Dmg": 4108.0,
      "DPM": 411.0,
      "FlagCap": 1,
      "FlagTake": 3.0,
      "FlagTime": "0:04",
      "FlagStop": 0,
      "Win": 0,
      "Draw": 0,
      "Loss": 1,
      "TimePlayed": "10:00",
      "Classes": "Sold 100 %"
    }
  ],
  "SummaryDefence": [
    {
      "Name": "hz",
      "KPM": 3.4,
      "KD": 2.12,
      "Kills": 34,
      "Death": 16,
      "TKill": 2,
      "Dmg": 5473.0,
      "DPM": 547.0,
      "FlagCap": 0,
      "FlagTake": 0,
      "FlagTime": 0,
      "FlagStop": 4.0,
      "Win": 1,
      "Draw": 0,
      "Loss": 0,
      "TimePlayed": "10:00",
      "Classes": "HwG  100 %"
    },
    {
      "Name": "iloveiidaqwq",
      "KPM": null,
      "KD": 0.0,
      "Kills": 0,
      "Death": 3,
      "TKill": 0,
      "Dmg": 166.0,
      "DPM": 36.0,
      "FlagCap": 0,
      "FlagTake": 0,
      "FlagTime": 0,
      "FlagStop": 1,
      "Win": 1,
      "Draw": 0,
      "Loss": 0,
      "TimePlayed": "4:37",
      "Classes": "HwG  84 %|Demo 16 %"
    },
    {
      "Name": "omen",
      "KPM": 1.9,
      "KD": 0.86,
      "Kills": 19,
      "Death": 22,
      "TKill": 2,
      "Dmg": 5601.0,
      "DPM": 560.0,
      "FlagCap": 0,
      "FlagTake": 0,
      "FlagTime": 0,
      "FlagStop": 1.0,
      "Win": 1,
      "Draw": 0,
      "Loss": 0,
      "TimePlayed": "10:00",
      "Classes": "Pyro 100 %"
    },
    {
      "Name": "slappa",
      "KPM": 3.2,
      "KD": 1.78,
      "Kills": 32,
      "Death": 18,
      "TKill": 15,
      "Dmg": 5985.0,
      "DPM": 598.0,
      "FlagCap": 0,
      "FlagTake": 0,
      "FlagTime": 0,
      "FlagStop": 5.0,
      "Win": 1,
      "Draw": 0,
      "Loss": 0,
      "TimePlayed": "10:00",
      "Classes": "Demo 100 %"
    },
    {
      "Name": "wolverine",
      "KPM": 2.0,
      "KD": 0.91,
      "Kills": 20,
      "Death": 22,
      "TKill": 3,
      "Dmg": 5013.0,
      "DPM": 501.0,
      "FlagCap": 0,
      "FlagTake": 0,
      "FlagTime": 0,
      "FlagStop": 3.0,
      "Win": 1,
      "Draw": 0,
      "Loss": 0,
      "TimePlayed": "10:00",
      "Classes": "Sold 100 %"
    },
    {
      "Name": "twi-",
      "KPM": 3.8,
      "KD": 1.27,
      "Kills": 38,
      "Death": 30,
      "TKill": 15,
      "Dmg": 7227.0,
      "DPM": 723.0,
      "FlagCap": 0,
      "FlagTake": 0,
      "FlagTime": 0,
      "FlagStop": 9.0,
      "Win": 0,
      "Draw": 0,
      "Loss": 1,
      "TimePlayed": "10:00",
      "Classes": "Demo 100 %"
    },
    {
      "Name": "zel",
      "KPM": 2.7,
      "KD": 1.23,
      "Kills": 27,
      "Death": 22,
      "TKill": 5,
      "Dmg": 6299.0,
      "DPM": 630.0,
      "FlagCap": 0,
      "FlagTake": 0,
      "FlagTime": 0,
      "FlagStop": 2.0,
      "Win": 0,
      "Draw": 0,
      "Loss": 1,
      "TimePlayed": "10:00",
      "Classes": "HwG  100 %"
    },
    {
      "Name": "zenon",
      "KPM": 1.3,
      "KD": 0.5,
      "Kills": 13,
      "Death": 26,
      "TKill": 3,
      "Dmg": 4699.0,
      "DPM": 470.0,
      "FlagCap": 0,
      "FlagTake": 0,
      "FlagTime": 0,
      "FlagStop": 1.0,
      "Win": 0,
      "Draw": 0,
      "Loss": 1,
      "TimePlayed": "10:00",
      "Classes": "Eng  100 %"
    },
    {
      "Name": "zzz",
      "KPM": 1.4,
      "KD": 0.48,
      "Kills": 14,
      "Death": 29,
      "TKill": 2,
      "Dmg": 4744.0,
      "DPM": 474.0,
      "FlagCap": 0,
      "FlagTake": 0,
      "FlagTime": 0,
      "FlagStop": 1.0,
      "Win": 0,
      "Draw": 0,
      "Loss": 1,
      "TimePlayed": "10:00",
      "Classes": "Sold 100 %"
    }
  ],
  "ClassFragAttack": [
    {
      "Name": "hz",
      "Sco": 0,
      "KPM1": null,
      "Sold": 16.0,
      "KPM3": 1.6,
      "Demo": 0,
      "KPM4": null,
      "Med": 0,
      "KPM5": null,
      "HwG": 0,
      "KPM6": null,
      "Pyro": 0,
      "KPM7": null,
      "Spy": 0,
      "KPM8": null,
      "Eng": 0,
      "KPM9": null,
      "SG": 0,
      "KPM0": null
    },
    {
      "Name": "omen",
      "Sco": 0,
      "KPM1": null,
      "Sold": 22.0,
      "KPM3": 2.2,
      "Demo": 0,
      "KPM4": null,
      "Med": 0,
      "KPM5": null,
      "HwG": 0,
      "KPM6": null,
      "Pyro": 0,
      "KPM7": null,
      "Spy": 0,
      "KPM8": null,
      "Eng": 0,
      "KPM9": null,
      "SG": 0,
      "KPM0": null
    },
    {
      "Name": "slappa",
      "Sco": 0,
      "KPM1": null,
      "Sold": 18.0,
      "KPM3": 1.8,
      "Demo": 0,
      "KPM4": null,
      "Med": 0,
      "KPM5": null,
      "HwG": 0,
      "KPM6": null,
      "Pyro": 0,
      "KPM7": null,
      "Spy": 0,
      "KPM8": null,
      "Eng": 0,
      "KPM9": null,
      "SG": 0,
      "KPM0": null
    },
    {
      "Name": "wolverine",
      "Sco": 0,
      "KPM1": null,
      "Sold": 23.0,
      "KPM3": 2.41,
      "Demo": 0,
      "KPM4": null,
      "Med": 0,
      "KPM5": null,
      "HwG": 0,
      "KPM6": null,
      "Pyro": 0,
      "KPM7": null,
      "Spy": 0,
      "KPM8": null,
      "Eng": 0,
      "KPM9": null,
      "SG": 0,
      "KPM0": null
    },
    {
      "Name": "twi-",
      "Sco": 0,
      "KPM1": null,
      "Sold": 0,
      "KPM3": null,
      "Demo": 0,
      "KPM4": null,
      "Med": 10.0,
      "KPM5": 1.0,
      "HwG": 0,
      "KPM6": null,
      "Pyro": 0,
      "KPM7": null,
      "Spy": 0,
      "KPM8": null,
      "Eng": 0,
      "KPM9": null,
      "SG": 0,
      "KPM0": null
    },
    {
      "Name": "zel",
      "Sco": 0,
      "KPM1": null,
      "Sold": 12.0,
      "KPM3": 1.2,
      "Demo": 0,
      "KPM4": null,
      "Med": 0,
      "KPM5": null,
      "HwG": 0,
      "KPM6": null,
      "Pyro": 0,
      "KPM7": null,
      "Spy": 0,
      "KPM8": null,
      "Eng": 0,
      "KPM9": null,
      "SG": 0,
      "KPM0": null
    },
    {
      "Name": "zenon",
      "Sco": 0,
      "KPM1": null,
      "Sold": 0,
      "KPM3": null,
      "Demo": 0,
      "KPM4": null,
      "Med": 0,
      "KPM5": null,
      "HwG": 0,
      "KPM6": null,
      "Pyro": 0,
      "KPM7": null,
      "Spy": 4.0,
      "KPM8": 0.4,
      "Eng": 0,
      "KPM9": null,
      "SG": 0,
      "KPM0": null
    },
    {
      "Name": "zzz",
      "Sco": 0,
      "KPM1": null,
      "Sold": 9.0,
      "KPM3": 0.9,
      "Demo": 0,
      "KPM4": null,
      "Med": 0,
      "KPM5": null,
      "HwG": 0,
      "KPM6": null,
      "Pyro": 0,
      "KPM7": null,
      "Spy": 0,
      "KPM8": null,
      "Eng": 0,
      "KPM9": null,
      "SG": 0,
      "KPM0": null
    }
  ],
  "ClassFragDefence": [
    {
      "Name": "hz",
      "Sco": 0,
      "KPM1": null,
      "Sold": 0,
      "KPM3": null,
      "Demo": 0,
      "KPM4": null,
      "Med": 0,
      "KPM5": null,
      "HwG": 34.0,
      "KPM6": 3.4,
      "Pyro": 0,
      "KPM7": null,
      "Spy": 0,
      "KPM8": null,
      "Eng": 0,
      "KPM9": null,
      "SG": 0,
      "KPM0": null
    },
    {
      "Name": "omen",
      "Sco": 0,
      "KPM1": null,
      "Sold": 0,
      "KPM3": null,
      "Demo": 0,
      "KPM4": null,
      "Med": 0,
      "KPM5": null,
      "HwG": 0,
      "KPM6": null,
      "Pyro": 19.0,
      "KPM7": 1.9,
      "Spy": 0,
      "KPM8": null,
      "Eng": 0,
      "KPM9": null,
      "SG": 0,
      "KPM0": null
    },
    {
      "Name": "slappa",
      "Sco": 0,
      "KPM1": null,
      "Sold": 0,
      "KPM3": null,
      "Demo": 32.0,
      "KPM4": 3.2,
      "Med": 0,
      "KPM5": null,
      "HwG": 0,
      "KPM6": null,
      "Pyro": 0,
      "KPM7": null,
      "Spy": 0,
      "KPM8": null,
      "Eng": 0,
      "KPM9": null,
      "SG": 0,
      "KPM0": null
    },
    {
      "Name": "wolverine",
      "Sco": 0,
      "KPM1": null,
      "Sold": 20.0,
      "KPM3": 2.0,
      "Demo": 0,
      "KPM4": null,
      "Med": 0,
      "KPM5": null,
      "HwG": 0,
      "KPM6": null,
      "Pyro": 0,
      "KPM7": null,
      "Spy": 0,
      "KPM8": null,
      "Eng": 0,
      "KPM9": null,
      "SG": 0,
      "KPM0": null
    },
    {
      "Name": "twi-",
      "Sco": 0,
      "KPM1": null,
      "Sold": 0,
      "KPM3": null,
      "Demo": 38.0,
      "KPM4": 3.8,
      "Med": 0,
      "KPM5": null,
      "HwG": 0,
      "KPM6": null,
      "Pyro": 0,
      "KPM7": null,
      "Spy": 0,
      "KPM8": null,
      "Eng": 0,
      "KPM9": null,
      "SG": 0,
      "KPM0": null
    },
    {
      "Name": "zel",
      "Sco": 0,
      "KPM1": null,
      "Sold": 0,
      "KPM3": null,
      "Demo": 0,
      "KPM4": null,
      "Med": 0,
      "KPM5": null,
      "HwG": 27.0,
      "KPM6": 2.7,
      "Pyro": 0,
      "KPM7": null,
      "Spy": 0,
      "KPM8": null,
      "Eng": 0,
      "KPM9": null,
      "SG": 0,
      "KPM0": null
    },
    {
      "Name": "zenon",
      "Sco": 0,
      "KPM1": null,
      "Sold": 0,
      "KPM3": null,
      "Demo": 0,
      "KPM4": null,
      "Med": 0,
      "KPM5": null,
      "HwG": 0,
      "KPM6": null,
      "Pyro": 0,
      "KPM7": null,
      "Spy": 0,
      "KPM8": null,
      "Eng": 9.0,
      "KPM9": 0.9,
      "SG": 4.0,
      "KPM0": 0.4
    },
    {
      "Name": "zzz",
      "Sco": 0,
      "KPM1": null,
      "Sold": 14.0,
      "KPM3": 1.4,
      "Demo": 0,
      "KPM4": null,
      "Med": 0,
      "KPM5": null,
      "HwG": 0,
      "KPM6": null,
      "Pyro": 0,
      "KPM7": null,
      "Spy": 0,
      "KPM8": null,
      "Eng": 0,
      "KPM9": null,
      "SG": 0,
      "KPM0": null
    }
  ],
  "ClassTimeAttack": [
    {
      "Name": "hz",
      "Sco": 0,
      "Sold": 600,
      "Demo": 0,
      "Med": 0,
      "HwG": 0,
      "Pyro": 0,
      "Spy": 0,
      "Eng": 0
    },
    {
      "Name": "omen",
      "Sco": 0,
      "Sold": 600,
      "Demo": 0,
      "Med": 0,
      "HwG": 0,
      "Pyro": 0,
      "Spy": 0,
      "Eng": 0
    },
    {
      "Name": "slappa",
      "Sco": 0,
      "Sold": 600,
      "Demo": 0,
      "Med": 0,
      "HwG": 0,
      "Pyro": 0,
      "Spy": 0,
      "Eng": 0
    },
    {
      "Name": "wolverine",
      "Sco": 27,
      "Sold": 573,
      "Demo": 0,
      "Med": 0,
      "HwG": 0,
      "Pyro": 0,
      "Spy": 0,
      "Eng": 0
    },
    {
      "Name": "twi-",
      "Sco": 0,
      "Sold": 0,
      "Demo": 0,
      "Med": 600,
      "HwG": 0,
      "Pyro": 0,
      "Spy": 0,
      "Eng": 0
    },
    {
      "Name": "zel",
      "Sco": 0,
      "Sold": 600,
      "Demo": 0,
      "Med": 0,
      "HwG": 0,
      "Pyro": 0,
      "Spy": 0,
      "Eng": 0
    },
    {
      "Name": "zenon",
      "Sco": 0,
      "Sold": 0,
      "Demo": 0,
      "Med": 0,
      "HwG": 0,
      "Pyro": 0,
      "Spy": 600,
      "Eng": 0
    },
    {
      "Name": "zzz",
      "Sco": 0,
      "Sold": 600,
      "Demo": 0,
      "Med": 0,
      "HwG": 0,
      "Pyro": 0,
      "Spy": 0,
      "Eng": 0
    }
  ],
  "ClassTimeDefence": [
    {
      "Name": "hz",
      "Sco": 0,
      "Sold": 0,
      "Demo": 0,
      "Med": 0,
      "HwG": 600,
      "Pyro": 0,
      "Spy": 0,
      "Eng": 0
    },
    {
      "Name": "iloveiidaqwq",
      "Sco": 0,
      "Sold": 0,
      "Demo": 44,
      "Med": 0,
      "HwG": 233,
      "Pyro": 0,
      "Spy": 0,
      "Eng": 0
    },
    {
      "Name": "omen",
      "Sco": 0,
      "Sold": 0,
      "Demo": 0,
      "Med": 0,
      "HwG": 0,
      "Pyro": 600,
      "Spy": 0,
      "Eng": 0
    },
    {
      "Name": "slappa",
      "Sco": 0,
      "Sold": 0,
      "Demo": 600,
      "Med": 0,
      "HwG": 0,
      "Pyro": 0,
      "Spy": 0,
      "Eng": 0
    },
    {
      "Name": "wolverine",
      "Sco": 0,
      "Sold": 600,
      "Demo": 0,
      "Med": 0,
      "HwG": 0,
      "Pyro": 0,
      "Spy": 0,
      "Eng": 0
    },
    {
      "Name": "twi-",
      "Sco": 0,
      "Sold": 0,
      "Demo": 600,
      "Med": 0,
      "HwG": 0,
      "Pyro": 0,
      "Spy": 0,
      "Eng": 0
    },
    {
      "Name": "zel",
      "Sco": 0,
      "Sold": 0,
      "Demo": 0,
      "Med": 0,
      "HwG": 600,
      "Pyro": 0,
      "Spy": 0,
      "Eng": 0
    },
    {
      "Name": "zenon",
      "Sco": 0,
      "Sold": 0,
      "Demo": 0,
      "Med": 0,
      "HwG": 0,
      "Pyro": 0,
      "Spy": 0,
      "Eng": 600
    },
    {
      "Name": "zzz",
      "Sco": 0,
      "Sold": 600,
      "Demo": 0,
      "Med": 0,
      "HwG": 0,
      "Pyro": 0,
      "Spy": 0,
      "Eng": 0
    }
  ]
}
