{
  "Matches": [
    {
      "Match": "sydney/staging/2023-08-02-11-06-46_[turtler]",
      "Winner": "Team2",
      "Rating": "41 %",
      "Score1": 10,
      "Team1": "angrybrazil,dtfdrakin,dtfdrakoff,dtfdrakon,dtfdrakout",
      "Score2": 20,
      "Team2": "ae,alchz,ku,zel"
    }
  ],
  "SummaryAttack": [
    {
      "Name": "angrybrazil",
      "KPM": 1.3,
      "KD": 0.62,
      "Kills": 13,
      "Death": 21,
      "TKill": 0,
      "Dmg": 2602.0,
      "DPM": 260.0,
      "FlagCap": 1,
      "FlagTake": 2.0,
      "FlagTime": "0:06",
      "FlagStop": 0,
      "Win": 0,
      "Draw": 0,
      "Loss": 1,
      "TimePlayed": "10:00",
      "Classes": "Med  59 %|Sco  41 %"
    },
    {
      "Name": "dtfdrakin",
      "KPM": 1.2,
      "KD": 0.44,
      "Kills": 12,
      "Death": 27,
      "TKill": 0,
      "Dmg": 4171.0,
      "DPM": 417.0,
      "FlagCap": 1,
      "FlagTake": 2.0,
      "FlagTime": "0:07",
      "FlagStop": 0,
      "Win": 0,
      "Draw": 0,
      "Loss": 1,
      "TimePlayed": "10:00",
      "Classes": "Sold 50 %|Sco  50 %"
    },
    {
      "Name": "dtfdrakoff",
      "KPM": 1.4,
      "KD": 0.82,
      "Kills": 14,
      "Death": 17,
      "TKill": 1,
      "Dmg": 2631.0,
      "DPM": 263.0,
      "FlagCap": 1.0,
      "FlagTake": 5.0,
      "FlagTime": "0:33",
      "FlagStop": 0,
      "Win": 0,
      "Draw": 0,
      "Loss": 1,
      "TimePlayed": "10:00",
      "Classes": "Spy  73 %|Sold 27 %"
    },
    {
      "Name": "dtfdrakon",
      "KPM": 2.97,
      "KD": 1.67,
      "Kills": 5,
      "Death": 3,
      "TKill": 0,
      "Dmg": 516.0,
      "DPM": 307.0,
      "FlagCap": 1,
      "FlagTake": 1.0,
      "FlagTime": "0:01",
      "FlagStop": 0,
      "Win": 1,
      "Draw": 0,
      "Loss": 0,
      "TimePlayed": "1:41",
      "Classes": "Spy  100 %"
    },
    {
      "Name": "dtfdrakout",
      "KPM": 1.3,
      "KD": 0.46,
      "Kills": 13,
      "Death": 28,
      "TKill": 3,
      "Dmg": 4912.0,
      "DPM": 491.0,
      "FlagCap": 1,
      "FlagTake": 1.0,
      "FlagTime": "0:01",
      "FlagStop": 0,
      "Win": 0,
      "Draw": 0,
      "Loss": 1,
      "TimePlayed": "10:00",
      "Classes": "Pyro 100 %"
    },
    {
      "Name": "ae",
      "KPM": 3.38,
      "KD": 1.43,
      "Kills": 20,
      "Death": 14,
      "TKill": 0,
      "Dmg": 3490.0,
      "DPM": 590.0,
      "FlagCap": 1.0,
      "FlagTake": 3.0,
      "FlagTime": "0:20",
      "FlagStop": 0,
      "Win": 1,
      "Draw": 0,
      "Loss": 0,
      "TimePlayed": "5:55",
      "Classes": "Sold 100 %"
    },
    {
      "Name": "alchz",
      "KPM": 0.34,
      "KD": 0.11,
      "Kills": 2,
      "Death": 18,
      "TKill": 0,
      "Dmg": 226.0,
      "DPM": 38.0,
      "FlagCap": 1.0,
      "FlagTake": 5.0,
      "FlagTime": "0:38",
      "FlagStop": 0,
      "Win": 1,
      "Draw": 0,
      "Loss": 0,
      "TimePlayed": "5:55",
      "Classes": "Sco  100 %"
    },
    {
      "Name": "ku",
      "KPM": 1.69,
      "KD": 0.53,
      "Kills": 10,
      "Death": 19,
      "TKill": 1,
      "Dmg": 2269.0,
      "DPM": 383.0,
      "FlagCap": 1,
      "FlagTake": 1.0,
      "FlagTime": "0:01",
      "FlagStop": 0,
      "Win": 1,
      "Draw": 0,
      "Loss": 0,
      "TimePlayed": "5:55",
      "Classes": "Pyro 100 %"
    },
    {
      "Name": "zel",
      "KPM": 1.35,
      "KD": 0.62,
      "Kills": 8,
      "Death": 13,
      "TKill": 0,
      "Dmg": 1982.0,
      "DPM": 335.0,
      "FlagCap": 1,
      "FlagTake": 4.0,
      "FlagTime": "0:06",
      "FlagStop": 0,
      "Win": 1,
      "Draw": 0,
      "Loss": 0,
      "TimePlayed": "5:55",
      "Classes": "Spy  100 %"
    }
  ],
  "SummaryDefence": [
    {
      "Name": "angrybrazil",
      "KPM": 2.2,
      "KD": 1.18,
      "Kills": 13,
      "Death": 11,
      "TKill": 6,
      "Dmg": 2268.0,
      "DPM": 383.0,
      "FlagCap": 0,
      "FlagTake": 0,
      "FlagTime": 0,
      "FlagStop": 3.0,
      "Win": 0,
      "Draw": 0,
      "Loss": 1,
      "TimePlayed": "5:55",
      "Classes": "Demo 100 %"
    },
    {
      "Name": "dtfdrakin",
      "KPM": 3.55,
      "KD": 1.5,
      "Kills": 21,
      "Death": 14,
      "TKill": 4,
      "Dmg": 4662.0,
      "DPM": 788.0,
      "FlagCap": 0,
      "FlagTake": 0,
      "FlagTime": 0,
      "FlagStop": 3.0,
      "Win": 0,
      "Draw": 0,
      "Loss": 1,
      "TimePlayed": "5:55",
      "Classes": "Eng  100 %"
    },
    {
      "Name": "dtfdrakoff",
      "KPM": 1.52,
      "KD": 1.12,
      "Kills": 9,
      "Death": 8,
      "TKill": 0,
      "Dmg": 2702.0,
      "DPM": 457.0,
      "FlagCap": 0,
      "FlagTake": 0,
      "FlagTime": 0,
      "FlagStop": 1.0,
      "Win": 0,
      "Draw": 0,
      "Loss": 1,
      "TimePlayed": "5:55",
      "Classes": "Sold 100 %"
    },
    {
      "Name": "dtfdrakout",
      "KPM": 2.03,
      "KD": 1.2,
      "Kills": 12,
      "Death": 10,
      "TKill": 2,
      "Dmg": 3134.0,
      "DPM": 530.0,
      "FlagCap": 0,
      "FlagTake": 0,
      "FlagTime": 0,
      "FlagStop": 1,
      "Win": 0,
      "Draw": 0,
      "Loss": 1,
      "TimePlayed": "5:55",
      "Classes": "HwG  100 %"
    },
    {
      "Name": "ae",
      "KPM": 2.3,
      "KD": 1.44,
      "Kills": 23,
      "Death": 16,
      "TKill": 11,
      "Dmg": 4181.0,
      "DPM": 418.0,
      "FlagCap": 0,
      "FlagTake": 0,
      "FlagTime": 0,
      "FlagStop": 2.0,
      "Win": 1,
      "Draw": 0,
      "Loss": 0,
      "TimePlayed": "10:00",
      "Classes": "Demo 100 %"
    },
    {
      "Name": "alchz",
      "KPM": 2.5,
      "KD": 1.09,
      "Kills": 25,
      "Death": 23,
      "TKill": 5,
      "Dmg": 4400.0,
      "DPM": 440.0,
      "FlagCap": 0,
      "FlagTake": 0,
      "FlagTime": 0,
      "FlagStop": 2.0,
      "Win": 1,
      "Draw": 0,
      "Loss": 0,
      "TimePlayed": "10:00",
      "Classes": "Eng  100 %"
    },
    {
      "Name": "ku",
      "KPM": 1.9,
      "KD": 0.79,
      "Kills": 19,
      "Death": 24,
      "TKill": 4,
      "Dmg": 5313.0,
      "DPM": 531.0,
      "FlagCap": 0,
      "FlagTake": 0,
      "FlagTime": 0,
      "FlagStop": 1.0,
      "Win": 1,
      "Draw": 0,
      "Loss": 0,
      "TimePlayed": "10:00",
      "Classes": "HwG  100 %"
    },
    {
      "Name": "zel",
      "KPM": 1.2,
      "KD": 0.75,
      "Kills": 12,
      "Death": 16,
      "TKill": 5,
      "Dmg": 3965.0,
      "DPM": 396.0,
      "FlagCap": 0,
      "FlagTake": 0,
      "FlagTime": 0,
      "FlagStop": 1,
      "Win": 1,
      "Draw": 0,
      "Loss": 0,
      "TimePlayed": "10:00",
      "Classes": "Sold 100 %"
    }
  ],
  "ClassFragAttack": [
    {
      "Name": "angrybrazil",
      "Sco": 1.0,
      "KPM1": 0.25,
      "Sold": 0,
      "KPM3": null,
      "Demo": 0,
      "KPM4": null,
      "Med": 12.0,
      "KPM5": 2.02,
      "HwG": 0,
      "KPM6": null,
      "Pyro": 0,
      "KPM7": null,
      "Spy": 0,
      "KPM8": null,
      "Eng": 0,
      "KPM9": null,
      "SG": 0,
      "KPM0": null
    },
    {
      "Name": "dtfdrakin",
      "Sco": 1.0,
      "KPM1": 0.2,
      "Sold": 11.0,
      "KPM3": 2.19,
      "Demo": 0,
      "KPM4": null,
      "Med": 0,
      "KPM5": null,
      "HwG": 0,
      "KPM6": null,
      "Pyro": 0,
      "KPM7": null,
      "Spy": 0,
      "KPM8": null,
      "Eng": 0,
      "KPM9": null,
      "SG": 0,
      "KPM0": null
    },
    {
      "Name": "dtfdrakoff",
      "Sco": 0,
      "KPM1": null,
      "Sold": 0,
      "KPM3": null,
      "Demo": 0,
      "KPM4": null,
      "Med": 0,
      "KPM5": null,
      "HwG": 0,
      "KPM6": null,
      "Pyro": 0,
      "KPM7": null,
      "Spy": 14.0,
      "KPM8": 1.92,
      "Eng": 0,
      "KPM9": null,
      "SG": 0,
      "KPM0": null
    },
    {
      "Name": "dtfdrakon",
      "Sco": 0,
      "KPM1": null,
      "Sold": 0,
      "KPM3": null,
      "Demo": 0,
      "KPM4": null,
      "Med": 0,
      "KPM5": null,
      "HwG": 0,
      "KPM6": null,
      "Pyro": 0,
      "KPM7": null,
      "Spy": 5.0,
      "KPM8": 2.97,
      "Eng": 0,
      "KPM9": null,
      "SG": 0,
      "KPM0": null
    },
    {
      "Name": "dtfdrakout",
      "Sco": 0,
      "KPM1": null,
      "Sold": 0,
      "KPM3": null,
      "Demo": 0,
      "KPM4": null,
      "Med": 0,
      "KPM5": null,
      "HwG": 0,
      "KPM6": null,
      "Pyro": 13.0,
      "KPM7": 1.3,
      "Spy": 0,
      "KPM8": null,
      "Eng": 0,
      "KPM9": null,
      "SG": 0,
      "KPM0": null
    },
    {
      "Name": "ae",
      "Sco": 0,
      "KPM1": null,
      "Sold": 20.0,
      "KPM3": 3.38,
      "Demo": 0,
      "KPM4": null,
      "Med": 0,
      "KPM5": null,
      "HwG": 0,
      "KPM6": null,
      "Pyro": 0,
      "KPM7": null,
      "Spy": 0,
      "KPM8": null,
      "Eng": 0,
      "KPM9": null,
      "SG": 0,
      "KPM0": null
    },
    {
      "Name": "alchz",
      "Sco": 2.0,
      "KPM1": 0.34,
      "Sold": 0,
      "KPM3": null,
      "Demo": 0,
      "KPM4": null,
      "Med": 0,
      "KPM5": null,
      "HwG": 0,
      "KPM6": null,
      "Pyro": 0,
      "KPM7": null,
      "Spy": 0,
      "KPM8": null,
      "Eng": 0,
      "KPM9": null,
      "SG": 0,
      "KPM0": null
    },
    {
      "Name": "ku",
      "Sco": 0,
      "KPM1": null,
      "Sold": 0,
      "KPM3": null,
      "Demo": 0,
      "KPM4": null,
      "Med": 0,
      "KPM5": null,
      "HwG": 0,
      "KPM6": null,
      "Pyro": 10.0,
      "KPM7": 1.69,
      "Spy": 0,
      "KPM8": null,
      "Eng": 0,
      "KPM9": null,
      "SG": 0,
      "KPM0": null
    },
    {
      "Name": "zel",
      "Sco": 0,
      "KPM1": null,
      "Sold": 0,
      "KPM3": null,
      "Demo": 0,
      "KPM4": null,
      "Med": 0,
      "KPM5": null,
      "HwG": 0,
      "KPM6": null,
      "Pyro": 0,
      "KPM7": null,
      "Spy": 8.0,
      "KPM8": 1.35,
      "Eng": 0,
      "KPM9": null,
      "SG": 0,
      "KPM0": null
    }
  ],
  "ClassFragDefence": [
    {
      "Name": "angrybrazil",
      "Sco": 0,
      "KPM1": null,
      "Sold": 0,
      "KPM3": null,
      "Demo": 13.0,
      "KPM4": 2.2,
      "Med": 0,
      "KPM5": null,
      "HwG": 0,
      "KPM6": null,
      "Pyro": 0,
      "KPM7": null,
      "Spy": 0,
      "KPM8": null,
      "Eng": 0,
      "KPM9": null,
      "SG": 0,
      "KPM0": null
    },
    {
      "Name": "dtfdrakin",
      "Sco": 0,
      "KPM1": null,
      "Sold": 0,
      "KPM3": null,
      "Demo": 0,
      "KPM4": null,
      "Med": 0,
      "KPM5": null,
      "HwG": 0,
      "KPM6": null,
      "Pyro": 0,
      "KPM7": null,
      "Spy": 0,
      "KPM8": null,
      "Eng": 16.0,
      "KPM9": 2.7,
      "SG": 5.0,
      "KPM0": 0.85
    },
    {
      "Name": "dtfdrakoff",
      "Sco": 0,
      "KPM1": null,
      "Sold": 9.0,
      "KPM3": 1.52,
      "Demo": 0,
      "KPM4": null,
      "Med": 0,
      "KPM5": null,
      "HwG": 0,
      "KPM6": null,
      "Pyro": 0,
      "KPM7": null,
      "Spy": 0,
      "KPM8": null,
      "Eng": 0,
      "KPM9": null,
      "SG": 0,
      "KPM0": null
    },
    {
      "Name": "dtfdrakout",
      "Sco": 0,
      "KPM1": null,
      "Sold": 0,
      "KPM3": null,
      "Demo": 0,
      "KPM4": null,
      "Med": 0,
      "KPM5": null,
      "HwG": 12.0,
      "KPM6": 2.03,
      "Pyro": 0,
      "KPM7": null,
      "Spy": 0,
      "KPM8": null,
      "Eng": 0,
      "KPM9": null,
      "SG": 0,
      "KPM0": null
    },
    {
      "Name": "ae",
      "Sco": 0,
      "KPM1": null,
      "Sold": 0,
      "KPM3": null,
      "Demo": 23.0,
      "KPM4": 2.3,
      "Med": 0,
      "KPM5": null,
      "HwG": 0,
      "KPM6": null,
      "Pyro": 0,
      "KPM7": null,
      "Spy": 0,
      "KPM8": null,
      "Eng": 0,
      "KPM9": null,
      "SG": 0,
      "KPM0": null
    },
    {
      "Name": "alchz",
      "Sco": 0,
      "KPM1": null,
      "Sold": 0,
      "KPM3": null,
      "Demo": 0,
      "KPM4": null,
      "Med": 0,
      "KPM5": null,
      "HwG": 0,
      "KPM6": null,
      "Pyro": 0,
      "KPM7": null,
      "Spy": 0,
      "KPM8": null,
      "Eng": 16.0,
      "KPM9": 1.6,
      "SG": 9.0,
      "KPM0": 0.9
    },
    {
      "Name": "ku",
      "Sco": 0,
      "KPM1": null,
      "Sold": 0,
      "KPM3": null,
      "Demo": 0,
      "KPM4": null,
      "Med": 0,
      "KPM5": null,
      "HwG": 19.0,
      "KPM6": 1.9,
      "Pyro": 0,
      "KPM7": null,
      "Spy": 0,
      "KPM8": null,
      "Eng": 0,
      "KPM9": null,
      "SG": 0,
      "KPM0": null
    },
    {
      "Name": "zel",
      "Sco": 0,
      "KPM1": null,
      "Sold": 12.0,
      "KPM3": 1.2,
      "Demo": 0,
      "KPM4": null,
      "Med": 0,
      "KPM5": null,
      "HwG": 0,
      "KPM6": null,
      "Pyro": 0,
      "KPM7": null,
      "Spy": 0,
      "KPM8": null,
      "Eng": 0,
      "KPM9": null,
      "SG": 0,
      "KPM0": null
    }
  ],
  "ClassTimeAttack": [
    {
      "Name": "angrybrazil",
      "Sco": 243,
      "Sold": 0,
      "Demo": 0,
      "Med": 357,
      "HwG": 0,
      "Pyro": 0,
      "Spy": 0,
      "Eng": 0
    },
    {
      "Name": "dtfdrakin",
      "Sco": 298,
      "Sold": 302,
      "Demo": 0,
      "Med": 0,
      "HwG": 0,
      "Pyro": 0,
      "Spy": 0,
      "Eng": 0
    },
    {
      "Name": "dtfdrakoff",
      "Sco": 0,
      "Sold": 162,
      "Demo": 0,
      "Med": 0,
      "HwG": 0,
      "Pyro": 0,
      "Spy": 438,
      "Eng": 0
    },
    {
      "Name": "dtfdrakon",
      "Sco": 0,
      "Sold": 0,
      "Demo": 0,
      "Med": 0,
      "HwG": 0,
      "Pyro": 0,
      "Spy": 101,
      "Eng": 0
    },
    {
      "Name": "dtfdrakout",
      "Sco": 0,
      "Sold": 0,
      "Demo": 0,
      "Med": 0,
      "HwG": 0,
      "Pyro": 600,
      "Spy": 0,
      "Eng": 0
    },
    {
      "Name": "ae",
      "Sco": 0,
      "Sold": 355,
      "Demo": 0,
      "Med": 0,
      "HwG": 0,
      "Pyro": 0,
      "Spy": 0,
      "Eng": 0
    },
    {
      "Name": "alchz",
      "Sco": 355,
      "Sold": 0,
      "Demo": 0,
      "Med": 0,
      "HwG": 0,
      "Pyro": 0,
      "Spy": 0,
      "Eng": 0
    },
    {
      "Name": "ku",
      "Sco": 0,
      "Sold": 0,
      "Demo": 0,
      "Med": 0,
      "HwG": 0,
      "Pyro": 355,
      "Spy": 0,
      "Eng": 0
    },
    {
      "Name": "zel",
      "Sco": 0,
      "Sold": 0,
      "Demo": 0,
      "Med": 0,
      "HwG": 0,
      "Pyro": 0,
      "Spy": 355,
      "Eng": 0
    }
  ],
  "ClassTimeDefence": [
    {
      "Name": "angrybrazil",
      "Sco": 0,
      "Sold": 0,
      "Demo": 355,
      "Med": 0,
      "HwG": 0,
      "Pyro": 0,
      "Spy": 0,
      "Eng": 0
    },
    {
      "Name": "dtfdrakin",
      "Sco": 0,
      "Sold": 0,
      "Demo": 0,
      "Med": 0,
      "HwG": 0,
      "Pyro": 0,
      "Spy": 0,
      "Eng": 355
    },
    {
      "Name": "dtfdrakoff",
      "Sco": 0,
      "Sold": 355,
      "Demo": 0,
      "Med": 0,
      "HwG": 0,
      "Pyro": 0,
      "Spy": 0,
      "Eng": 0
    },
    {
      "Name": "dtfdrakout",
      "Sco": 0,
      "Sold": 0,
      "Demo": 0,
      "Med": 0,
      "HwG": 355,
      "Pyro": 0,
      "Spy": 0,
      "Eng": 0
    },
    {
      "Name": "ae",
      "Sco": 0,
      "Sold": 0,
      "Demo": 600,
      "Med": 0,
      "HwG": 0,
      "Pyro": 0,
      "Spy": 0,
      "Eng": 0
    },
    {
      "Name": "alchz",
      "Sco": 0,
      "Sold": 0,
      "Demo": 0,
      "Med": 0,
      "HwG": 0,
      "Pyro": 0,
      "Spy": 0,
      "Eng": 600
    },
    {
      "Name": "ku",
      "Sco": 0,
      "Sold": 0,
      "Demo": 0,
      "Med": 0,
      "HwG": 600,
      "Pyro": 0,
      "Spy": 0,
      "Eng": 0
    },
    {
      "Name": "zel",
      "Sco": 0,
      "Sold": 600,
      "Demo": 0,
      "Med": 0,
      "HwG": 0,
      "Pyro": 0,
      "Spy": 0,
      "Eng": 0
    }
  ]
}
