{
  "Matches": [
    {
      "Match": "sydney/staging/2023-04-10-12-36-12_[turtler]",
      "Winner": "Team2",
      "Rating": "33 %",
      "Score1": 40,
      "Team1": "basss,hz,slappa,twi-",
      "Score2": 50,
      "Team2": "[dozel]zen,[loze]evilant,wm,zel"
    }
  ],
  "SummaryAttack": [
    {
      "Name": "basss",
      "KPM": 2.22,
      "KD": 0.91,
      "Kills": 21,
      "Death": 23,
      "TKill": 0,
      "Dmg": 4168.0,
      "DPM": 440.0,
      "FlagCap": 1.0,
      "FlagTake": 8.0,
      "FlagTime": "0:38",
      "FlagStop": 0,
      "Win": 0,
      "Draw": 0,
      "Loss": 1,
      "TimePlayed": "9:28",
      "Classes": "Sold 100 %"
    },
    {
      "Name": "hz",
      "KPM": 0.4,
      "KD": 0.19,
      "Kills": 4,
      "Death": 21,
      "TKill": 0,
      "Dmg": 1483.0,
      "DPM": 148.0,
      "FlagCap": 2.0,
      "FlagTake": 6.0,
      "FlagTime": "0:44",
      "FlagStop": 0,
      "Win": 0,
      "Draw": 0,
      "Loss": 1,
      "TimePlayed": "10:00",
      "Classes": "Med  71 %|Sco  29 %"
    },
    {
      "Name": "slappa",
      "KPM": 1.2,
      "KD": 0.4,
      "Kills": 12,
      "Death": 30,
      "TKill": 0,
      "Dmg": 3715.0,
      "DPM": 372.0,
      "FlagCap": 1,
      "FlagTake": 4.0,
      "FlagTime": "0:05",
      "FlagStop": 0,
      "Win": 0,
      "Draw": 0,
      "Loss": 1,
      "TimePlayed": "10:00",
      "Classes": "Sold 100 %"
    },
    {
      "Name": "twi-",
      "KPM": 3.0,
      "KD": 1.2,
      "Kills": 30,
      "Death": 25,
      "TKill": 1,
      "Dmg": 4723.0,
      "DPM": 472.0,
      "FlagCap": 1.0,
      "FlagTake": 8.0,
      "FlagTime": "0:32",
      "FlagStop": 0,
      "Win": 0,
      "Draw": 0,
      "Loss": 1,
      "TimePlayed": "10:00",
      "Classes": "Sold 100 %"
    },
    {
      "Name": "[dozel]zen",
      "KPM": 1.93,
      "KD": 1.0,
      "Kills": 13,
      "Death": 13,
      "TKill": 3,
      "Dmg": 3901.0,
      "DPM": 578.0,
      "FlagCap": 1,
      "FlagTake": 1.0,
      "FlagTime": "0:09",
      "FlagStop": 0,
      "Win": 1,
      "Draw": 0,
      "Loss": 0,
      "TimePlayed": "6:45",
      "Classes": "Sold 100 %"
    },
    {
      "Name": "[loze]evilant",
      "KPM": 0.44,
      "KD": 0.2,
      "Kills": 3,
      "Death": 15,
      "TKill": 1,
      "Dmg": 652.0,
      "DPM": 97.0,
      "FlagCap": 3.0,
      "FlagTake": 6.0,
      "FlagTime": "1:28",
      "FlagStop": 0,
      "Win": 1,
      "Draw": 0,
      "Loss": 0,
      "TimePlayed": "6:45",
      "Classes": "Sco  100 %"
    },
    {
      "Name": "wm",
      "KPM": 1.93,
      "KD": 1.0,
      "Kills": 13,
      "Death": 13,
      "TKill": 1,
      "Dmg": 1663.0,
      "DPM": 246.0,
      "FlagCap": 1,
      "FlagTake": 4.0,
      "FlagTime": "0:06",
      "FlagStop": 0,
      "Win": 1,
      "Draw": 0,
      "Loss": 0,
      "TimePlayed": "6:45",
      "Classes": "Spy  100 %"
    },
    {
      "Name": "zel",
      "KPM": 2.07,
      "KD": 1.0,
      "Kills": 14,
      "Death": 14,
      "TKill": 1,
      "Dmg": 3014.0,
      "DPM": 447.0,
      "FlagCap": 2.0,
      "FlagTake": 7.0,
      "FlagTime": "1:15",
      "FlagStop": 0,
      "Win": 1,
      "Draw": 0,
      "Loss": 0,
      "TimePlayed": "6:45",
      "Classes": "Sold 100 %"
    }
  ],
  "SummaryDefence": [
    {
      "Name": "basss",
      "KPM": 0.89,
      "KD": 0.55,
      "Kills": 6,
      "Death": 11,
      "TKill": 0,
      "Dmg": 1900.0,
      "DPM": 281.0,
      "FlagCap": 0,
      "FlagTake": 0,
      "FlagTime": 0,
      "FlagStop": 1,
      "Win": 0,
      "Draw": 0,
      "Loss": 1,
      "TimePlayed": "6:45",
      "Classes": "HwG  100 %"
    },
    {
      "Name": "hz",
      "KPM": 2.22,
      "KD": 0.83,
      "Kills": 15,
      "Death": 18,
      "TKill": 1,
      "Dmg": 3803.0,
      "DPM": 563.0,
      "FlagCap": 0,
      "FlagTake": 0,
      "FlagTime": 0,
      "FlagStop": 3.0,
      "Win": 0,
      "Draw": 0,
      "Loss": 1,
      "TimePlayed": "6:45",
      "Classes": "Sold 100 %"
    },
    {
      "Name": "slappa",
      "KPM": 1.93,
      "KD": 0.87,
      "Kills": 13,
      "Death": 15,
      "TKill": 2,
      "Dmg": 2481.0,
      "DPM": 368.0,
      "FlagCap": 0,
      "FlagTake": 0,
      "FlagTime": 0,
      "FlagStop": 2.0,
      "Win": 0,
      "Draw": 0,
      "Loss": 1,
      "TimePlayed": "6:45",
      "Classes": "Eng  76 %|Sold 18 %|Pyro 6 %"
    },
    {
      "Name": "twi-",
      "KPM": 1.48,
      "KD": 0.67,
      "Kills": 10,
      "Death": 15,
      "TKill": 9,
      "Dmg": 2137.0,
      "DPM": 317.0,
      "FlagCap": 0,
      "FlagTake": 0,
      "FlagTime": 0,
      "FlagStop": 3.0,
      "Win": 0,
      "Draw": 0,
      "Loss": 1,
      "TimePlayed": "6:45",
      "Classes": "Demo 100 %"
    },
    {
      "Name": "[dozel]zen",
      "KPM": 1.9,
      "KD": 0.59,
      "Kills": 19,
      "Death": 32,
      "TKill": 5,
      "Dmg": 5243.0,
      "DPM": 524.0,
      "FlagCap": 0,
      "FlagTake": 0,
      "FlagTime": 0,
      "FlagStop": 3.0,
      "Win": 1,
      "Draw": 0,
      "Loss": 0,
      "TimePlayed": "10:00",
      "Classes": "Pyro 100 %"
    },
    {
      "Name": "[loze]evilant",
      "KPM": 1.9,
      "KD": 1.9,
      "Kills": 19,
      "Death": 10,
      "TKill": 2,
      "Dmg": 6584.0,
      "DPM": 658.0,
      "FlagCap": 0,
      "FlagTake": 0,
      "FlagTime": 0,
      "FlagStop": 2.0,
      "Win": 1,
      "Draw": 0,
      "Loss": 0,
      "TimePlayed": "10:00",
      "Classes": "Sold 100 %"
    },
    {
      "Name": "wm",
      "KPM": 2.4,
      "KD": 1.2,
      "Kills": 24,
      "Death": 20,
      "TKill": 14,
      "Dmg": 5993.0,
      "DPM": 599.0,
      "FlagCap": 0,
      "FlagTake": 0,
      "FlagTime": 0,
      "FlagStop": 1.0,
      "Win": 1,
      "Draw": 0,
      "Loss": 0,
      "TimePlayed": "10:00",
      "Classes": "Demo 100 %"
    },
    {
      "Name": "zel",
      "KPM": 2.4,
      "KD": 0.69,
      "Kills": 24,
      "Death": 35,
      "TKill": 4,
      "Dmg": 5967.0,
      "DPM": 597.0,
      "FlagCap": 0,
      "FlagTake": 0,
      "FlagTime": 0,
      "FlagStop": 2.0,
      "Win": 1,
      "Draw": 0,
      "Loss": 0,
      "TimePlayed": "10:00",
      "Classes": "Eng  100 %"
    }
  ],
  "ClassFragAttack": [
    {
      "Name": "basss",
      "Sco": 0,
      "KPM1": null,
      "Sold": 21.0,
      "KPM3": 2.22,
      "Demo": 0,
      "KPM4": null,
      "Med": 0,
      "KPM5": null,
      "HwG": 0,
      "KPM6": null,
      "Pyro": 0,
      "KPM7": null,
      "Spy": 0,
      "KPM8": null,
      "Eng": 0,
      "KPM9": null,
      "SG": 0,
      "KPM0": null
    },
    {
      "Name": "hz",
      "Sco": 1.0,
      "KPM1": 0.34,
      "Sold": 0,
      "KPM3": null,
      "Demo": 0,
      "KPM4": null,
      "Med": 3.0,
      "KPM5": 0.42,
      "HwG": 0,
      "KPM6": null,
      "Pyro": 0,
      "KPM7": null,
      "Spy": 0,
      "KPM8": null,
      "Eng": 0,
      "KPM9": null,
      "SG": 0,
      "KPM0": null
    },
    {
      "Name": "slappa",
      "Sco": 0,
      "KPM1": null,
      "Sold": 12.0,
      "KPM3": 1.2,
      "Demo": 0,
      "KPM4": null,
      "Med": 0,
      "KPM5": null,
      "HwG": 0,
      "KPM6": null,
      "Pyro": 0,
      "KPM7": null,
      "Spy": 0,
      "KPM8": null,
      "Eng": 0,
      "KPM9": null,
      "SG": 0,
      "KPM0": null
    },
    {
      "Name": "twi-",
      "Sco": 0,
      "KPM1": null,
      "Sold": 30.0,
      "KPM3": 3.0,
      "Demo": 0,
      "KPM4": null,
      "Med": 0,
      "KPM5": null,
      "HwG": 0,
      "KPM6": null,
      "Pyro": 0,
      "KPM7": null,
      "Spy": 0,
      "KPM8": null,
      "Eng": 0,
      "KPM9": null,
      "SG": 0,
      "KPM0": null
    },
    {
      "Name": "[dozel]zen",
      "Sco": 0,
      "KPM1": null,
      "Sold": 13.0,
      "KPM3": 1.93,
      "Demo": 0,
      "KPM4": null,
      "Med": 0,
      "KPM5": null,
      "HwG": 0,
      "KPM6": null,
      "Pyro": 0,
      "KPM7": null,
      "Spy": 0,
      "KPM8": null,
      "Eng": 0,
      "KPM9": null,
      "SG": 0,
      "KPM0": null
    },
    {
      "Name": "[loze]evilant",
      "Sco": 3.0,
      "KPM1": 0.44,
      "Sold": 0,
      "KPM3": null,
      "Demo": 0,
      "KPM4": null,
      "Med": 0,
      "KPM5": null,
      "HwG": 0,
      "KPM6": null,
      "Pyro": 0,
      "KPM7": null,
      "Spy": 0,
      "KPM8": null,
      "Eng": 0,
      "KPM9": null,
      "SG": 0,
      "KPM0": null
    },
    {
      "Name": "wm",
      "Sco": 0,
      "KPM1": null,
      "Sold": 0,
      "KPM3": null,
      "Demo": 0,
      "KPM4": null,
      "Med": 0,
      "KPM5": null,
      "HwG": 0,
      "KPM6": null,
      "Pyro": 0,
      "KPM7": null,
      "Spy": 13.0,
      "KPM8": 1.93,
      "Eng": 0,
      "KPM9": null,
      "SG": 0,
      "KPM0": null
    },
    {
      "Name": "zel",
      "Sco": 0,
      "KPM1": null,
      "Sold": 14.0,
      "KPM3": 2.07,
      "Demo": 0,
      "KPM4": null,
      "Med": 0,
      "KPM5": null,
      "HwG": 0,
      "KPM6": null,
      "Pyro": 0,
      "KPM7": null,
      "Spy": 0,
      "KPM8": null,
      "Eng": 0,
      "KPM9": null,
      "SG": 0,
      "KPM0": null
    }
  ],
  "ClassFragDefence": [
    {
      "Name": "basss",
      "Sco": 0,
      "KPM1": null,
      "Sold": 0,
      "KPM3": null,
      "Demo": 0,
      "KPM4": null,
      "Med": 0,
      "KPM5": null,
      "HwG": 6.0,
      "KPM6": 0.89,
      "Pyro": 0,
      "KPM7": null,
      "Spy": 0,
      "KPM8": null,
      "Eng": 0,
      "KPM9": null,
      "SG": 0,
      "KPM0": null
    },
    {
      "Name": "hz",
      "Sco": 0,
      "KPM1": null,
      "Sold": 15.0,
      "KPM3": 2.22,
      "Demo": 0,
      "KPM4": null,
      "Med": 0,
      "KPM5": null,
      "HwG": 0,
      "KPM6": null,
      "Pyro": 0,
      "KPM7": null,
      "Spy": 0,
      "KPM8": null,
      "Eng": 0,
      "KPM9": null,
      "SG": 0,
      "KPM0": null
    },
    {
      "Name": "slappa",
      "Sco": 0,
      "KPM1": null,
      "Sold": 0,
      "KPM3": null,
      "Demo": 0,
      "KPM4": null,
      "Med": 0,
      "KPM5": null,
      "HwG": 0,
      "KPM6": null,
      "Pyro": 1.0,
      "KPM7": 2.4,
      "Spy": 0,
      "KPM8": null,
      "Eng": 9.0,
      "KPM9": 1.76,
      "SG": 3.0,
      "KPM0": 0.59
    },
    {
      "Name": "twi-",
      "Sco": 0,
      "KPM1": null,
      "Sold": 0,
      "KPM3": null,
      "Demo": 10.0,
      "KPM4": 1.48,
      "Med": 0,
      "KPM5": null,
      "HwG": 0,
      "KPM6": null,
      "Pyro": 0,
      "KPM7": null,
      "Spy": 0,
      "KPM8": null,
      "Eng": 0,
      "KPM9": null,
      "SG": 0,
      "KPM0": null
    },
    {
      "Name": "[dozel]zen",
      "Sco": 0,
      "KPM1": null,
      "Sold": 0,
      "KPM3": null,
      "Demo": 0,
      "KPM4": null,
      "Med": 0,
      "KPM5": null,
      "HwG": 0,
      "KPM6": null,
      "Pyro": 19.0,
      "KPM7": 1.9,
      "Spy": 0,
      "KPM8": null,
      "Eng": 0,
      "KPM9": null,
      "SG": 0,
      "KPM0": null
    },
    {
      "Name": "[loze]evilant",
      "Sco": 0,
      "KPM1": null,
      "Sold": 19.0,
      "KPM3": 1.9,
      "Demo": 0,
      "KPM4": null,
      "Med": 0,
      "KPM5": null,
      "HwG": 0,
      "KPM6": null,
      "Pyro": 0,
      "KPM7": null,
      "Spy": 0,
      "KPM8": null,
      "Eng": 0,
      "KPM9": null,
      "SG": 0,
      "KPM0": null
    },
    {
      "Name": "wm",
      "Sco": 0,
      "KPM1": null,
      "Sold": 0,
      "KPM3": null,
      "Demo": 24.0,
      "KPM4": 2.4,
      "Med": 0,
      "KPM5": null,
      "HwG": 0,
      "KPM6": null,
      "Pyro": 0,
      "KPM7": null,
      "Spy": 0,
      "KPM8": null,
      "Eng": 0,
      "KPM9": null,
      "SG": 0,
      "KPM0": null
    },
    {
      "Name": "zel",
      "Sco": 0,
      "KPM1": null,
      "Sold": 0,
      "KPM3": null,
      "Demo": 0,
      "KPM4": null,
      "Med": 0,
      "KPM5": null,
      "HwG": 0,
      "KPM6": null,
      "Pyro": 0,
      "KPM7": null,
      "Spy": 0,
      "KPM8": null,
      "Eng": 10.0,
      "KPM9": 1.0,
      "SG": 14.0,
      "KPM0": 1.4
    }
  ],
  "ClassTimeAttack": [
    {
      "Name": "basss",
      "Sco": 0,
      "Sold": 568,
      "Demo": 0,
      "Med": 0,
      "HwG": 0,
      "Pyro": 0,
      "Spy": 0,
      "Eng": 0
    },
    {
      "Name": "hz",
      "Sco": 175,
      "Sold": 0,
      "Demo": 0,
      "Med": 425,
      "HwG": 0,
      "Pyro": 0,
      "Spy": 0,
      "Eng": 0
    },
    {
      "Name": "slappa",
      "Sco": 0,
      "Sold": 600,
      "Demo": 0,
      "Med": 0,
      "HwG": 0,
      "Pyro": 0,
      "Spy": 0,
      "Eng": 0
    },
    {
      "Name": "twi-",
      "Sco": 0,
      "Sold": 600,
      "Demo": 0,
      "Med": 0,
      "HwG": 0,
      "Pyro": 0,
      "Spy": 0,
      "Eng": 0
    },
    {
      "Name": "[dozel]zen",
      "Sco": 0,
      "Sold": 405,
      "Demo": 0,
      "Med": 0,
      "HwG": 0,
      "Pyro": 0,
      "Spy": 0,
      "Eng": 0
    },
    {
      "Name": "[loze]evilant",
      "Sco": 405,
      "Sold": 0,
      "Demo": 0,
      "Med": 0,
      "HwG": 0,
      "Pyro": 0,
      "Spy": 0,
      "Eng": 0
    },
    {
      "Name": "wm",
      "Sco": 0,
      "Sold": 0,
      "Demo": 0,
      "Med": 0,
      "HwG": 0,
      "Pyro": 0,
      "Spy": 405,
      "Eng": 0
    },
    {
      "Name": "zel",
      "Sco": 0,
      "Sold": 405,
      "Demo": 0,
      "Med": 0,
      "HwG": 0,
      "Pyro": 0,
      "Spy": 0,
      "Eng": 0
    }
  ],
  "ClassTimeDefence": [
    {
      "Name": "basss",
      "Sco": 0,
      "Sold": 0,
      "Demo": 0,
      "Med": 0,
      "HwG": 405,
      "Pyro": 0,
      "Spy": 0,
      "Eng": 0
    },
    {
      "Name": "hz",
      "Sco": 0,
      "Sold": 405,
      "Demo": 0,
      "Med": 0,
      "HwG": 0,
      "Pyro": 0,
      "Spy": 0,
      "Eng": 0
    },
    {
      "Name": "slappa",
      "Sco": 0,
      "Sold": 73,
      "Demo": 0,
      "Med": 0,
      "HwG": 0,
      "Pyro": 25,
      "Spy": 0,
      "Eng": 307
    },
    {
      "Name": "twi-",
      "Sco": 0,
      "Sold": 0,
      "Demo": 405,
      "Med": 0,
      "HwG": 0,
      "Pyro": 0,
      "Spy": 0,
      "Eng": 0
    },
    {
      "Name": "[dozel]zen",
      "Sco": 0,
      "Sold": 0,
      "Demo": 0,
      "Med": 0,
      "HwG": 0,
      "Pyro": 600,
      "Spy": 0,
      "Eng": 0
    },
    {
      "Name": "[loze]evilant",
      "Sco": 0,
      "Sold": 600,
      "Demo": 0,
      "Med": 0,
      "HwG": 0,
      "Pyro": 0,
      "Spy": 0,
      "Eng": 0
    },
    {
      "Name": "wm",
      "Sco": 0,
      "Sold": 0,
      "Demo": 600,
      "Med": 0,
      "HwG": 0,
      "Pyro": 0,
      "Spy": 0,
      "Eng": 0
    },
    {
      "Name": "zel",
      "Sco": 0,
      "Sold": 0,
      "Demo": 0,
      "Med": 0,
      "HwG": 0,
      "Pyro": 0,
      "Spy": 0,
      "Eng": 600
    }
  ]
}
