{
  "Matches": [
    {
      "Server": "virginia/staging",
      "Match": "2023-07-29-21-21-43_[blitzkrieg2]",
      "Winner": "Draw",
      "Rating": "0 %",
      "Score1": 60,
      "Team1": "bvll#savetf2,eub4s1c.fi,euhaunter.pt,eusharky.de,fraggeduk,fyllo",
      "Score2": 60,
      "Team2": "audriz.uk.usa,eustm.fi,mex.bw,pecan,rspredator"
    }
  ],
  "SummaryAttack": [
    {
      "Name": "eub4s1c.fi",
      "KPM": 1.1,
      "KD": 0.42,
      "Kills": 11,
      "Death": 26,
      "TKill": 2,
      "Dmg": 2952.0,
      "DPM": 295.0,
      "FlagCap": 5.0,
      "FlagTake": 10.0,
      "FlagTime": "2:11",
      "FlagStop": 0,
      "Win": 0,
      "Draw": 1,
      "Loss": 0,
      "TimePlayed": "10:00",
      "Classes": "Pyro 100 %"
    },
    {
      "Name": "euhaunter.pt",
      "KPM": 1.9,
      "KD": 0.58,
      "Kills": 19,
      "Death": 33,
      "TKill": 2,
      "Dmg": 4232.0,
      "DPM": 423.0,
      "FlagCap": 1,
      "FlagTake": 6.0,
      "FlagTime": "0:08",
      "FlagStop": 0,
      "Win": 0,
      "Draw": 1,
      "Loss": 0,
      "TimePlayed": "10:00",
      "Classes": "Demo 60 %|Spy  40 %"
    },
    {
      "Name": "eusharky.de",
      "KPM": 1.3,
      "KD": 0.54,
      "Kills": 13,
      "Death": 24,
      "TKill": 0,
      "Dmg": 1996.0,
      "DPM": 200.0,
      "FlagCap": 1.0,
      "FlagTake": 7.0,
      "FlagTime": "0:38",
      "FlagStop": 0,
      "Win": 0,
      "Draw": 1,
      "Loss": 0,
      "TimePlayed": "10:00",
      "Classes": "Med  100 %"
    },
    {
      "Name": "fraggeduk",
      "KPM": null,
      "KD": 0.0,
      "Kills": 0,
      "Death": 30,
      "TKill": 0,
      "Dmg": 113.0,
      "DPM": 11.0,
      "FlagCap": 1,
      "FlagTake": 2.0,
      "FlagTime": "0:02",
      "FlagStop": 0,
      "Win": 0,
      "Draw": 1,
      "Loss": 0,
      "TimePlayed": "10:00",
      "Classes": "Sco  100 %"
    },
    {
      "Name": "fyllo",
      "KPM": 1.8,
      "KD": 0.69,
      "Kills": 18,
      "Death": 26,
      "TKill": 0,
      "Dmg": 4234.0,
      "DPM": 423.0,
      "FlagCap": 1,
      "FlagTake": 2.0,
      "FlagTime": "0:08",
      "FlagStop": 0,
      "Win": 0,
      "Draw": 1,
      "Loss": 0,
      "TimePlayed": "10:00",
      "Classes": "Sold 100 %"
    },
    {
      "Name": "audriz.uk.usa",
      "KPM": 2.9,
      "KD": 1.21,
      "Kills": 29,
      "Death": 24,
      "TKill": 3,
      "Dmg": 6179.0,
      "DPM": 618.0,
      "FlagCap": 1.0,
      "FlagTake": 7.0,
      "FlagTime": "0:31",
      "FlagStop": 0,
      "Win": 0,
      "Draw": 1,
      "Loss": 0,
      "TimePlayed": "10:00",
      "Classes": "Sold 100 %"
    },
    {
      "Name": "eustm.fi",
      "KPM": 0.7,
      "KD": 0.3,
      "Kills": 7,
      "Death": 23,
      "TKill": 0,
      "Dmg": 1710.0,
      "DPM": 171.0,
      "FlagCap": 1.0,
      "FlagTake": 7.0,
      "FlagTime": "0:41",
      "FlagStop": 0,
      "Win": 0,
      "Draw": 1,
      "Loss": 0,
      "TimePlayed": "10:00",
      "Classes": "Spy  100 %"
    },
    {
      "Name": "mex.bw",
      "KPM": 0.5,
      "KD": 0.18,
      "Kills": 5,
      "Death": 28,
      "TKill": 1,
      "Dmg": 1156.0,
      "DPM": 116.0,
      "FlagCap": 2.0,
      "FlagTake": 5.0,
      "FlagTime": "0:58",
      "FlagStop": 0,
      "Win": 0,
      "Draw": 1,
      "Loss": 0,
      "TimePlayed": "10:00",
      "Classes": "Sco  100 %"
    },
    {
      "Name": "pecan",
      "KPM": 2.4,
      "KD": 0.71,
      "Kills": 24,
      "Death": 34,
      "TKill": 4,
      "Dmg": 4026.0,
      "DPM": 403.0,
      "FlagCap": 1,
      "FlagTake": 7.0,
      "FlagTime": "0:14",
      "FlagStop": 0,
      "Win": 0,
      "Draw": 1,
      "Loss": 0,
      "TimePlayed": "10:00",
      "Classes": "Pyro 100 %"
    },
    {
      "Name": "rspredator",
      "KPM": 1.2,
      "KD": 0.52,
      "Kills": 12,
      "Death": 23,
      "TKill": 0,
      "Dmg": 2347.0,
      "DPM": 235.0,
      "FlagCap": 2.0,
      "FlagTake": 9.0,
      "FlagTime": "1:22",
      "FlagStop": 0,
      "Win": 0,
      "Draw": 1,
      "Loss": 0,
      "TimePlayed": "10:00",
      "Classes": "Med  100 %"
    }
  ],
  "SummaryDefence": [
    {
      "Name": "bvll#savetf2",
      "KPM": null,
      "KD": 0.0,
      "Kills": 0,
      "Death": 1,
      "TKill": 0,
      "Dmg": 1,
      "DPM": 0.0,
      "FlagCap": 0,
      "FlagTake": 0,
      "FlagTime": 0,
      "FlagStop": 1,
      "Win": 0,
      "Draw": 1,
      "Loss": 0,
      "TimePlayed": "10:00",
      "Classes": "HwG  100 %"
    },
    {
      "Name": "eub4s1c.fi",
      "KPM": 2.2,
      "KD": 1.0,
      "Kills": 22,
      "Death": 22,
      "TKill": 9,
      "Dmg": 3593.0,
      "DPM": 359.0,
      "FlagCap": 0,
      "FlagTake": 0,
      "FlagTime": 0,
      "FlagStop": 1,
      "Win": 0,
      "Draw": 1,
      "Loss": 0,
      "TimePlayed": "10:00",
      "Classes": "Demo 100 %"
    },
    {
      "Name": "euhaunter.pt",
      "KPM": 3.8,
      "KD": 1.52,
      "Kills": 38,
      "Death": 25,
      "TKill": 9,
      "Dmg": 7329.0,
      "DPM": 733.0,
      "FlagCap": 0,
      "FlagTake": 0,
      "FlagTime": 0,
      "FlagStop": 1,
      "Win": 0,
      "Draw": 1,
      "Loss": 0,
      "TimePlayed": "10:00",
      "Classes": "Eng  100 %"
    },
    {
      "Name": "eusharky.de",
      "KPM": 3.3,
      "KD": 2.75,
      "Kills": 33,
      "Death": 12,
      "TKill": 6,
      "Dmg": 4780.0,
      "DPM": 478.0,
      "FlagCap": 0,
      "FlagTake": 0,
      "FlagTime": 0,
      "FlagStop": 1,
      "Win": 0,
      "Draw": 1,
      "Loss": 0,
      "TimePlayed": "10:00",
      "Classes": "HwG  100 %"
    },
    {
      "Name": "fraggeduk",
      "KPM": 1.1,
      "KD": 0.73,
      "Kills": 11,
      "Death": 15,
      "TKill": 0,
      "Dmg": 2333.0,
      "DPM": 233.0,
      "FlagCap": 0,
      "FlagTake": 0,
      "FlagTime": 0,
      "FlagStop": 1,
      "Win": 0,
      "Draw": 1,
      "Loss": 0,
      "TimePlayed": "10:00",
      "Classes": "Pyro 100 %"
    },
    {
      "Name": "fyllo",
      "KPM": 1.5,
      "KD": 0.68,
      "Kills": 15,
      "Death": 22,
      "TKill": 3,
      "Dmg": 3011.0,
      "DPM": 301.0,
      "FlagCap": 0,
      "FlagTake": 0,
      "FlagTime": 0,
      "FlagStop": 2.0,
      "Win": 0,
      "Draw": 1,
      "Loss": 0,
      "TimePlayed": "10:00",
      "Classes": "Sold 100 %"
    },
    {
      "Name": "audriz.uk.usa",
      "KPM": 3.3,
      "KD": 1.65,
      "Kills": 33,
      "Death": 20,
      "TKill": 5,
      "Dmg": 5444.0,
      "DPM": 544.0,
      "FlagCap": 0,
      "FlagTake": 0,
      "FlagTime": 0,
      "FlagStop": 1,
      "Win": 0,
      "Draw": 1,
      "Loss": 0,
      "TimePlayed": "10:00",
      "Classes": "Sold 100 %"
    },
    {
      "Name": "eustm.fi",
      "KPM": 1.4,
      "KD": 1.27,
      "Kills": 14,
      "Death": 11,
      "TKill": 6,
      "Dmg": 3407.0,
      "DPM": 341.0,
      "FlagCap": 0,
      "FlagTake": 0,
      "FlagTime": 0,
      "FlagStop": 1,
      "Win": 0,
      "Draw": 1,
      "Loss": 0,
      "TimePlayed": "10:00",
      "Classes": "HwG  100 %"
    },
    {
      "Name": "mex.bw",
      "KPM": 3.9,
      "KD": 1.77,
      "Kills": 39,
      "Death": 22,
      "TKill": 5,
      "Dmg": 6771.0,
      "DPM": 677.0,
      "FlagCap": 0,
      "FlagTake": 0,
      "FlagTime": 0,
      "FlagStop": 1,
      "Win": 0,
      "Draw": 1,
      "Loss": 0,
      "TimePlayed": "10:00",
      "Classes": "Eng  100 %"
    },
    {
      "Name": "pecan",
      "KPM": 2.3,
      "KD": 1.15,
      "Kills": 23,
      "Death": 20,
      "TKill": 7,
      "Dmg": 4846.0,
      "DPM": 485.0,
      "FlagCap": 0,
      "FlagTake": 0,
      "FlagTime": 0,
      "FlagStop": 1.0,
      "Win": 0,
      "Draw": 1,
      "Loss": 0,
      "TimePlayed": "10:00",
      "Classes": "Demo 100 %"
    },
    {
      "Name": "rspredator",
      "KPM": 1.4,
      "KD": 0.42,
      "Kills": 14,
      "Death": 33,
      "TKill": 4,
      "Dmg": 3370.0,
      "DPM": 337.0,
      "FlagCap": 0,
      "FlagTake": 0,
      "FlagTime": 0,
      "FlagStop": 1.0,
      "Win": 0,
      "Draw": 1,
      "Loss": 0,
      "TimePlayed": "10:00",
      "Classes": "Pyro 100 %"
    }
  ],
  "ClassFragAttack": [
    {
      "Name": "eub4s1c.fi",
      "Sco": 0,
      "KPM1": null,
      "Sold": 0,
      "KPM3": null,
      "Demo": 0,
      "KPM4": null,
      "Med": 0,
      "KPM5": null,
      "HwG": 0,
      "KPM6": null,
      "Pyro": 11.0,
      "KPM7": 1.1,
      "Spy": 0,
      "KPM8": null,
      "Eng": 0,
      "KPM9": null,
      "SG": 0,
      "KPM0": null
    },
    {
      "Name": "euhaunter.pt",
      "Sco": 0,
      "KPM1": null,
      "Sold": 0,
      "KPM3": null,
      "Demo": 14.0,
      "KPM4": 2.34,
      "Med": 0,
      "KPM5": null,
      "HwG": 0,
      "KPM6": null,
      "Pyro": 0,
      "KPM7": null,
      "Spy": 5.0,
      "KPM8": 1.24,
      "Eng": 0,
      "KPM9": null,
      "SG": 0,
      "KPM0": null
    },
    {
      "Name": "eusharky.de",
      "Sco": 0,
      "KPM1": null,
      "Sold": 0,
      "KPM3": null,
      "Demo": 0,
      "KPM4": null,
      "Med": 13.0,
      "KPM5": 1.3,
      "HwG": 0,
      "KPM6": null,
      "Pyro": 0,
      "KPM7": null,
      "Spy": 0,
      "KPM8": null,
      "Eng": 0,
      "KPM9": null,
      "SG": 0,
      "KPM0": null
    },
    {
      "Name": "fyllo",
      "Sco": 0,
      "KPM1": null,
      "Sold": 18.0,
      "KPM3": 1.8,
      "Demo": 0,
      "KPM4": null,
      "Med": 0,
      "KPM5": null,
      "HwG": 0,
      "KPM6": null,
      "Pyro": 0,
      "KPM7": null,
      "Spy": 0,
      "KPM8": null,
      "Eng": 0,
      "KPM9": null,
      "SG": 0,
      "KPM0": null
    },
    {
      "Name": "audriz.uk.usa",
      "Sco": 0,
      "KPM1": null,
      "Sold": 29.0,
      "KPM3": 2.9,
      "Demo": 0,
      "KPM4": null,
      "Med": 0,
      "KPM5": null,
      "HwG": 0,
      "KPM6": null,
      "Pyro": 0,
      "KPM7": null,
      "Spy": 0,
      "KPM8": null,
      "Eng": 0,
      "KPM9": null,
      "SG": 0,
      "KPM0": null
    },
    {
      "Name": "eustm.fi",
      "Sco": 0,
      "KPM1": null,
      "Sold": 0,
      "KPM3": null,
      "Demo": 0,
      "KPM4": null,
      "Med": 0,
      "KPM5": null,
      "HwG": 0,
      "KPM6": null,
      "Pyro": 0,
      "KPM7": null,
      "Spy": 7.0,
      "KPM8": 0.7,
      "Eng": 0,
      "KPM9": null,
      "SG": 0,
      "KPM0": null
    },
    {
      "Name": "mex.bw",
      "Sco": 5.0,
      "KPM1": 0.5,
      "Sold": 0,
      "KPM3": null,
      "Demo": 0,
      "KPM4": null,
      "Med": 0,
      "KPM5": null,
      "HwG": 0,
      "KPM6": null,
      "Pyro": 0,
      "KPM7": null,
      "Spy": 0,
      "KPM8": null,
      "Eng": 0,
      "KPM9": null,
      "SG": 0,
      "KPM0": null
    },
    {
      "Name": "pecan",
      "Sco": 0,
      "KPM1": null,
      "Sold": 0,
      "KPM3": null,
      "Demo": 0,
      "KPM4": null,
      "Med": 0,
      "KPM5": null,
      "HwG": 0,
      "KPM6": null,
      "Pyro": 24.0,
      "KPM7": 2.4,
      "Spy": 0,
      "KPM8": null,
      "Eng": 0,
      "KPM9": null,
      "SG": 0,
      "KPM0": null
    },
    {
      "Name": "rspredator",
      "Sco": 0,
      "KPM1": null,
      "Sold": 0,
      "KPM3": null,
      "Demo": 0,
      "KPM4": null,
      "Med": 12.0,
      "KPM5": 1.2,
      "HwG": 0,
      "KPM6": null,
      "Pyro": 0,
      "KPM7": null,
      "Spy": 0,
      "KPM8": null,
      "Eng": 0,
      "KPM9": null,
      "SG": 0,
      "KPM0": null
    }
  ],
  "ClassFragDefence": [
    {
      "Name": "eub4s1c.fi",
      "Sco": 0,
      "KPM1": null,
      "Sold": 0,
      "KPM3": null,
      "Demo": 22.0,
      "KPM4": 2.2,
      "Med": 0,
      "KPM5": null,
      "HwG": 0,
      "KPM6": null,
      "Pyro": 0,
      "KPM7": null,
      "Spy": 0,
      "KPM8": null,
      "Eng": 0,
      "KPM9": null,
      "SG": 0,
      "KPM0": null
    },
    {
      "Name": "euhaunter.pt",
      "Sco": 0,
      "KPM1": null,
      "Sold": 0,
      "KPM3": null,
      "Demo": 0,
      "KPM4": null,
      "Med": 0,
      "KPM5": null,
      "HwG": 0,
      "KPM6": null,
      "Pyro": 0,
      "KPM7": null,
      "Spy": 0,
      "KPM8": null,
      "Eng": 28.0,
      "KPM9": 2.8,
      "SG": 10.0,
      "KPM0": 1.0
    },
    {
      "Name": "eusharky.de",
      "Sco": 0,
      "KPM1": null,
      "Sold": 0,
      "KPM3": null,
      "Demo": 0,
      "KPM4": null,
      "Med": 0,
      "KPM5": null,
      "HwG": 33.0,
      "KPM6": 3.3,
      "Pyro": 0,
      "KPM7": null,
      "Spy": 0,
      "KPM8": null,
      "Eng": 0,
      "KPM9": null,
      "SG": 0,
      "KPM0": null
    },
    {
      "Name": "fraggeduk",
      "Sco": 0,
      "KPM1": null,
      "Sold": 0,
      "KPM3": null,
      "Demo": 0,
      "KPM4": null,
      "Med": 0,
      "KPM5": null,
      "HwG": 0,
      "KPM6": null,
      "Pyro": 11.0,
      "KPM7": 1.1,
      "Spy": 0,
      "KPM8": null,
      "Eng": 0,
      "KPM9": null,
      "SG": 0,
      "KPM0": null
    },
    {
      "Name": "fyllo",
      "Sco": 0,
      "KPM1": null,
      "Sold": 15.0,
      "KPM3": 1.5,
      "Demo": 0,
      "KPM4": null,
      "Med": 0,
      "KPM5": null,
      "HwG": 0,
      "KPM6": null,
      "Pyro": 0,
      "KPM7": null,
      "Spy": 0,
      "KPM8": null,
      "Eng": 0,
      "KPM9": null,
      "SG": 0,
      "KPM0": null
    },
    {
      "Name": "audriz.uk.usa",
      "Sco": 0,
      "KPM1": null,
      "Sold": 33.0,
      "KPM3": 3.3,
      "Demo": 0,
      "KPM4": null,
      "Med": 0,
      "KPM5": null,
      "HwG": 0,
      "KPM6": null,
      "Pyro": 0,
      "KPM7": null,
      "Spy": 0,
      "KPM8": null,
      "Eng": 0,
      "KPM9": null,
      "SG": 0,
      "KPM0": null
    },
    {
      "Name": "eustm.fi",
      "Sco": 0,
      "KPM1": null,
      "Sold": 0,
      "KPM3": null,
      "Demo": 0,
      "KPM4": null,
      "Med": 0,
      "KPM5": null,
      "HwG": 14.0,
      "KPM6": 1.4,
      "Pyro": 0,
      "KPM7": null,
      "Spy": 0,
      "KPM8": null,
      "Eng": 0,
      "KPM9": null,
      "SG": 0,
      "KPM0": null
    },
    {
      "Name": "mex.bw",
      "Sco": 0,
      "KPM1": null,
      "Sold": 0,
      "KPM3": null,
      "Demo": 0,
      "KPM4": null,
      "Med": 0,
      "KPM5": null,
      "HwG": 0,
      "KPM6": null,
      "Pyro": 0,
      "KPM7": null,
      "Spy": 0,
      "KPM8": null,
      "Eng": 27.0,
      "KPM9": 2.7,
      "SG": 12.0,
      "KPM0": 1.2
    },
    {
      "Name": "pecan",
      "Sco": 0,
      "KPM1": null,
      "Sold": 0,
      "KPM3": null,
      "Demo": 23.0,
      "KPM4": 2.3,
      "Med": 0,
      "KPM5": null,
      "HwG": 0,
      "KPM6": null,
      "Pyro": 0,
      "KPM7": null,
      "Spy": 0,
      "KPM8": null,
      "Eng": 0,
      "KPM9": null,
      "SG": 0,
      "KPM0": null
    },
    {
      "Name": "rspredator",
      "Sco": 0,
      "KPM1": null,
      "Sold": 0,
      "KPM3": null,
      "Demo": 0,
      "KPM4": null,
      "Med": 0,
      "KPM5": null,
      "HwG": 0,
      "KPM6": null,
      "Pyro": 14.0,
      "KPM7": 1.4,
      "Spy": 0,
      "KPM8": null,
      "Eng": 0,
      "KPM9": null,
      "SG": 0,
      "KPM0": null
    }
  ],
  "ClassTimeAttack": [
    {
      "Name": "eub4s1c.fi",
      "Sco": 0,
      "Sold": 0,
      "Demo": 0,
      "Med": 0,
      "HwG": 0,
      "Pyro": 600,
      "Spy": 0,
      "Eng": 0
    },
    {
      "Name": "euhaunter.pt",
      "Sco": 0,
      "Sold": 0,
      "Demo": 359,
      "Med": 0,
      "HwG": 0,
      "Pyro": 0,
      "Spy": 241,
      "Eng": 0
    },
    {
      "Name": "eusharky.de",
      "Sco": 0,
      "Sold": 0,
      "Demo": 0,
      "Med": 600,
      "HwG": 0,
      "Pyro": 0,
      "Spy": 0,
      "Eng": 0
    },
    {
      "Name": "fraggeduk",
      "Sco": 600,
      "Sold": 0,
      "Demo": 0,
      "Med": 0,
      "HwG": 0,
      "Pyro": 0,
      "Spy": 0,
      "Eng": 0
    },
    {
      "Name": "fyllo",
      "Sco": 0,
      "Sold": 600,
      "Demo": 0,
      "Med": 0,
      "HwG": 0,
      "Pyro": 0,
      "Spy": 0,
      "Eng": 0
    },
    {
      "Name": "audriz.uk.usa",
      "Sco": 0,
      "Sold": 600,
      "Demo": 0,
      "Med": 0,
      "HwG": 0,
      "Pyro": 0,
      "Spy": 0,
      "Eng": 0
    },
    {
      "Name": "eustm.fi",
      "Sco": 0,
      "Sold": 0,
      "Demo": 0,
      "Med": 0,
      "HwG": 0,
      "Pyro": 0,
      "Spy": 600,
      "Eng": 0
    },
    {
      "Name": "mex.bw",
      "Sco": 600,
      "Sold": 0,
      "Demo": 0,
      "Med": 0,
      "HwG": 0,
      "Pyro": 0,
      "Spy": 0,
      "Eng": 0
    },
    {
      "Name": "pecan",
      "Sco": 0,
      "Sold": 0,
      "Demo": 0,
      "Med": 0,
      "HwG": 0,
      "Pyro": 600,
      "Spy": 0,
      "Eng": 0
    },
    {
      "Name": "rspredator",
      "Sco": 0,
      "Sold": 0,
      "Demo": 0,
      "Med": 600,
      "HwG": 0,
      "Pyro": 0,
      "Spy": 0,
      "Eng": 0
    }
  ],
  "ClassTimeDefence": [
    {
      "Name": "bvll#savetf2",
      "Sco": 0,
      "Sold": 0,
      "Demo": 0,
      "Med": 0,
      "HwG": 600,
      "Pyro": 0,
      "Spy": 0,
      "Eng": 0
    },
    {
      "Name": "eub4s1c.fi",
      "Sco": 0,
      "Sold": 0,
      "Demo": 600,
      "Med": 0,
      "HwG": 0,
      "Pyro": 0,
      "Spy": 0,
      "Eng": 0
    },
    {
      "Name": "euhaunter.pt",
      "Sco": 0,
      "Sold": 0,
      "Demo": 0,
      "Med": 0,
      "HwG": 0,
      "Pyro": 0,
      "Spy": 0,
      "Eng": 600
    },
    {
      "Name": "eusharky.de",
      "Sco": 0,
      "Sold": 0,
      "Demo": 0,
      "Med": 0,
      "HwG": 600,
      "Pyro": 0,
      "Spy": 0,
      "Eng": 0
    },
    {
      "Name": "fraggeduk",
      "Sco": 0,
      "Sold": 0,
      "Demo": 0,
      "Med": 0,
      "HwG": 0,
      "Pyro": 600,
      "Spy": 0,
      "Eng": 0
    },
    {
      "Name": "fyllo",
      "Sco": 0,
      "Sold": 600,
      "Demo": 0,
      "Med": 0,
      "HwG": 0,
      "Pyro": 0,
      "Spy": 0,
      "Eng": 0
    },
    {
      "Name": "audriz.uk.usa",
      "Sco": 0,
      "Sold": 600,
      "Demo": 0,
      "Med": 0,
      "HwG": 0,
      "Pyro": 0,
      "Spy": 0,
      "Eng": 0
    },
    {
      "Name": "eustm.fi",
      "Sco": 0,
      "Sold": 0,
      "Demo": 0,
      "Med": 0,
      "HwG": 600,
      "Pyro": 0,
      "Spy": 0,
      "Eng": 0
    },
    {
      "Name": "mex.bw",
      "Sco": 0,
      "Sold": 0,
      "Demo": 0,
      "Med": 0,
      "HwG": 0,
      "Pyro": 0,
      "Spy": 0,
      "Eng": 600
    },
    {
      "Name": "pecan",
      "Sco": 0,
      "Sold": 0,
      "Demo": 600,
      "Med": 0,
      "HwG": 0,
      "Pyro": 0,
      "Spy": 0,
      "Eng": 0
    },
    {
      "Name": "rspredator",
      "Sco": 0,
      "Sold": 0,
      "Demo": 0,
      "Med": 0,
      "HwG": 0,
      "Pyro": 600,
      "Spy": 0,
      "Eng": 0
    }
  ]
}
