{
  "Matches": [
    {
      "Server": "virginia/staging",
      "Match": "2023-05-07-21-48-07_[ff-schtop]",
      "Winner": "Team1",
      "Rating": "33 %",
      "Score1": 50,
      "Team1": "4l[cray,4lbone,4lgonadsandstrife,kabuto",
      "Score2": 40,
      "Team2": "b4s1c,bvr,kylarn,stm"
    }
  ],
  "SummaryAttack": [
    {
      "Name": "4l[cray",
      "KPM": 1.7,
      "KD": 0.65,
      "Kills": 17,
      "Death": 26,
      "TKill": 1,
      "Dmg": 2452.0,
      "DPM": 245.0,
      "FlagCap": 1.0,
      "FlagTake": 8.0,
      "FlagTime": "0:28",
      "FlagStop": 0,
      "Win": 1,
      "Draw": 0,
      "Loss": 0,
      "TimePlayed": "10:00",
      "Classes": "Med  100 %"
    },
    {
      "Name": "4lbone",
      "KPM": 1.5,
      "KD": 0.54,
      "Kills": 15,
      "Death": 28,
      "TKill": 1,
      "Dmg": 2531.0,
      "DPM": 253.0,
      "FlagCap": 3.0,
      "FlagTake": 16.0,
      "FlagTime": "1:23",
      "FlagStop": 0,
      "Win": 1,
      "Draw": 0,
      "Loss": 0,
      "TimePlayed": "10:00",
      "Classes": "Pyro 100 %"
    },
    {
      "Name": "4lgonadsandstrife",
      "KPM": 2.1,
      "KD": 0.81,
      "Kills": 21,
      "Death": 26,
      "TKill": 0,
      "Dmg": 5286.0,
      "DPM": 529.0,
      "FlagCap": 1.0,
      "FlagTake": 6.0,
      "FlagTime": "0:33",
      "FlagStop": 0,
      "Win": 1,
      "Draw": 0,
      "Loss": 0,
      "TimePlayed": "10:00",
      "Classes": "Sold 100 %"
    },
    {
      "Name": "kabuto",
      "KPM": 0.4,
      "KD": 0.15,
      "Kills": 4,
      "Death": 26,
      "TKill": 0,
      "Dmg": 1189.0,
      "DPM": 119.0,
      "FlagCap": 1,
      "FlagTake": 4.0,
      "FlagTime": "0:04",
      "FlagStop": 0,
      "Win": 1,
      "Draw": 0,
      "Loss": 0,
      "TimePlayed": "10:00",
      "Classes": "Spy  100 %"
    },
    {
      "Name": "b4s1c",
      "KPM": 1.7,
      "KD": 0.63,
      "Kills": 17,
      "Death": 27,
      "TKill": 2,
      "Dmg": 4126.0,
      "DPM": 413.0,
      "FlagCap": 2.0,
      "FlagTake": 6.0,
      "FlagTime": "0:48",
      "FlagStop": 0,
      "Win": 0,
      "Draw": 0,
      "Loss": 1,
      "TimePlayed": "10:00",
      "Classes": "Sold 100 %"
    },
    {
      "Name": "bvr",
      "KPM": 1.2,
      "KD": 0.48,
      "Kills": 12,
      "Death": 25,
      "TKill": 1,
      "Dmg": 3023.0,
      "DPM": 302.0,
      "FlagCap": 2.0,
      "FlagTake": 10.0,
      "FlagTime": "0:43",
      "FlagStop": 0,
      "Win": 0,
      "Draw": 0,
      "Loss": 1,
      "TimePlayed": "10:00",
      "Classes": "Med  100 %"
    },
    {
      "Name": "kylarn",
      "KPM": 2.7,
      "KD": 0.9,
      "Kills": 27,
      "Death": 30,
      "TKill": 1,
      "Dmg": 5015.0,
      "DPM": 502.0,
      "FlagCap": 1,
      "FlagTake": 8.0,
      "FlagTime": "0:08",
      "FlagStop": 0,
      "Win": 0,
      "Draw": 0,
      "Loss": 1,
      "TimePlayed": "10:00",
      "Classes": "Pyro 100 %"
    },
    {
      "Name": "stm",
      "KPM": 1.3,
      "KD": 0.45,
      "Kills": 13,
      "Death": 29,
      "TKill": 4,
      "Dmg": 1806.0,
      "DPM": 181.0,
      "FlagCap": 1,
      "FlagTake": 12.0,
      "FlagTime": "0:21",
      "FlagStop": 0,
      "Win": 0,
      "Draw": 0,
      "Loss": 1,
      "TimePlayed": "10:00",
      "Classes": "Spy  100 %"
    }
  ],
  "SummaryDefence": [
    {
      "Name": "4l[cray",
      "KPM": 3.9,
      "KD": 2.79,
      "Kills": 39,
      "Death": 14,
      "TKill": 7,
      "Dmg": 6620.0,
      "DPM": 662.0,
      "FlagCap": 0,
      "FlagTake": 0,
      "FlagTime": 0,
      "FlagStop": 1,
      "Win": 1,
      "Draw": 0,
      "Loss": 0,
      "TimePlayed": "10:00",
      "Classes": "HwG  100 %"
    },
    {
      "Name": "4lbone",
      "KPM": 3.1,
      "KD": 1.48,
      "Kills": 31,
      "Death": 21,
      "TKill": 6,
      "Dmg": 6090.0,
      "DPM": 609.0,
      "FlagCap": 0,
      "FlagTake": 0,
      "FlagTime": 0,
      "FlagStop": 1,
      "Win": 1,
      "Draw": 0,
      "Loss": 0,
      "TimePlayed": "10:00",
      "Classes": "Demo 100 %"
    },
    {
      "Name": "4lgonadsandstrife",
      "KPM": 1.7,
      "KD": 0.65,
      "Kills": 17,
      "Death": 26,
      "TKill": 5,
      "Dmg": 5056.0,
      "DPM": 506.0,
      "FlagCap": 0,
      "FlagTake": 0,
      "FlagTime": 0,
      "FlagStop": 1.0,
      "Win": 1,
      "Draw": 0,
      "Loss": 0,
      "TimePlayed": "10:00",
      "Classes": "Sold 100 %"
    },
    {
      "Name": "kabuto",
      "KPM": 0.7,
      "KD": 0.3,
      "Kills": 7,
      "Death": 23,
      "TKill": 0,
      "Dmg": 2329.0,
      "DPM": 233.0,
      "FlagCap": 0,
      "FlagTake": 0,
      "FlagTime": 0,
      "FlagStop": 1,
      "Win": 1,
      "Draw": 0,
      "Loss": 0,
      "TimePlayed": "10:00",
      "Classes": "Eng  100 %"
    },
    {
      "Name": "b4s1c",
      "KPM": 3.5,
      "KD": 2.06,
      "Kills": 35,
      "Death": 17,
      "TKill": 8,
      "Dmg": 6123.0,
      "DPM": 612.0,
      "FlagCap": 0,
      "FlagTake": 0,
      "FlagTime": 0,
      "FlagStop": 3.0,
      "Win": 0,
      "Draw": 0,
      "Loss": 1,
      "TimePlayed": "10:00",
      "Classes": "Demo 100 %"
    },
    {
      "Name": "bvr",
      "KPM": 2.0,
      "KD": 0.83,
      "Kills": 20,
      "Death": 24,
      "TKill": 4,
      "Dmg": 4866.0,
      "DPM": 487.0,
      "FlagCap": 0,
      "FlagTake": 0,
      "FlagTime": 0,
      "FlagStop": 1,
      "Win": 0,
      "Draw": 0,
      "Loss": 1,
      "TimePlayed": "10:00",
      "Classes": "Eng  100 %"
    },
    {
      "Name": "kylarn",
      "KPM": 2.5,
      "KD": 1.09,
      "Kills": 25,
      "Death": 23,
      "TKill": 2,
      "Dmg": 5481.0,
      "DPM": 548.0,
      "FlagCap": 0,
      "FlagTake": 0,
      "FlagTime": 0,
      "FlagStop": 1,
      "Win": 0,
      "Draw": 0,
      "Loss": 1,
      "TimePlayed": "10:00",
      "Classes": "Sold 100 %"
    },
    {
      "Name": "stm",
      "KPM": 1.9,
      "KD": 1.46,
      "Kills": 19,
      "Death": 13,
      "TKill": 7,
      "Dmg": 4054.0,
      "DPM": 405.0,
      "FlagCap": 0,
      "FlagTake": 0,
      "FlagTime": 0,
      "FlagStop": 1,
      "Win": 0,
      "Draw": 0,
      "Loss": 1,
      "TimePlayed": "10:00",
      "Classes": "HwG  100 %"
    }
  ],
  "ClassFragAttack": [
    {
      "Name": "4l[cray",
      "Sco": 0,
      "KPM1": null,
      "Sold": 0,
      "KPM3": null,
      "Demo": 0,
      "KPM4": null,
      "Med": 17.0,
      "KPM5": 1.7,
      "HwG": 0,
      "KPM6": null,
      "Pyro": 0,
      "KPM7": null,
      "Spy": 0,
      "KPM8": null,
      "Eng": 0,
      "KPM9": null,
      "SG": 0,
      "KPM0": null
    },
    {
      "Name": "4lbone",
      "Sco": 0,
      "KPM1": null,
      "Sold": 0,
      "KPM3": null,
      "Demo": 0,
      "KPM4": null,
      "Med": 0,
      "KPM5": null,
      "HwG": 0,
      "KPM6": null,
      "Pyro": 15.0,
      "KPM7": 1.5,
      "Spy": 0,
      "KPM8": null,
      "Eng": 0,
      "KPM9": null,
      "SG": 0,
      "KPM0": null
    },
    {
      "Name": "4lgonadsandstrife",
      "Sco": 0,
      "KPM1": null,
      "Sold": 21.0,
      "KPM3": 2.1,
      "Demo": 0,
      "KPM4": null,
      "Med": 0,
      "KPM5": null,
      "HwG": 0,
      "KPM6": null,
      "Pyro": 0,
      "KPM7": null,
      "Spy": 0,
      "KPM8": null,
      "Eng": 0,
      "KPM9": null,
      "SG": 0,
      "KPM0": null
    },
    {
      "Name": "kabuto",
      "Sco": 0,
      "KPM1": null,
      "Sold": 0,
      "KPM3": null,
      "Demo": 0,
      "KPM4": null,
      "Med": 0,
      "KPM5": null,
      "HwG": 0,
      "KPM6": null,
      "Pyro": 0,
      "KPM7": null,
      "Spy": 4.0,
      "KPM8": 0.4,
      "Eng": 0,
      "KPM9": null,
      "SG": 0,
      "KPM0": null
    },
    {
      "Name": "b4s1c",
      "Sco": 0,
      "KPM1": null,
      "Sold": 17.0,
      "KPM3": 1.7,
      "Demo": 0,
      "KPM4": null,
      "Med": 0,
      "KPM5": null,
      "HwG": 0,
      "KPM6": null,
      "Pyro": 0,
      "KPM7": null,
      "Spy": 0,
      "KPM8": null,
      "Eng": 0,
      "KPM9": null,
      "SG": 0,
      "KPM0": null
    },
    {
      "Name": "bvr",
      "Sco": 0,
      "KPM1": null,
      "Sold": 0,
      "KPM3": null,
      "Demo": 0,
      "KPM4": null,
      "Med": 12.0,
      "KPM5": 1.2,
      "HwG": 0,
      "KPM6": null,
      "Pyro": 0,
      "KPM7": null,
      "Spy": 0,
      "KPM8": null,
      "Eng": 0,
      "KPM9": null,
      "SG": 0,
      "KPM0": null
    },
    {
      "Name": "kylarn",
      "Sco": 0,
      "KPM1": null,
      "Sold": 0,
      "KPM3": null,
      "Demo": 0,
      "KPM4": null,
      "Med": 0,
      "KPM5": null,
      "HwG": 0,
      "KPM6": null,
      "Pyro": 27.0,
      "KPM7": 2.7,
      "Spy": 0,
      "KPM8": null,
      "Eng": 0,
      "KPM9": null,
      "SG": 0,
      "KPM0": null
    },
    {
      "Name": "stm",
      "Sco": 0,
      "KPM1": null,
      "Sold": 0,
      "KPM3": null,
      "Demo": 0,
      "KPM4": null,
      "Med": 0,
      "KPM5": null,
      "HwG": 0,
      "KPM6": null,
      "Pyro": 0,
      "KPM7": null,
      "Spy": 13.0,
      "KPM8": 1.3,
      "Eng": 0,
      "KPM9": null,
      "SG": 0,
      "KPM0": null
    }
  ],
  "ClassFragDefence": [
    {
      "Name": "4l[cray",
      "Sco": 0,
      "KPM1": null,
      "Sold": 0,
      "KPM3": null,
      "Demo": 0,
      "KPM4": null,
      "Med": 0,
      "KPM5": null,
      "HwG": 39.0,
      "KPM6": 3.9,
      "Pyro": 0,
      "KPM7": null,
      "Spy": 0,
      "KPM8": null,
      "Eng": 0,
      "KPM9": null,
      "SG": 0,
      "KPM0": null
    },
    {
      "Name": "4lbone",
      "Sco": 0,
      "KPM1": null,
      "Sold": 0,
      "KPM3": null,
      "Demo": 31.0,
      "KPM4": 3.1,
      "Med": 0,
      "KPM5": null,
      "HwG": 0,
      "KPM6": null,
      "Pyro": 0,
      "KPM7": null,
      "Spy": 0,
      "KPM8": null,
      "Eng": 0,
      "KPM9": null,
      "SG": 0,
      "KPM0": null
    },
    {
      "Name": "4lgonadsandstrife",
      "Sco": 0,
      "KPM1": null,
      "Sold": 17.0,
      "KPM3": 1.7,
      "Demo": 0,
      "KPM4": null,
      "Med": 0,
      "KPM5": null,
      "HwG": 0,
      "KPM6": null,
      "Pyro": 0,
      "KPM7": null,
      "Spy": 0,
      "KPM8": null,
      "Eng": 0,
      "KPM9": null,
      "SG": 0,
      "KPM0": null
    },
    {
      "Name": "kabuto",
      "Sco": 0,
      "KPM1": null,
      "Sold": 0,
      "KPM3": null,
      "Demo": 0,
      "KPM4": null,
      "Med": 0,
      "KPM5": null,
      "HwG": 0,
      "KPM6": null,
      "Pyro": 0,
      "KPM7": null,
      "Spy": 0,
      "KPM8": null,
      "Eng": 4.0,
      "KPM9": 0.4,
      "SG": 3.0,
      "KPM0": 0.3
    },
    {
      "Name": "b4s1c",
      "Sco": 0,
      "KPM1": null,
      "Sold": 0,
      "KPM3": null,
      "Demo": 35.0,
      "KPM4": 3.5,
      "Med": 0,
      "KPM5": null,
      "HwG": 0,
      "KPM6": null,
      "Pyro": 0,
      "KPM7": null,
      "Spy": 0,
      "KPM8": null,
      "Eng": 0,
      "KPM9": null,
      "SG": 0,
      "KPM0": null
    },
    {
      "Name": "bvr",
      "Sco": 0,
      "KPM1": null,
      "Sold": 0,
      "KPM3": null,
      "Demo": 0,
      "KPM4": null,
      "Med": 0,
      "KPM5": null,
      "HwG": 0,
      "KPM6": null,
      "Pyro": 0,
      "KPM7": null,
      "Spy": 0,
      "KPM8": null,
      "Eng": 12.0,
      "KPM9": 1.2,
      "SG": 8.0,
      "KPM0": 0.8
    },
    {
      "Name": "kylarn",
      "Sco": 0,
      "KPM1": null,
      "Sold": 25.0,
      "KPM3": 2.5,
      "Demo": 0,
      "KPM4": null,
      "Med": 0,
      "KPM5": null,
      "HwG": 0,
      "KPM6": null,
      "Pyro": 0,
      "KPM7": null,
      "Spy": 0,
      "KPM8": null,
      "Eng": 0,
      "KPM9": null,
      "SG": 0,
      "KPM0": null
    },
    {
      "Name": "stm",
      "Sco": 0,
      "KPM1": null,
      "Sold": 0,
      "KPM3": null,
      "Demo": 0,
      "KPM4": null,
      "Med": 0,
      "KPM5": null,
      "HwG": 19.0,
      "KPM6": 1.9,
      "Pyro": 0,
      "KPM7": null,
      "Spy": 0,
      "KPM8": null,
      "Eng": 0,
      "KPM9": null,
      "SG": 0,
      "KPM0": null
    }
  ],
  "ClassTimeAttack": [
    {
      "Name": "4l[cray",
      "Sco": 0,
      "Sold": 0,
      "Demo": 0,
      "Med": 600,
      "HwG": 0,
      "Pyro": 0,
      "Spy": 0,
      "Eng": 0
    },
    {
      "Name": "4lbone",
      "Sco": 0,
      "Sold": 0,
      "Demo": 0,
      "Med": 0,
      "HwG": 0,
      "Pyro": 600,
      "Spy": 0,
      "Eng": 0
    },
    {
      "Name": "4lgonadsandstrife",
      "Sco": 0,
      "Sold": 600,
      "Demo": 0,
      "Med": 0,
      "HwG": 0,
      "Pyro": 0,
      "Spy": 0,
      "Eng": 0
    },
    {
      "Name": "kabuto",
      "Sco": 0,
      "Sold": 0,
      "Demo": 0,
      "Med": 0,
      "HwG": 0,
      "Pyro": 0,
      "Spy": 600,
      "Eng": 0
    },
    {
      "Name": "b4s1c",
      "Sco": 0,
      "Sold": 600,
      "Demo": 0,
      "Med": 0,
      "HwG": 0,
      "Pyro": 0,
      "Spy": 0,
      "Eng": 0
    },
    {
      "Name": "bvr",
      "Sco": 0,
      "Sold": 0,
      "Demo": 0,
      "Med": 600,
      "HwG": 0,
      "Pyro": 0,
      "Spy": 0,
      "Eng": 0
    },
    {
      "Name": "kylarn",
      "Sco": 0,
      "Sold": 0,
      "Demo": 0,
      "Med": 0,
      "HwG": 0,
      "Pyro": 600,
      "Spy": 0,
      "Eng": 0
    },
    {
      "Name": "stm",
      "Sco": 0,
      "Sold": 0,
      "Demo": 0,
      "Med": 0,
      "HwG": 0,
      "Pyro": 0,
      "Spy": 600,
      "Eng": 0
    }
  ],
  "ClassTimeDefence": [
    {
      "Name": "4l[cray",
      "Sco": 0,
      "Sold": 0,
      "Demo": 0,
      "Med": 0,
      "HwG": 600,
      "Pyro": 0,
      "Spy": 0,
      "Eng": 0
    },
    {
      "Name": "4lbone",
      "Sco": 0,
      "Sold": 0,
      "Demo": 600,
      "Med": 0,
      "HwG": 0,
      "Pyro": 0,
      "Spy": 0,
      "Eng": 0
    },
    {
      "Name": "4lgonadsandstrife",
      "Sco": 0,
      "Sold": 600,
      "Demo": 0,
      "Med": 0,
      "HwG": 0,
      "Pyro": 0,
      "Spy": 0,
      "Eng": 0
    },
    {
      "Name": "kabuto",
      "Sco": 0,
      "Sold": 0,
      "Demo": 0,
      "Med": 0,
      "HwG": 0,
      "Pyro": 0,
      "Spy": 0,
      "Eng": 600
    },
    {
      "Name": "b4s1c",
      "Sco": 0,
      "Sold": 0,
      "Demo": 600,
      "Med": 0,
      "HwG": 0,
      "Pyro": 0,
      "Spy": 0,
      "Eng": 0
    },
    {
      "Name": "bvr",
      "Sco": 0,
      "Sold": 0,
      "Demo": 0,
      "Med": 0,
      "HwG": 0,
      "Pyro": 0,
      "Spy": 0,
      "Eng": 600
    },
    {
      "Name": "kylarn",
      "Sco": 0,
      "Sold": 600,
      "Demo": 0,
      "Med": 0,
      "HwG": 0,
      "Pyro": 0,
      "Spy": 0,
      "Eng": 0
    },
    {
      "Name": "stm",
      "Sco": 0,
      "Sold": 0,
      "Demo": 0,
      "Med": 0,
      "HwG": 600,
      "Pyro": 0,
      "Spy": 0,
      "Eng": 0
    }
  ]
}
