{
  "Matches": [
    {
      "Server": "virginia/staging",
      "Match": "2023-07-27-20-51-27_[rs_zzr]",
      "Winner": "Team2",
      "Rating": "12 %",
      "Score1": 40,
      "Team1": "bugattiwwg,justicewwg,lorenziniwwg,ultrarecruit.wwgr",
      "Score2": 50,
      "Team2": "eub4s1c.fi,euhaunter.pt,eupain.pl,eusharky.de"
    }
  ],
  "SummaryAttack": [
    {
      "Name": "bugattiwwg",
      "KPM": 2.4,
      "KD": 0.86,
      "Kills": 24,
      "Death": 28,
      "TKill": 1,
      "Dmg": 3728.0,
      "DPM": 373.0,
      "FlagCap": 2.0,
      "FlagTake": 11.0,
      "FlagTime": "1:09",
      "FlagStop": 0,
      "Win": 0,
      "Draw": 0,
      "Loss": 1,
      "TimePlayed": "10:00",
      "Classes": "Sold 100 %"
    },
    {
      "Name": "justicewwg",
      "KPM": 1.5,
      "KD": 0.58,
      "Kills": 15,
      "Death": 26,
      "TKill": 1,
      "Dmg": 3069.0,
      "DPM": 307.0,
      "FlagCap": 1.0,
      "FlagTake": 16.0,
      "FlagTime": "0:41",
      "FlagStop": 0,
      "Win": 0,
      "Draw": 0,
      "Loss": 1,
      "TimePlayed": "10:00",
      "Classes": "Spy  100 %"
    },
    {
      "Name": "lorenziniwwg",
      "KPM": 1.8,
      "KD": 0.58,
      "Kills": 18,
      "Death": 31,
      "TKill": 1,
      "Dmg": 3746.0,
      "DPM": 375.0,
      "FlagCap": 1,
      "FlagTake": 6.0,
      "FlagTime": "0:06",
      "FlagStop": 0,
      "Win": 0,
      "Draw": 0,
      "Loss": 1,
      "TimePlayed": "10:00",
      "Classes": "Med  100 %"
    },
    {
      "Name": "ultrarecruit.wwgr",
      "KPM": 2.2,
      "KD": 0.73,
      "Kills": 22,
      "Death": 30,
      "TKill": 1,
      "Dmg": 4882.0,
      "DPM": 488.0,
      "FlagCap": 1.0,
      "FlagTake": 5.0,
      "FlagTime": "0:30",
      "FlagStop": 0,
      "Win": 0,
      "Draw": 0,
      "Loss": 1,
      "TimePlayed": "10:00",
      "Classes": "Pyro 100 %"
    },
    {
      "Name": "eub4s1c.fi",
      "KPM": 1.6,
      "KD": 0.52,
      "Kills": 14,
      "Death": 27,
      "TKill": 0,
      "Dmg": 4270.0,
      "DPM": 487.0,
      "FlagCap": 1,
      "FlagTake": 5.0,
      "FlagTime": "0:07",
      "FlagStop": 0,
      "Win": 1,
      "Draw": 0,
      "Loss": 0,
      "TimePlayed": "8:46",
      "Classes": "Pyro 100 %"
    },
    {
      "Name": "euhaunter.pt",
      "KPM": 2.28,
      "KD": 0.74,
      "Kills": 20,
      "Death": 27,
      "TKill": 1,
      "Dmg": 4332.0,
      "DPM": 494.0,
      "FlagCap": 1.0,
      "FlagTake": 11.0,
      "FlagTime": "0:34",
      "FlagStop": 0,
      "Win": 1,
      "Draw": 0,
      "Loss": 0,
      "TimePlayed": "8:46",
      "Classes": "Sold 100 %"
    },
    {
      "Name": "eupain.pl",
      "KPM": 0.91,
      "KD": 0.29,
      "Kills": 8,
      "Death": 28,
      "TKill": 0,
      "Dmg": 1241.0,
      "DPM": 142.0,
      "FlagCap": 2.0,
      "FlagTake": 10.0,
      "FlagTime": "0:46",
      "FlagStop": 0,
      "Win": 1,
      "Draw": 0,
      "Loss": 0,
      "TimePlayed": "8:46",
      "Classes": "Spy  89 %|Sco  11 %"
    },
    {
      "Name": "eusharky.de",
      "KPM": 1.48,
      "KD": 0.45,
      "Kills": 13,
      "Death": 29,
      "TKill": 0,
      "Dmg": 2582.0,
      "DPM": 295.0,
      "FlagCap": 2.0,
      "FlagTake": 11.0,
      "FlagTime": "0:54",
      "FlagStop": 0,
      "Win": 1,
      "Draw": 0,
      "Loss": 0,
      "TimePlayed": "8:46",
      "Classes": "Med  100 %"
    }
  ],
  "SummaryDefence": [
    {
      "Name": "bugattiwwg",
      "KPM": 2.97,
      "KD": 1.44,
      "Kills": 26,
      "Death": 18,
      "TKill": 8,
      "Dmg": 5891.0,
      "DPM": 672.0,
      "FlagCap": 0,
      "FlagTake": 0,
      "FlagTime": 0,
      "FlagStop": 1,
      "Win": 0,
      "Draw": 0,
      "Loss": 1,
      "TimePlayed": "8:46",
      "Classes": "HwG  100 %"
    },
    {
      "Name": "justicewwg",
      "KPM": 2.97,
      "KD": 1.04,
      "Kills": 26,
      "Death": 25,
      "TKill": 10,
      "Dmg": 5540.0,
      "DPM": 632.0,
      "FlagCap": 0,
      "FlagTake": 0,
      "FlagTime": 0,
      "FlagStop": 1,
      "Win": 0,
      "Draw": 0,
      "Loss": 1,
      "TimePlayed": "8:46",
      "Classes": "Demo 100 %"
    },
    {
      "Name": "lorenziniwwg",
      "KPM": 3.19,
      "KD": 1.0,
      "Kills": 28,
      "Death": 28,
      "TKill": 3,
      "Dmg": 5999.0,
      "DPM": 684.0,
      "FlagCap": 0,
      "FlagTake": 0,
      "FlagTime": 0,
      "FlagStop": 1,
      "Win": 0,
      "Draw": 0,
      "Loss": 1,
      "TimePlayed": "8:46",
      "Classes": "Pyro 100 %"
    },
    {
      "Name": "ultrarecruit.wwgr",
      "KPM": 2.74,
      "KD": 1.14,
      "Kills": 24,
      "Death": 21,
      "TKill": 0,
      "Dmg": 3610.0,
      "DPM": 412.0,
      "FlagCap": 0,
      "FlagTake": 0,
      "FlagTime": 0,
      "FlagStop": 1,
      "Win": 0,
      "Draw": 0,
      "Loss": 1,
      "TimePlayed": "8:46",
      "Classes": "Eng  100 %"
    },
    {
      "Name": "eub4s1c.fi",
      "KPM": 3.3,
      "KD": 1.57,
      "Kills": 33,
      "Death": 21,
      "TKill": 4,
      "Dmg": 4396.0,
      "DPM": 440.0,
      "FlagCap": 0,
      "FlagTake": 0,
      "FlagTime": 0,
      "FlagStop": 1,
      "Win": 1,
      "Draw": 0,
      "Loss": 0,
      "TimePlayed": "10:00",
      "Classes": "Demo 100 %"
    },
    {
      "Name": "euhaunter.pt",
      "KPM": 2.6,
      "KD": 1.0,
      "Kills": 26,
      "Death": 26,
      "TKill": 6,
      "Dmg": 7097.0,
      "DPM": 710.0,
      "FlagCap": 0,
      "FlagTake": 0,
      "FlagTime": 0,
      "FlagStop": 1,
      "Win": 1,
      "Draw": 0,
      "Loss": 0,
      "TimePlayed": "10:00",
      "Classes": "Sold 100 %"
    },
    {
      "Name": "eupain.pl",
      "KPM": 2.4,
      "KD": 0.92,
      "Kills": 24,
      "Death": 26,
      "TKill": 5,
      "Dmg": 4698.0,
      "DPM": 470.0,
      "FlagCap": 0,
      "FlagTake": 0,
      "FlagTime": 0,
      "FlagStop": 1,
      "Win": 1,
      "Draw": 0,
      "Loss": 0,
      "TimePlayed": "10:00",
      "Classes": "Pyro 100 %"
    },
    {
      "Name": "eusharky.de",
      "KPM": 1.7,
      "KD": 0.85,
      "Kills": 17,
      "Death": 20,
      "TKill": 2,
      "Dmg": 4742.0,
      "DPM": 474.0,
      "FlagCap": 0,
      "FlagTake": 0,
      "FlagTime": 0,
      "FlagStop": 1,
      "Win": 1,
      "Draw": 0,
      "Loss": 0,
      "TimePlayed": "10:00",
      "Classes": "Eng  100 %"
    }
  ],
  "ClassFragAttack": [
    {
      "Name": "bugattiwwg",
      "Sco": 0,
      "KPM1": null,
      "Sold": 24.0,
      "KPM3": 2.4,
      "Demo": 0,
      "KPM4": null,
      "Med": 0,
      "KPM5": null,
      "HwG": 0,
      "KPM6": null,
      "Pyro": 0,
      "KPM7": null,
      "Spy": 0,
      "KPM8": null,
      "Eng": 0,
      "KPM9": null,
      "SG": 0,
      "KPM0": null
    },
    {
      "Name": "justicewwg",
      "Sco": 0,
      "KPM1": null,
      "Sold": 0,
      "KPM3": null,
      "Demo": 0,
      "KPM4": null,
      "Med": 0,
      "KPM5": null,
      "HwG": 0,
      "KPM6": null,
      "Pyro": 0,
      "KPM7": null,
      "Spy": 15.0,
      "KPM8": 1.5,
      "Eng": 0,
      "KPM9": null,
      "SG": 0,
      "KPM0": null
    },
    {
      "Name": "lorenziniwwg",
      "Sco": 0,
      "KPM1": null,
      "Sold": 0,
      "KPM3": null,
      "Demo": 0,
      "KPM4": null,
      "Med": 18.0,
      "KPM5": 1.8,
      "HwG": 0,
      "KPM6": null,
      "Pyro": 0,
      "KPM7": null,
      "Spy": 0,
      "KPM8": null,
      "Eng": 0,
      "KPM9": null,
      "SG": 0,
      "KPM0": null
    },
    {
      "Name": "ultrarecruit.wwgr",
      "Sco": 0,
      "KPM1": null,
      "Sold": 0,
      "KPM3": null,
      "Demo": 0,
      "KPM4": null,
      "Med": 0,
      "KPM5": null,
      "HwG": 0,
      "KPM6": null,
      "Pyro": 22.0,
      "KPM7": 2.2,
      "Spy": 0,
      "KPM8": null,
      "Eng": 0,
      "KPM9": null,
      "SG": 0,
      "KPM0": null
    },
    {
      "Name": "eub4s1c.fi",
      "Sco": 0,
      "KPM1": null,
      "Sold": 0,
      "KPM3": null,
      "Demo": 0,
      "KPM4": null,
      "Med": 0,
      "KPM5": null,
      "HwG": 0,
      "KPM6": null,
      "Pyro": 14.0,
      "KPM7": 1.6,
      "Spy": 0,
      "KPM8": null,
      "Eng": 0,
      "KPM9": null,
      "SG": 0,
      "KPM0": null
    },
    {
      "Name": "euhaunter.pt",
      "Sco": 0,
      "KPM1": null,
      "Sold": 20.0,
      "KPM3": 2.28,
      "Demo": 0,
      "KPM4": null,
      "Med": 0,
      "KPM5": null,
      "HwG": 0,
      "KPM6": null,
      "Pyro": 0,
      "KPM7": null,
      "Spy": 0,
      "KPM8": null,
      "Eng": 0,
      "KPM9": null,
      "SG": 0,
      "KPM0": null
    },
    {
      "Name": "eupain.pl",
      "Sco": 0,
      "KPM1": null,
      "Sold": 0,
      "KPM3": null,
      "Demo": 0,
      "KPM4": null,
      "Med": 0,
      "KPM5": null,
      "HwG": 0,
      "KPM6": null,
      "Pyro": 0,
      "KPM7": null,
      "Spy": 8.0,
      "KPM8": 1.03,
      "Eng": 0,
      "KPM9": null,
      "SG": 0,
      "KPM0": null
    },
    {
      "Name": "eusharky.de",
      "Sco": 0,
      "KPM1": null,
      "Sold": 0,
      "KPM3": null,
      "Demo": 0,
      "KPM4": null,
      "Med": 13.0,
      "KPM5": 1.48,
      "HwG": 0,
      "KPM6": null,
      "Pyro": 0,
      "KPM7": null,
      "Spy": 0,
      "KPM8": null,
      "Eng": 0,
      "KPM9": null,
      "SG": 0,
      "KPM0": null
    }
  ],
  "ClassFragDefence": [
    {
      "Name": "bugattiwwg",
      "Sco": 0,
      "KPM1": null,
      "Sold": 0,
      "KPM3": null,
      "Demo": 0,
      "KPM4": null,
      "Med": 0,
      "KPM5": null,
      "HwG": 26.0,
      "KPM6": 2.97,
      "Pyro": 0,
      "KPM7": null,
      "Spy": 0,
      "KPM8": null,
      "Eng": 0,
      "KPM9": null,
      "SG": 0,
      "KPM0": null
    },
    {
      "Name": "justicewwg",
      "Sco": 0,
      "KPM1": null,
      "Sold": 0,
      "KPM3": null,
      "Demo": 26.0,
      "KPM4": 2.97,
      "Med": 0,
      "KPM5": null,
      "HwG": 0,
      "KPM6": null,
      "Pyro": 0,
      "KPM7": null,
      "Spy": 0,
      "KPM8": null,
      "Eng": 0,
      "KPM9": null,
      "SG": 0,
      "KPM0": null
    },
    {
      "Name": "lorenziniwwg",
      "Sco": 0,
      "KPM1": null,
      "Sold": 0,
      "KPM3": null,
      "Demo": 0,
      "KPM4": null,
      "Med": 0,
      "KPM5": null,
      "HwG": 0,
      "KPM6": null,
      "Pyro": 28.0,
      "KPM7": 3.19,
      "Spy": 0,
      "KPM8": null,
      "Eng": 0,
      "KPM9": null,
      "SG": 0,
      "KPM0": null
    },
    {
      "Name": "ultrarecruit.wwgr",
      "Sco": 0,
      "KPM1": null,
      "Sold": 0,
      "KPM3": null,
      "Demo": 0,
      "KPM4": null,
      "Med": 0,
      "KPM5": null,
      "HwG": 0,
      "KPM6": null,
      "Pyro": 0,
      "KPM7": null,
      "Spy": 0,
      "KPM8": null,
      "Eng": 13.0,
      "KPM9": 1.48,
      "SG": 11.0,
      "KPM0": 1.25
    },
    {
      "Name": "eub4s1c.fi",
      "Sco": 0,
      "KPM1": null,
      "Sold": 0,
      "KPM3": null,
      "Demo": 33.0,
      "KPM4": 3.3,
      "Med": 0,
      "KPM5": null,
      "HwG": 0,
      "KPM6": null,
      "Pyro": 0,
      "KPM7": null,
      "Spy": 0,
      "KPM8": null,
      "Eng": 0,
      "KPM9": null,
      "SG": 0,
      "KPM0": null
    },
    {
      "Name": "euhaunter.pt",
      "Sco": 0,
      "KPM1": null,
      "Sold": 26.0,
      "KPM3": 2.6,
      "Demo": 0,
      "KPM4": null,
      "Med": 0,
      "KPM5": null,
      "HwG": 0,
      "KPM6": null,
      "Pyro": 0,
      "KPM7": null,
      "Spy": 0,
      "KPM8": null,
      "Eng": 0,
      "KPM9": null,
      "SG": 0,
      "KPM0": null
    },
    {
      "Name": "eupain.pl",
      "Sco": 0,
      "KPM1": null,
      "Sold": 0,
      "KPM3": null,
      "Demo": 0,
      "KPM4": null,
      "Med": 0,
      "KPM5": null,
      "HwG": 0,
      "KPM6": null,
      "Pyro": 24.0,
      "KPM7": 2.4,
      "Spy": 0,
      "KPM8": null,
      "Eng": 0,
      "KPM9": null,
      "SG": 0,
      "KPM0": null
    },
    {
      "Name": "eusharky.de",
      "Sco": 0,
      "KPM1": null,
      "Sold": 0,
      "KPM3": null,
      "Demo": 0,
      "KPM4": null,
      "Med": 0,
      "KPM5": null,
      "HwG": 0,
      "KPM6": null,
      "Pyro": 0,
      "KPM7": null,
      "Spy": 0,
      "KPM8": null,
      "Eng": 11.0,
      "KPM9": 1.1,
      "SG": 6.0,
      "KPM0": 0.6
    }
  ],
  "ClassTimeAttack": [
    {
      "Name": "bugattiwwg",
      "Sco": 0,
      "Sold": 600,
      "Demo": 0,
      "Med": 0,
      "HwG": 0,
      "Pyro": 0,
      "Spy": 0,
      "Eng": 0
    },
    {
      "Name": "justicewwg",
      "Sco": 0,
      "Sold": 0,
      "Demo": 0,
      "Med": 0,
      "HwG": 0,
      "Pyro": 0,
      "Spy": 600,
      "Eng": 0
    },
    {
      "Name": "lorenziniwwg",
      "Sco": 0,
      "Sold": 0,
      "Demo": 0,
      "Med": 600,
      "HwG": 0,
      "Pyro": 0,
      "Spy": 0,
      "Eng": 0
    },
    {
      "Name": "ultrarecruit.wwgr",
      "Sco": 0,
      "Sold": 0,
      "Demo": 0,
      "Med": 0,
      "HwG": 0,
      "Pyro": 600,
      "Spy": 0,
      "Eng": 0
    },
    {
      "Name": "eub4s1c.fi",
      "Sco": 0,
      "Sold": 0,
      "Demo": 0,
      "Med": 0,
      "HwG": 0,
      "Pyro": 526,
      "Spy": 0,
      "Eng": 0
    },
    {
      "Name": "euhaunter.pt",
      "Sco": 0,
      "Sold": 526,
      "Demo": 0,
      "Med": 0,
      "HwG": 0,
      "Pyro": 0,
      "Spy": 0,
      "Eng": 0
    },
    {
      "Name": "eupain.pl",
      "Sco": 60,
      "Sold": 0,
      "Demo": 0,
      "Med": 0,
      "HwG": 0,
      "Pyro": 0,
      "Spy": 466,
      "Eng": 0
    },
    {
      "Name": "eusharky.de",
      "Sco": 0,
      "Sold": 0,
      "Demo": 0,
      "Med": 526,
      "HwG": 0,
      "Pyro": 0,
      "Spy": 0,
      "Eng": 0
    }
  ],
  "ClassTimeDefence": [
    {
      "Name": "bugattiwwg",
      "Sco": 0,
      "Sold": 0,
      "Demo": 0,
      "Med": 0,
      "HwG": 526,
      "Pyro": 0,
      "Spy": 0,
      "Eng": 0
    },
    {
      "Name": "justicewwg",
      "Sco": 0,
      "Sold": 0,
      "Demo": 526,
      "Med": 0,
      "HwG": 0,
      "Pyro": 0,
      "Spy": 0,
      "Eng": 0
    },
    {
      "Name": "lorenziniwwg",
      "Sco": 0,
      "Sold": 0,
      "Demo": 0,
      "Med": 0,
      "HwG": 0,
      "Pyro": 526,
      "Spy": 0,
      "Eng": 0
    },
    {
      "Name": "ultrarecruit.wwgr",
      "Sco": 0,
      "Sold": 0,
      "Demo": 0,
      "Med": 0,
      "HwG": 0,
      "Pyro": 0,
      "Spy": 0,
      "Eng": 526
    },
    {
      "Name": "eub4s1c.fi",
      "Sco": 0,
      "Sold": 0,
      "Demo": 600,
      "Med": 0,
      "HwG": 0,
      "Pyro": 0,
      "Spy": 0,
      "Eng": 0
    },
    {
      "Name": "euhaunter.pt",
      "Sco": 0,
      "Sold": 600,
      "Demo": 0,
      "Med": 0,
      "HwG": 0,
      "Pyro": 0,
      "Spy": 0,
      "Eng": 0
    },
    {
      "Name": "eupain.pl",
      "Sco": 0,
      "Sold": 0,
      "Demo": 0,
      "Med": 0,
      "HwG": 0,
      "Pyro": 600,
      "Spy": 0,
      "Eng": 0
    },
    {
      "Name": "eusharky.de",
      "Sco": 0,
      "Sold": 0,
      "Demo": 0,
      "Med": 0,
      "HwG": 0,
      "Pyro": 0,
      "Spy": 0,
      "Eng": 600
    }
  ]
}
