{
  "Matches": [
    {
      "Server": "virginia/staging",
      "Match": "2023-07-23-02-47-06_[h5rdcore_b2]",
      "Winner": "Team2",
      "Rating": "5 %",
      "Score1": 30,
      "Team1": "4lgonadsandstrife,bw,euhaunter.pt,fraggeduk",
      "Score2": 40,
      "Team2": "[hice]hshochkh,0,driz,ricksonfold"
    }
  ],
  "SummaryAttack": [
    {
      "Name": "4lgonadsandstrife",
      "KPM": 1.4,
      "KD": 0.5,
      "Kills": 14,
      "Death": 28,
      "TKill": 0,
      "Dmg": 5016.0,
      "DPM": 502.0,
      "FlagCap": 1,
      "FlagTake": 5.0,
      "FlagTime": "0:21",
      "FlagStop": 0,
      "Win": 0,
      "Draw": 0,
      "Loss": 1,
      "TimePlayed": "10:00",
      "Classes": "Pyro 100 %"
    },
    {
      "Name": "bw",
      "KPM": 3.1,
      "KD": 1.15,
      "Kills": 31,
      "Death": 27,
      "TKill": 2,
      "Dmg": 7063.0,
      "DPM": 706.0,
      "FlagCap": 1,
      "FlagTake": 8.0,
      "FlagTime": "0:15",
      "FlagStop": 0,
      "Win": 0,
      "Draw": 0,
      "Loss": 1,
      "TimePlayed": "10:00",
      "Classes": "Sold 100 %"
    },
    {
      "Name": "euhaunter.pt",
      "KPM": 0.6,
      "KD": 0.22,
      "Kills": 6,
      "Death": 27,
      "TKill": 1,
      "Dmg": 1599.0,
      "DPM": 160.0,
      "FlagCap": 3.0,
      "FlagTake": 11.0,
      "FlagTime": "1:20",
      "FlagStop": 0,
      "Win": 0,
      "Draw": 0,
      "Loss": 1,
      "TimePlayed": "10:00",
      "Classes": "Med  75 %|Sco  25 %"
    },
    {
      "Name": "fraggeduk",
      "KPM": 0.4,
      "KD": 0.18,
      "Kills": 4,
      "Death": 22,
      "TKill": 1,
      "Dmg": 1550.0,
      "DPM": 155.0,
      "FlagCap": 1,
      "FlagTake": 2.0,
      "FlagTime": "0:03",
      "FlagStop": 0,
      "Win": 0,
      "Draw": 0,
      "Loss": 1,
      "TimePlayed": "10:00",
      "Classes": "Spy  100 %"
    },
    {
      "Name": "[hice]hshochkh",
      "KPM": 1.16,
      "KD": 0.37,
      "Kills": 11,
      "Death": 30,
      "TKill": 1,
      "Dmg": 3497.0,
      "DPM": 369.0,
      "FlagCap": 1,
      "FlagTake": 4.0,
      "FlagTime": "0:07",
      "FlagStop": 0,
      "Win": 1,
      "Draw": 0,
      "Loss": 0,
      "TimePlayed": "9:28",
      "Classes": "Med  100 %"
    },
    {
      "Name": "0",
      "KPM": 0.32,
      "KD": 0.1,
      "Kills": 3,
      "Death": 30,
      "TKill": 0,
      "Dmg": 500.0,
      "DPM": 53.0,
      "FlagCap": 1,
      "FlagTake": 10.0,
      "FlagTime": "0:17",
      "FlagStop": 0,
      "Win": 1,
      "Draw": 0,
      "Loss": 0,
      "TimePlayed": "9:28",
      "Classes": "Sco  90 %|Spy  10 %"
    },
    {
      "Name": "driz",
      "KPM": 2.22,
      "KD": 0.88,
      "Kills": 21,
      "Death": 24,
      "TKill": 2,
      "Dmg": 4557.0,
      "DPM": 481.0,
      "FlagCap": 4.0,
      "FlagTake": 13.0,
      "FlagTime": "1:00",
      "FlagStop": 0,
      "Win": 1,
      "Draw": 0,
      "Loss": 0,
      "TimePlayed": "9:28",
      "Classes": "Pyro 96 %|Sold 4 %"
    },
    {
      "Name": "ricksonfold",
      "KPM": 2.54,
      "KD": 0.89,
      "Kills": 24,
      "Death": 27,
      "TKill": 3,
      "Dmg": 5018.0,
      "DPM": 530.0,
      "FlagCap": 1,
      "FlagTake": 7.0,
      "FlagTime": "0:24",
      "FlagStop": 0,
      "Win": 1,
      "Draw": 0,
      "Loss": 0,
      "TimePlayed": "9:28",
      "Classes": "Sold 100 %"
    }
  ],
  "SummaryDefence": [
    {
      "Name": "4lgonadsandstrife",
      "KPM": 3.8,
      "KD": 1.44,
      "Kills": 36,
      "Death": 25,
      "TKill": 7,
      "Dmg": 8001.0,
      "DPM": 845.0,
      "FlagCap": 0,
      "FlagTake": 0,
      "FlagTime": 0,
      "FlagStop": 7.0,
      "Win": 0,
      "Draw": 0,
      "Loss": 1,
      "TimePlayed": "9:28",
      "Classes": "Pyro 100 %"
    },
    {
      "Name": "bw",
      "KPM": 2.11,
      "KD": 0.77,
      "Kills": 20,
      "Death": 26,
      "TKill": 15,
      "Dmg": 4145.0,
      "DPM": 438.0,
      "FlagCap": 0,
      "FlagTake": 0,
      "FlagTime": 0,
      "FlagStop": 5.0,
      "Win": 0,
      "Draw": 0,
      "Loss": 1,
      "TimePlayed": "9:28",
      "Classes": "Demo 100 %"
    },
    {
      "Name": "euhaunter.pt",
      "KPM": 3.59,
      "KD": 1.36,
      "Kills": 34,
      "Death": 25,
      "TKill": 10,
      "Dmg": 8139.0,
      "DPM": 860.0,
      "FlagCap": 0,
      "FlagTake": 0,
      "FlagTime": 0,
      "FlagStop": 1,
      "Win": 0,
      "Draw": 0,
      "Loss": 1,
      "TimePlayed": "9:28",
      "Classes": "Sold 100 %"
    },
    {
      "Name": "fraggeduk",
      "KPM": 0.74,
      "KD": 0.25,
      "Kills": 7,
      "Death": 28,
      "TKill": 1,
      "Dmg": 2479.0,
      "DPM": 262.0,
      "FlagCap": 0,
      "FlagTake": 0,
      "FlagTime": 0,
      "FlagStop": 1,
      "Win": 0,
      "Draw": 0,
      "Loss": 1,
      "TimePlayed": "9:28",
      "Classes": "Eng  100 %"
    },
    {
      "Name": "[hice]hshochkh",
      "KPM": 2.4,
      "KD": 1.0,
      "Kills": 24,
      "Death": 24,
      "TKill": 4,
      "Dmg": 5750.0,
      "DPM": 575.0,
      "FlagCap": 0,
      "FlagTake": 0,
      "FlagTime": 0,
      "FlagStop": 1,
      "Win": 1,
      "Draw": 0,
      "Loss": 0,
      "TimePlayed": "10:00",
      "Classes": "HwG  100 %"
    },
    {
      "Name": "0",
      "KPM": 1.8,
      "KD": 0.72,
      "Kills": 18,
      "Death": 25,
      "TKill": 2,
      "Dmg": 4407.0,
      "DPM": 441.0,
      "FlagCap": 0,
      "FlagTake": 0,
      "FlagTime": 0,
      "FlagStop": 1,
      "Win": 1,
      "Draw": 0,
      "Loss": 0,
      "TimePlayed": "10:00",
      "Classes": "Pyro 100 %"
    },
    {
      "Name": "driz",
      "KPM": 2.2,
      "KD": 1.16,
      "Kills": 22,
      "Death": 19,
      "TKill": 16,
      "Dmg": 5416.0,
      "DPM": 542.0,
      "FlagCap": 0,
      "FlagTake": 0,
      "FlagTime": 0,
      "FlagStop": 3.0,
      "Win": 1,
      "Draw": 0,
      "Loss": 0,
      "TimePlayed": "10:00",
      "Classes": "Demo 100 %"
    },
    {
      "Name": "ricksonfold",
      "KPM": 2.1,
      "KD": 0.81,
      "Kills": 21,
      "Death": 26,
      "TKill": 6,
      "Dmg": 5211.0,
      "DPM": 521.0,
      "FlagCap": 0,
      "FlagTake": 0,
      "FlagTime": 0,
      "FlagStop": 2.0,
      "Win": 1,
      "Draw": 0,
      "Loss": 0,
      "TimePlayed": "10:00",
      "Classes": "Sold 100 %"
    }
  ],
  "ClassFragAttack": [
    {
      "Name": "4lgonadsandstrife",
      "Sco": 0,
      "KPM1": null,
      "Sold": 0,
      "KPM3": null,
      "Demo": 0,
      "KPM4": null,
      "Med": 0,
      "KPM5": null,
      "HwG": 0,
      "KPM6": null,
      "Pyro": 14.0,
      "KPM7": 1.4,
      "Spy": 0,
      "KPM8": null,
      "Eng": 0,
      "KPM9": null,
      "SG": 0,
      "KPM0": null
    },
    {
      "Name": "bw",
      "Sco": 0,
      "KPM1": null,
      "Sold": 31.0,
      "KPM3": 3.1,
      "Demo": 0,
      "KPM4": null,
      "Med": 0,
      "KPM5": null,
      "HwG": 0,
      "KPM6": null,
      "Pyro": 0,
      "KPM7": null,
      "Spy": 0,
      "KPM8": null,
      "Eng": 0,
      "KPM9": null,
      "SG": 0,
      "KPM0": null
    },
    {
      "Name": "euhaunter.pt",
      "Sco": 1.0,
      "KPM1": 0.4,
      "Sold": 0,
      "KPM3": null,
      "Demo": 0,
      "KPM4": null,
      "Med": 5.0,
      "KPM5": 0.67,
      "HwG": 0,
      "KPM6": null,
      "Pyro": 0,
      "KPM7": null,
      "Spy": 0,
      "KPM8": null,
      "Eng": 0,
      "KPM9": null,
      "SG": 0,
      "KPM0": null
    },
    {
      "Name": "fraggeduk",
      "Sco": 0,
      "KPM1": null,
      "Sold": 0,
      "KPM3": null,
      "Demo": 0,
      "KPM4": null,
      "Med": 0,
      "KPM5": null,
      "HwG": 0,
      "KPM6": null,
      "Pyro": 0,
      "KPM7": null,
      "Spy": 4.0,
      "KPM8": 0.4,
      "Eng": 0,
      "KPM9": null,
      "SG": 0,
      "KPM0": null
    },
    {
      "Name": "[hice]hshochkh",
      "Sco": 0,
      "KPM1": null,
      "Sold": 0,
      "KPM3": null,
      "Demo": 0,
      "KPM4": null,
      "Med": 11.0,
      "KPM5": 1.16,
      "HwG": 0,
      "KPM6": null,
      "Pyro": 0,
      "KPM7": null,
      "Spy": 0,
      "KPM8": null,
      "Eng": 0,
      "KPM9": null,
      "SG": 0,
      "KPM0": null
    },
    {
      "Name": "0",
      "Sco": 3.0,
      "KPM1": 0.35,
      "Sold": 0,
      "KPM3": null,
      "Demo": 0,
      "KPM4": null,
      "Med": 0,
      "KPM5": null,
      "HwG": 0,
      "KPM6": null,
      "Pyro": 0,
      "KPM7": null,
      "Spy": 0,
      "KPM8": null,
      "Eng": 0,
      "KPM9": null,
      "SG": 0,
      "KPM0": null
    },
    {
      "Name": "driz",
      "Sco": 0,
      "KPM1": null,
      "Sold": 0,
      "KPM3": null,
      "Demo": 0,
      "KPM4": null,
      "Med": 0,
      "KPM5": null,
      "HwG": 0,
      "KPM6": null,
      "Pyro": 21.0,
      "KPM7": 2.32,
      "Spy": 0,
      "KPM8": null,
      "Eng": 0,
      "KPM9": null,
      "SG": 0,
      "KPM0": null
    },
    {
      "Name": "ricksonfold",
      "Sco": 0,
      "KPM1": null,
      "Sold": 24.0,
      "KPM3": 2.54,
      "Demo": 0,
      "KPM4": null,
      "Med": 0,
      "KPM5": null,
      "HwG": 0,
      "KPM6": null,
      "Pyro": 0,
      "KPM7": null,
      "Spy": 0,
      "KPM8": null,
      "Eng": 0,
      "KPM9": null,
      "SG": 0,
      "KPM0": null
    }
  ],
  "ClassFragDefence": [
    {
      "Name": "4lgonadsandstrife",
      "Sco": 0,
      "KPM1": null,
      "Sold": 0,
      "KPM3": null,
      "Demo": 0,
      "KPM4": null,
      "Med": 0,
      "KPM5": null,
      "HwG": 0,
      "KPM6": null,
      "Pyro": 36.0,
      "KPM7": 3.8,
      "Spy": 0,
      "KPM8": null,
      "Eng": 0,
      "KPM9": null,
      "SG": 0,
      "KPM0": null
    },
    {
      "Name": "bw",
      "Sco": 0,
      "KPM1": null,
      "Sold": 0,
      "KPM3": null,
      "Demo": 20.0,
      "KPM4": 2.11,
      "Med": 0,
      "KPM5": null,
      "HwG": 0,
      "KPM6": null,
      "Pyro": 0,
      "KPM7": null,
      "Spy": 0,
      "KPM8": null,
      "Eng": 0,
      "KPM9": null,
      "SG": 0,
      "KPM0": null
    },
    {
      "Name": "euhaunter.pt",
      "Sco": 0,
      "KPM1": null,
      "Sold": 34.0,
      "KPM3": 3.59,
      "Demo": 0,
      "KPM4": null,
      "Med": 0,
      "KPM5": null,
      "HwG": 0,
      "KPM6": null,
      "Pyro": 0,
      "KPM7": null,
      "Spy": 0,
      "KPM8": null,
      "Eng": 0,
      "KPM9": null,
      "SG": 0,
      "KPM0": null
    },
    {
      "Name": "fraggeduk",
      "Sco": 0,
      "KPM1": null,
      "Sold": 0,
      "KPM3": null,
      "Demo": 0,
      "KPM4": null,
      "Med": 0,
      "KPM5": null,
      "HwG": 0,
      "KPM6": null,
      "Pyro": 0,
      "KPM7": null,
      "Spy": 0,
      "KPM8": null,
      "Eng": 0,
      "KPM9": null,
      "SG": 7.0,
      "KPM0": 0.74
    },
    {
      "Name": "[hice]hshochkh",
      "Sco": 0,
      "KPM1": null,
      "Sold": 0,
      "KPM3": null,
      "Demo": 0,
      "KPM4": null,
      "Med": 0,
      "KPM5": null,
      "HwG": 24.0,
      "KPM6": 2.4,
      "Pyro": 0,
      "KPM7": null,
      "Spy": 0,
      "KPM8": null,
      "Eng": 0,
      "KPM9": null,
      "SG": 0,
      "KPM0": null
    },
    {
      "Name": "0",
      "Sco": 0,
      "KPM1": null,
      "Sold": 0,
      "KPM3": null,
      "Demo": 0,
      "KPM4": null,
      "Med": 0,
      "KPM5": null,
      "HwG": 0,
      "KPM6": null,
      "Pyro": 18.0,
      "KPM7": 1.8,
      "Spy": 0,
      "KPM8": null,
      "Eng": 0,
      "KPM9": null,
      "SG": 0,
      "KPM0": null
    },
    {
      "Name": "driz",
      "Sco": 0,
      "KPM1": null,
      "Sold": 0,
      "KPM3": null,
      "Demo": 22.0,
      "KPM4": 2.2,
      "Med": 0,
      "KPM5": null,
      "HwG": 0,
      "KPM6": null,
      "Pyro": 0,
      "KPM7": null,
      "Spy": 0,
      "KPM8": null,
      "Eng": 0,
      "KPM9": null,
      "SG": 0,
      "KPM0": null
    },
    {
      "Name": "ricksonfold",
      "Sco": 0,
      "KPM1": null,
      "Sold": 21.0,
      "KPM3": 2.1,
      "Demo": 0,
      "KPM4": null,
      "Med": 0,
      "KPM5": null,
      "HwG": 0,
      "KPM6": null,
      "Pyro": 0,
      "KPM7": null,
      "Spy": 0,
      "KPM8": null,
      "Eng": 0,
      "KPM9": null,
      "SG": 0,
      "KPM0": null
    }
  ],
  "ClassTimeAttack": [
    {
      "Name": "4lgonadsandstrife",
      "Sco": 0,
      "Sold": 0,
      "Demo": 0,
      "Med": 0,
      "HwG": 0,
      "Pyro": 600,
      "Spy": 0,
      "Eng": 0
    },
    {
      "Name": "bw",
      "Sco": 0,
      "Sold": 600,
      "Demo": 0,
      "Med": 0,
      "HwG": 0,
      "Pyro": 0,
      "Spy": 0,
      "Eng": 0
    },
    {
      "Name": "euhaunter.pt",
      "Sco": 151,
      "Sold": 0,
      "Demo": 0,
      "Med": 449,
      "HwG": 0,
      "Pyro": 0,
      "Spy": 0,
      "Eng": 0
    },
    {
      "Name": "fraggeduk",
      "Sco": 0,
      "Sold": 0,
      "Demo": 0,
      "Med": 0,
      "HwG": 0,
      "Pyro": 0,
      "Spy": 600,
      "Eng": 0
    },
    {
      "Name": "[hice]hshochkh",
      "Sco": 0,
      "Sold": 0,
      "Demo": 0,
      "Med": 568,
      "HwG": 0,
      "Pyro": 0,
      "Spy": 0,
      "Eng": 0
    },
    {
      "Name": "0",
      "Sco": 510,
      "Sold": 0,
      "Demo": 0,
      "Med": 0,
      "HwG": 0,
      "Pyro": 0,
      "Spy": 58,
      "Eng": 0
    },
    {
      "Name": "driz",
      "Sco": 0,
      "Sold": 25,
      "Demo": 0,
      "Med": 0,
      "HwG": 0,
      "Pyro": 543,
      "Spy": 0,
      "Eng": 0
    },
    {
      "Name": "ricksonfold",
      "Sco": 0,
      "Sold": 568,
      "Demo": 0,
      "Med": 0,
      "HwG": 0,
      "Pyro": 0,
      "Spy": 0,
      "Eng": 0
    }
  ],
  "ClassTimeDefence": [
    {
      "Name": "4lgonadsandstrife",
      "Sco": 0,
      "Sold": 0,
      "Demo": 0,
      "Med": 0,
      "HwG": 0,
      "Pyro": 568,
      "Spy": 0,
      "Eng": 0
    },
    {
      "Name": "bw",
      "Sco": 0,
      "Sold": 0,
      "Demo": 568,
      "Med": 0,
      "HwG": 0,
      "Pyro": 0,
      "Spy": 0,
      "Eng": 0
    },
    {
      "Name": "euhaunter.pt",
      "Sco": 0,
      "Sold": 568,
      "Demo": 0,
      "Med": 0,
      "HwG": 0,
      "Pyro": 0,
      "Spy": 0,
      "Eng": 0
    },
    {
      "Name": "fraggeduk",
      "Sco": 0,
      "Sold": 0,
      "Demo": 0,
      "Med": 0,
      "HwG": 0,
      "Pyro": 0,
      "Spy": 0,
      "Eng": 568
    },
    {
      "Name": "[hice]hshochkh",
      "Sco": 0,
      "Sold": 0,
      "Demo": 0,
      "Med": 0,
      "HwG": 600,
      "Pyro": 0,
      "Spy": 0,
      "Eng": 0
    },
    {
      "Name": "0",
      "Sco": 0,
      "Sold": 0,
      "Demo": 0,
      "Med": 0,
      "HwG": 0,
      "Pyro": 600,
      "Spy": 0,
      "Eng": 0
    },
    {
      "Name": "driz",
      "Sco": 0,
      "Sold": 0,
      "Demo": 600,
      "Med": 0,
      "HwG": 0,
      "Pyro": 0,
      "Spy": 0,
      "Eng": 0
    },
    {
      "Name": "ricksonfold",
      "Sco": 0,
      "Sold": 600,
      "Demo": 0,
      "Med": 0,
      "HwG": 0,
      "Pyro": 0,
      "Spy": 0,
      "Eng": 0
    }
  ]
}
