{
  "Matches": [
    {
      "Server": "virginia/staging",
      "Match": "2023-07-22-23-47-51_[ff-phantomr]",
      "Winner": "Team2",
      "Rating": "25 %",
      "Score1": 40,
      "Team1": "bone,bw,euhaunter.pt,fraggeduk",
      "Score2": 50,
      "Team2": "[hice]hshochkh,driz,mfpecan,ricksonfold"
    }
  ],
  "SummaryAttack": [
    {
      "Name": "bone",
      "KPM": 2.6,
      "KD": 0.87,
      "Kills": 26,
      "Death": 30,
      "TKill": 0,
      "Dmg": 4890.0,
      "DPM": 489.0,
      "FlagCap": 1.0,
      "FlagTake": 3.0,
      "FlagTime": "0:16",
      "FlagStop": 0,
      "Win": 0,
      "Draw": 0,
      "Loss": 1,
      "TimePlayed": "10:00",
      "Classes": "Sold 75 %|Med  25 %"
    },
    {
      "Name": "bw",
      "KPM": 1.2,
      "KD": 0.4,
      "Kills": 12,
      "Death": 30,
      "TKill": 0,
      "Dmg": 2358.0,
      "DPM": 236.0,
      "FlagCap": 1.0,
      "FlagTake": 6.0,
      "FlagTime": "0:31",
      "FlagStop": 0,
      "Win": 0,
      "Draw": 0,
      "Loss": 1,
      "TimePlayed": "10:00",
      "Classes": "Spy  100 %"
    },
    {
      "Name": "euhaunter.pt",
      "KPM": 0.9,
      "KD": 0.28,
      "Kills": 9,
      "Death": 32,
      "TKill": 0,
      "Dmg": 2172.0,
      "DPM": 217.0,
      "FlagCap": 2.0,
      "FlagTake": 13.0,
      "FlagTime": "0:53",
      "FlagStop": 0,
      "Win": 0,
      "Draw": 0,
      "Loss": 1,
      "TimePlayed": "10:00",
      "Classes": "Med  72 %|Sold 28 %"
    },
    {
      "Name": "fraggeduk",
      "KPM": 0.9,
      "KD": 0.33,
      "Kills": 9,
      "Death": 27,
      "TKill": 1,
      "Dmg": 2026.0,
      "DPM": 203.0,
      "FlagCap": 1,
      "FlagTake": 4.0,
      "FlagTime": "0:12",
      "FlagStop": 0,
      "Win": 0,
      "Draw": 0,
      "Loss": 1,
      "TimePlayed": "10:00",
      "Classes": "Pyro 100 %"
    },
    {
      "Name": "[hice]hshochkh",
      "KPM": 3.07,
      "KD": 1.05,
      "Kills": 23,
      "Death": 22,
      "TKill": 1,
      "Dmg": 5517.0,
      "DPM": 737.0,
      "FlagCap": 1.0,
      "FlagTake": 3.0,
      "FlagTime": "0:15",
      "FlagStop": 0,
      "Win": 1,
      "Draw": 0,
      "Loss": 0,
      "TimePlayed": "7:29",
      "Classes": "Pyro 100 %"
    },
    {
      "Name": "driz",
      "KPM": 0.94,
      "KD": 0.33,
      "Kills": 7,
      "Death": 21,
      "TKill": 0,
      "Dmg": 2045.0,
      "DPM": 273.0,
      "FlagCap": 2.0,
      "FlagTake": 6.0,
      "FlagTime": "0:47",
      "FlagStop": 0,
      "Win": 1,
      "Draw": 0,
      "Loss": 0,
      "TimePlayed": "7:29",
      "Classes": "Med  100 %"
    },
    {
      "Name": "mfpecan",
      "KPM": 2.54,
      "KD": 0.79,
      "Kills": 19,
      "Death": 24,
      "TKill": 4,
      "Dmg": 4997.0,
      "DPM": 668.0,
      "FlagCap": 1.0,
      "FlagTake": 7.0,
      "FlagTime": "0:21",
      "FlagStop": 0,
      "Win": 1,
      "Draw": 0,
      "Loss": 0,
      "TimePlayed": "7:29",
      "Classes": "Sold 100 %"
    },
    {
      "Name": "ricksonfold",
      "KPM": 2.0,
      "KD": 0.68,
      "Kills": 15,
      "Death": 22,
      "TKill": 1,
      "Dmg": 2491.0,
      "DPM": 333.0,
      "FlagCap": 1.0,
      "FlagTake": 8.0,
      "FlagTime": "0:33",
      "FlagStop": 0,
      "Win": 1,
      "Draw": 0,
      "Loss": 0,
      "TimePlayed": "7:29",
      "Classes": "Spy  100 %"
    }
  ],
  "SummaryDefence": [
    {
      "Name": "bone",
      "KPM": 2.14,
      "KD": 0.76,
      "Kills": 16,
      "Death": 21,
      "TKill": 5,
      "Dmg": 3351.0,
      "DPM": 448.0,
      "FlagCap": 0,
      "FlagTake": 0,
      "FlagTime": 0,
      "FlagStop": 4.0,
      "Win": 0,
      "Draw": 0,
      "Loss": 1,
      "TimePlayed": "7:29",
      "Classes": "Demo 100 %"
    },
    {
      "Name": "bw",
      "KPM": 2.0,
      "KD": 0.79,
      "Kills": 15,
      "Death": 19,
      "TKill": 4,
      "Dmg": 5377.0,
      "DPM": 719.0,
      "FlagCap": 0,
      "FlagTake": 0,
      "FlagTime": 0,
      "FlagStop": 1.0,
      "Win": 0,
      "Draw": 0,
      "Loss": 1,
      "TimePlayed": "7:29",
      "Classes": "HwG  100 %"
    },
    {
      "Name": "euhaunter.pt",
      "KPM": 4.01,
      "KD": 1.36,
      "Kills": 30,
      "Death": 22,
      "TKill": 11,
      "Dmg": 6184.0,
      "DPM": 826.0,
      "FlagCap": 0,
      "FlagTake": 0,
      "FlagTime": 0,
      "FlagStop": 1,
      "Win": 0,
      "Draw": 0,
      "Loss": 1,
      "TimePlayed": "7:29",
      "Classes": "Pyro 100 %"
    },
    {
      "Name": "fraggeduk",
      "KPM": 1.34,
      "KD": 0.59,
      "Kills": 10,
      "Death": 17,
      "TKill": 0,
      "Dmg": 2009.0,
      "DPM": 268.0,
      "FlagCap": 0,
      "FlagTake": 0,
      "FlagTime": 0,
      "FlagStop": 1.0,
      "Win": 0,
      "Draw": 0,
      "Loss": 1,
      "TimePlayed": "7:29",
      "Classes": "Eng  100 %"
    },
    {
      "Name": "[hice]hshochkh",
      "KPM": 2.6,
      "KD": 1.13,
      "Kills": 26,
      "Death": 23,
      "TKill": 3,
      "Dmg": 5923.0,
      "DPM": 592.0,
      "FlagCap": 0,
      "FlagTake": 0,
      "FlagTime": 0,
      "FlagStop": 1,
      "Win": 1,
      "Draw": 0,
      "Loss": 0,
      "TimePlayed": "10:00",
      "Classes": "Eng  100 %"
    },
    {
      "Name": "driz",
      "KPM": 1.9,
      "KD": 0.9,
      "Kills": 19,
      "Death": 21,
      "TKill": 6,
      "Dmg": 7690.0,
      "DPM": 769.0,
      "FlagCap": 0,
      "FlagTake": 0,
      "FlagTime": 0,
      "FlagStop": 1,
      "Win": 1,
      "Draw": 0,
      "Loss": 0,
      "TimePlayed": "10:00",
      "Classes": "Sold 100 %"
    },
    {
      "Name": "mfpecan",
      "KPM": 2.5,
      "KD": 2.5,
      "Kills": 25,
      "Death": 10,
      "TKill": 1,
      "Dmg": 4857.0,
      "DPM": 486.0,
      "FlagCap": 0,
      "FlagTake": 0,
      "FlagTime": 0,
      "FlagStop": 1.0,
      "Win": 1,
      "Draw": 0,
      "Loss": 0,
      "TimePlayed": "10:00",
      "Classes": "HwG  100 %"
    },
    {
      "Name": "ricksonfold",
      "KPM": 3.3,
      "KD": 1.74,
      "Kills": 33,
      "Death": 19,
      "TKill": 10,
      "Dmg": 5116.0,
      "DPM": 512.0,
      "FlagCap": 0,
      "FlagTake": 0,
      "FlagTime": 0,
      "FlagStop": 5.0,
      "Win": 1,
      "Draw": 0,
      "Loss": 0,
      "TimePlayed": "10:00",
      "Classes": "Demo 100 %"
    }
  ],
  "ClassFragAttack": [
    {
      "Name": "bone",
      "Sco": 0,
      "KPM1": null,
      "Sold": 23.0,
      "KPM3": 3.08,
      "Demo": 0,
      "KPM4": null,
      "Med": 3.0,
      "KPM5": 1.18,
      "HwG": 0,
      "KPM6": null,
      "Pyro": 0,
      "KPM7": null,
      "Spy": 0,
      "KPM8": null,
      "Eng": 0,
      "KPM9": null,
      "SG": 0,
      "KPM0": null
    },
    {
      "Name": "bw",
      "Sco": 0,
      "KPM1": null,
      "Sold": 0,
      "KPM3": null,
      "Demo": 0,
      "KPM4": null,
      "Med": 0,
      "KPM5": null,
      "HwG": 0,
      "KPM6": null,
      "Pyro": 0,
      "KPM7": null,
      "Spy": 12.0,
      "KPM8": 1.2,
      "Eng": 0,
      "KPM9": null,
      "SG": 0,
      "KPM0": null
    },
    {
      "Name": "euhaunter.pt",
      "Sco": 0,
      "KPM1": null,
      "Sold": 5.0,
      "KPM3": 1.82,
      "Demo": 0,
      "KPM4": null,
      "Med": 4.0,
      "KPM5": 0.55,
      "HwG": 0,
      "KPM6": null,
      "Pyro": 0,
      "KPM7": null,
      "Spy": 0,
      "KPM8": null,
      "Eng": 0,
      "KPM9": null,
      "SG": 0,
      "KPM0": null
    },
    {
      "Name": "fraggeduk",
      "Sco": 0,
      "KPM1": null,
      "Sold": 0,
      "KPM3": null,
      "Demo": 0,
      "KPM4": null,
      "Med": 0,
      "KPM5": null,
      "HwG": 0,
      "KPM6": null,
      "Pyro": 9.0,
      "KPM7": 0.9,
      "Spy": 0,
      "KPM8": null,
      "Eng": 0,
      "KPM9": null,
      "SG": 0,
      "KPM0": null
    },
    {
      "Name": "[hice]hshochkh",
      "Sco": 0,
      "KPM1": null,
      "Sold": 0,
      "KPM3": null,
      "Demo": 0,
      "KPM4": null,
      "Med": 0,
      "KPM5": null,
      "HwG": 0,
      "KPM6": null,
      "Pyro": 23.0,
      "KPM7": 3.07,
      "Spy": 0,
      "KPM8": null,
      "Eng": 0,
      "KPM9": null,
      "SG": 0,
      "KPM0": null
    },
    {
      "Name": "driz",
      "Sco": 0,
      "KPM1": null,
      "Sold": 0,
      "KPM3": null,
      "Demo": 0,
      "KPM4": null,
      "Med": 7.0,
      "KPM5": 0.94,
      "HwG": 0,
      "KPM6": null,
      "Pyro": 0,
      "KPM7": null,
      "Spy": 0,
      "KPM8": null,
      "Eng": 0,
      "KPM9": null,
      "SG": 0,
      "KPM0": null
    },
    {
      "Name": "mfpecan",
      "Sco": 0,
      "KPM1": null,
      "Sold": 19.0,
      "KPM3": 2.54,
      "Demo": 0,
      "KPM4": null,
      "Med": 0,
      "KPM5": null,
      "HwG": 0,
      "KPM6": null,
      "Pyro": 0,
      "KPM7": null,
      "Spy": 0,
      "KPM8": null,
      "Eng": 0,
      "KPM9": null,
      "SG": 0,
      "KPM0": null
    },
    {
      "Name": "ricksonfold",
      "Sco": 0,
      "KPM1": null,
      "Sold": 0,
      "KPM3": null,
      "Demo": 0,
      "KPM4": null,
      "Med": 0,
      "KPM5": null,
      "HwG": 0,
      "KPM6": null,
      "Pyro": 0,
      "KPM7": null,
      "Spy": 15.0,
      "KPM8": 2.0,
      "Eng": 0,
      "KPM9": null,
      "SG": 0,
      "KPM0": null
    }
  ],
  "ClassFragDefence": [
    {
      "Name": "bone",
      "Sco": 0,
      "KPM1": null,
      "Sold": 0,
      "KPM3": null,
      "Demo": 16.0,
      "KPM4": 2.14,
      "Med": 0,
      "KPM5": null,
      "HwG": 0,
      "KPM6": null,
      "Pyro": 0,
      "KPM7": null,
      "Spy": 0,
      "KPM8": null,
      "Eng": 0,
      "KPM9": null,
      "SG": 0,
      "KPM0": null
    },
    {
      "Name": "bw",
      "Sco": 0,
      "KPM1": null,
      "Sold": 0,
      "KPM3": null,
      "Demo": 0,
      "KPM4": null,
      "Med": 0,
      "KPM5": null,
      "HwG": 15.0,
      "KPM6": 2.0,
      "Pyro": 0,
      "KPM7": null,
      "Spy": 0,
      "KPM8": null,
      "Eng": 0,
      "KPM9": null,
      "SG": 0,
      "KPM0": null
    },
    {
      "Name": "euhaunter.pt",
      "Sco": 0,
      "KPM1": null,
      "Sold": 0,
      "KPM3": null,
      "Demo": 0,
      "KPM4": null,
      "Med": 0,
      "KPM5": null,
      "HwG": 0,
      "KPM6": null,
      "Pyro": 30.0,
      "KPM7": 4.01,
      "Spy": 0,
      "KPM8": null,
      "Eng": 0,
      "KPM9": null,
      "SG": 0,
      "KPM0": null
    },
    {
      "Name": "fraggeduk",
      "Sco": 0,
      "KPM1": null,
      "Sold": 0,
      "KPM3": null,
      "Demo": 0,
      "KPM4": null,
      "Med": 0,
      "KPM5": null,
      "HwG": 0,
      "KPM6": null,
      "Pyro": 0,
      "KPM7": null,
      "Spy": 0,
      "KPM8": null,
      "Eng": 3.0,
      "KPM9": 0.4,
      "SG": 7.0,
      "KPM0": 0.94
    },
    {
      "Name": "[hice]hshochkh",
      "Sco": 0,
      "KPM1": null,
      "Sold": 0,
      "KPM3": null,
      "Demo": 0,
      "KPM4": null,
      "Med": 0,
      "KPM5": null,
      "HwG": 0,
      "KPM6": null,
      "Pyro": 0,
      "KPM7": null,
      "Spy": 0,
      "KPM8": null,
      "Eng": 12.0,
      "KPM9": 1.2,
      "SG": 14.0,
      "KPM0": 1.4
    },
    {
      "Name": "driz",
      "Sco": 0,
      "KPM1": null,
      "Sold": 19.0,
      "KPM3": 1.9,
      "Demo": 0,
      "KPM4": null,
      "Med": 0,
      "KPM5": null,
      "HwG": 0,
      "KPM6": null,
      "Pyro": 0,
      "KPM7": null,
      "Spy": 0,
      "KPM8": null,
      "Eng": 0,
      "KPM9": null,
      "SG": 0,
      "KPM0": null
    },
    {
      "Name": "mfpecan",
      "Sco": 0,
      "KPM1": null,
      "Sold": 0,
      "KPM3": null,
      "Demo": 0,
      "KPM4": null,
      "Med": 0,
      "KPM5": null,
      "HwG": 25.0,
      "KPM6": 2.5,
      "Pyro": 0,
      "KPM7": null,
      "Spy": 0,
      "KPM8": null,
      "Eng": 0,
      "KPM9": null,
      "SG": 0,
      "KPM0": null
    },
    {
      "Name": "ricksonfold",
      "Sco": 0,
      "KPM1": null,
      "Sold": 0,
      "KPM3": null,
      "Demo": 33.0,
      "KPM4": 3.3,
      "Med": 0,
      "KPM5": null,
      "HwG": 0,
      "KPM6": null,
      "Pyro": 0,
      "KPM7": null,
      "Spy": 0,
      "KPM8": null,
      "Eng": 0,
      "KPM9": null,
      "SG": 0,
      "KPM0": null
    }
  ],
  "ClassTimeAttack": [
    {
      "Name": "bone",
      "Sco": 0,
      "Sold": 448,
      "Demo": 0,
      "Med": 152,
      "HwG": 0,
      "Pyro": 0,
      "Spy": 0,
      "Eng": 0
    },
    {
      "Name": "bw",
      "Sco": 0,
      "Sold": 0,
      "Demo": 0,
      "Med": 0,
      "HwG": 0,
      "Pyro": 0,
      "Spy": 600,
      "Eng": 0
    },
    {
      "Name": "euhaunter.pt",
      "Sco": 0,
      "Sold": 165,
      "Demo": 0,
      "Med": 435,
      "HwG": 0,
      "Pyro": 0,
      "Spy": 0,
      "Eng": 0
    },
    {
      "Name": "fraggeduk",
      "Sco": 0,
      "Sold": 0,
      "Demo": 0,
      "Med": 0,
      "HwG": 0,
      "Pyro": 600,
      "Spy": 0,
      "Eng": 0
    },
    {
      "Name": "[hice]hshochkh",
      "Sco": 0,
      "Sold": 0,
      "Demo": 0,
      "Med": 0,
      "HwG": 0,
      "Pyro": 449,
      "Spy": 0,
      "Eng": 0
    },
    {
      "Name": "driz",
      "Sco": 0,
      "Sold": 0,
      "Demo": 0,
      "Med": 449,
      "HwG": 0,
      "Pyro": 0,
      "Spy": 0,
      "Eng": 0
    },
    {
      "Name": "mfpecan",
      "Sco": 0,
      "Sold": 449,
      "Demo": 0,
      "Med": 0,
      "HwG": 0,
      "Pyro": 0,
      "Spy": 0,
      "Eng": 0
    },
    {
      "Name": "ricksonfold",
      "Sco": 0,
      "Sold": 0,
      "Demo": 0,
      "Med": 0,
      "HwG": 0,
      "Pyro": 0,
      "Spy": 449,
      "Eng": 0
    }
  ],
  "ClassTimeDefence": [
    {
      "Name": "bone",
      "Sco": 0,
      "Sold": 0,
      "Demo": 449,
      "Med": 0,
      "HwG": 0,
      "Pyro": 0,
      "Spy": 0,
      "Eng": 0
    },
    {
      "Name": "bw",
      "Sco": 0,
      "Sold": 0,
      "Demo": 0,
      "Med": 0,
      "HwG": 449,
      "Pyro": 0,
      "Spy": 0,
      "Eng": 0
    },
    {
      "Name": "euhaunter.pt",
      "Sco": 0,
      "Sold": 0,
      "Demo": 0,
      "Med": 0,
      "HwG": 0,
      "Pyro": 449,
      "Spy": 0,
      "Eng": 0
    },
    {
      "Name": "fraggeduk",
      "Sco": 0,
      "Sold": 0,
      "Demo": 0,
      "Med": 0,
      "HwG": 0,
      "Pyro": 0,
      "Spy": 0,
      "Eng": 449
    },
    {
      "Name": "[hice]hshochkh",
      "Sco": 0,
      "Sold": 0,
      "Demo": 0,
      "Med": 0,
      "HwG": 0,
      "Pyro": 0,
      "Spy": 0,
      "Eng": 600
    },
    {
      "Name": "driz",
      "Sco": 0,
      "Sold": 600,
      "Demo": 0,
      "Med": 0,
      "HwG": 0,
      "Pyro": 0,
      "Spy": 0,
      "Eng": 0
    },
    {
      "Name": "mfpecan",
      "Sco": 0,
      "Sold": 0,
      "Demo": 0,
      "Med": 0,
      "HwG": 600,
      "Pyro": 0,
      "Spy": 0,
      "Eng": 0
    },
    {
      "Name": "ricksonfold",
      "Sco": 0,
      "Sold": 0,
      "Demo": 600,
      "Med": 0,
      "HwG": 0,
      "Pyro": 0,
      "Spy": 0,
      "Eng": 0
    }
  ]
}
