{
  "Matches": [
    {
      "Server": "virginia/staging",
      "Match": "2023-03-19-21-09-39_[turtler]",
      "Winner": "Team2",
      "Rating": "86 %",
      "Score1": 0,
      "Team1": "=dk=nikki,=dk=stm,b4s1c,bvr",
      "Score2": 10,
      "Team2": "]rswiggy,rsfantom,rshnewbyh,rspredator"
    }
  ],
  "SummaryAttack": [
    {
      "Name": "=dk=nikki",
      "KPM": 1.7,
      "KD": 0.81,
      "Kills": 17,
      "Death": 21,
      "TKill": 2,
      "Dmg": 5598.0,
      "DPM": 560.0,
      "FlagCap": 1,
      "FlagTake": 1,
      "FlagTime": "0:01",
      "FlagStop": 0,
      "Win": 0,
      "Draw": 0,
      "Loss": 1,
      "TimePlayed": "10:00",
      "Classes": "Sold 100 %"
    },
    {
      "Name": "=dk=stm",
      "KPM": 1.2,
      "KD": 0.43,
      "Kills": 12,
      "Death": 28,
      "TKill": 3,
      "Dmg": 3443.0,
      "DPM": 344.0,
      "FlagCap": 1,
      "FlagTake": 1.0,
      "FlagTime": "0:01",
      "FlagStop": 0,
      "Win": 0,
      "Draw": 0,
      "Loss": 1,
      "TimePlayed": "10:00",
      "Classes": "Pyro 100 %"
    },
    {
      "Name": "b4s1c",
      "KPM": 1.7,
      "KD": 0.71,
      "Kills": 17,
      "Death": 24,
      "TKill": 0,
      "Dmg": 3024.0,
      "DPM": 302.0,
      "FlagCap": 1,
      "FlagTake": 3.0,
      "FlagTime": "0:04",
      "FlagStop": 0,
      "Win": 0,
      "Draw": 0,
      "Loss": 1,
      "TimePlayed": "10:00",
      "Classes": "Med  100 %"
    },
    {
      "Name": "bvr",
      "KPM": 0.2,
      "KD": 0.07,
      "Kills": 2,
      "Death": 29,
      "TKill": 0,
      "Dmg": 137.0,
      "DPM": 14.0,
      "FlagCap": 1,
      "FlagTake": 6.0,
      "FlagTime": "0:13",
      "FlagStop": 0,
      "Win": 0,
      "Draw": 0,
      "Loss": 1,
      "TimePlayed": "10:00",
      "Classes": "Sco  100 %"
    },
    {
      "Name": "]rswiggy",
      "KPM": 0.71,
      "KD": 0.33,
      "Kills": 1,
      "Death": 3,
      "TKill": 0,
      "Dmg": 218.0,
      "DPM": 154.0,
      "FlagCap": 1,
      "FlagTake": 2.0,
      "FlagTime": "0:04",
      "FlagStop": 0,
      "Win": 1,
      "Draw": 0,
      "Loss": 0,
      "TimePlayed": "1:25",
      "Classes": "Spy  100 %"
    },
    {
      "Name": "rsfantom",
      "KPM": 2.82,
      "KD": 1.33,
      "Kills": 4,
      "Death": 3,
      "TKill": 0,
      "Dmg": 1162.0,
      "DPM": 820.0,
      "FlagCap": 1,
      "FlagTake": 1.0,
      "FlagTime": "0:01",
      "FlagStop": 0,
      "Win": 1,
      "Draw": 0,
      "Loss": 0,
      "TimePlayed": "1:25",
      "Classes": "Pyro 100 %"
    },
    {
      "Name": "rshnewbyh",
      "KPM": null,
      "KD": 0.0,
      "Kills": 0,
      "Death": 4,
      "TKill": 0,
      "Dmg": 281.0,
      "DPM": 198.0,
      "FlagCap": 1,
      "FlagTake": 1.0,
      "FlagTime": "0:01",
      "FlagStop": 0,
      "Win": 1,
      "Draw": 0,
      "Loss": 0,
      "TimePlayed": "1:25",
      "Classes": "Med  100 %"
    },
    {
      "Name": "rspredator",
      "KPM": 0.71,
      "KD": 0.5,
      "Kills": 1,
      "Death": 2,
      "TKill": 0,
      "Dmg": 54.0,
      "DPM": 38.0,
      "FlagCap": 1.0,
      "FlagTake": 1.0,
      "FlagTime": "0:24",
      "FlagStop": 0,
      "Win": 1,
      "Draw": 0,
      "Loss": 0,
      "TimePlayed": "1:25",
      "Classes": "Sco  100 %"
    }
  ],
  "SummaryDefence": [
    {
      "Name": "=dk=nikki",
      "KPM": 0.71,
      "KD": 0.33,
      "Kills": 1,
      "Death": 3,
      "TKill": 0,
      "Dmg": 269.0,
      "DPM": 190.0,
      "FlagCap": 0,
      "FlagTake": 0,
      "FlagTime": 0,
      "FlagStop": 1,
      "Win": 0,
      "Draw": 0,
      "Loss": 1,
      "TimePlayed": "1:25",
      "Classes": "Sold 100 %"
    },
    {
      "Name": "=dk=stm",
      "KPM": 2.82,
      "KD": 2.0,
      "Kills": 4,
      "Death": 2,
      "TKill": 1,
      "Dmg": 737.0,
      "DPM": 520.0,
      "FlagCap": 0,
      "FlagTake": 0,
      "FlagTime": 0,
      "FlagStop": 1.0,
      "Win": 0,
      "Draw": 0,
      "Loss": 1,
      "TimePlayed": "1:25",
      "Classes": "HwG  100 %"
    },
    {
      "Name": "b4s1c",
      "KPM": 2.12,
      "KD": 1.5,
      "Kills": 3,
      "Death": 2,
      "TKill": 1,
      "Dmg": 564.0,
      "DPM": 398.0,
      "FlagCap": 0,
      "FlagTake": 0,
      "FlagTime": 0,
      "FlagStop": 1.0,
      "Win": 0,
      "Draw": 0,
      "Loss": 1,
      "TimePlayed": "1:25",
      "Classes": "Eng  100 %"
    },
    {
      "Name": "bvr",
      "KPM": 2.82,
      "KD": 2.0,
      "Kills": 4,
      "Death": 2,
      "TKill": 1,
      "Dmg": 841.0,
      "DPM": 594.0,
      "FlagCap": 0,
      "FlagTake": 0,
      "FlagTime": 0,
      "FlagStop": 1,
      "Win": 0,
      "Draw": 0,
      "Loss": 1,
      "TimePlayed": "1:25",
      "Classes": "Demo 100 %"
    },
    {
      "Name": "]rswiggy",
      "KPM": 1.7,
      "KD": 0.89,
      "Kills": 17,
      "Death": 19,
      "TKill": 3,
      "Dmg": 4006.0,
      "DPM": 401.0,
      "FlagCap": 0,
      "FlagTake": 0,
      "FlagTime": 0,
      "FlagStop": 3.0,
      "Win": 1,
      "Draw": 0,
      "Loss": 0,
      "TimePlayed": "10:00",
      "Classes": "Eng  100 %"
    },
    {
      "Name": "rsfantom",
      "KPM": 2.3,
      "KD": 1.53,
      "Kills": 23,
      "Death": 15,
      "TKill": 4,
      "Dmg": 6883.0,
      "DPM": 688.0,
      "FlagCap": 0,
      "FlagTake": 0,
      "FlagTime": 0,
      "FlagStop": 1,
      "Win": 1,
      "Draw": 0,
      "Loss": 0,
      "TimePlayed": "10:00",
      "Classes": "HwG  100 %"
    },
    {
      "Name": "rshnewbyh",
      "KPM": 3.3,
      "KD": 1.83,
      "Kills": 33,
      "Death": 18,
      "TKill": 4,
      "Dmg": 7099.0,
      "DPM": 710.0,
      "FlagCap": 0,
      "FlagTake": 0,
      "FlagTime": 0,
      "FlagStop": 1,
      "Win": 1,
      "Draw": 0,
      "Loss": 0,
      "TimePlayed": "10:00",
      "Classes": "Sold 100 %"
    },
    {
      "Name": "rspredator",
      "KPM": 1.7,
      "KD": 1.06,
      "Kills": 17,
      "Death": 16,
      "TKill": 5,
      "Dmg": 2867.0,
      "DPM": 287.0,
      "FlagCap": 0,
      "FlagTake": 0,
      "FlagTime": 0,
      "FlagStop": 4.0,
      "Win": 1,
      "Draw": 0,
      "Loss": 0,
      "TimePlayed": "10:00",
      "Classes": "Demo 100 %"
    }
  ],
  "ClassFragAttack": [
    {
      "Name": "=dk=nikki",
      "Sco": 0,
      "KPM1": null,
      "Sold": 17.0,
      "KPM3": 1.7,
      "Demo": 0,
      "KPM4": null,
      "Med": 0,
      "KPM5": null,
      "HwG": 0,
      "KPM6": null,
      "Pyro": 0,
      "KPM7": null,
      "Spy": 0,
      "KPM8": null,
      "Eng": 0,
      "KPM9": null,
      "SG": 0,
      "KPM0": null
    },
    {
      "Name": "=dk=stm",
      "Sco": 0,
      "KPM1": null,
      "Sold": 0,
      "KPM3": null,
      "Demo": 0,
      "KPM4": null,
      "Med": 0,
      "KPM5": null,
      "HwG": 0,
      "KPM6": null,
      "Pyro": 12.0,
      "KPM7": 1.2,
      "Spy": 0,
      "KPM8": null,
      "Eng": 0,
      "KPM9": null,
      "SG": 0,
      "KPM0": null
    },
    {
      "Name": "b4s1c",
      "Sco": 0,
      "KPM1": null,
      "Sold": 0,
      "KPM3": null,
      "Demo": 0,
      "KPM4": null,
      "Med": 17.0,
      "KPM5": 1.7,
      "HwG": 0,
      "KPM6": null,
      "Pyro": 0,
      "KPM7": null,
      "Spy": 0,
      "KPM8": null,
      "Eng": 0,
      "KPM9": null,
      "SG": 0,
      "KPM0": null
    },
    {
      "Name": "bvr",
      "Sco": 2.0,
      "KPM1": 0.2,
      "Sold": 0,
      "KPM3": null,
      "Demo": 0,
      "KPM4": null,
      "Med": 0,
      "KPM5": null,
      "HwG": 0,
      "KPM6": null,
      "Pyro": 0,
      "KPM7": null,
      "Spy": 0,
      "KPM8": null,
      "Eng": 0,
      "KPM9": null,
      "SG": 0,
      "KPM0": null
    },
    {
      "Name": "]rswiggy",
      "Sco": 0,
      "KPM1": null,
      "Sold": 0,
      "KPM3": null,
      "Demo": 0,
      "KPM4": null,
      "Med": 0,
      "KPM5": null,
      "HwG": 0,
      "KPM6": null,
      "Pyro": 0,
      "KPM7": null,
      "Spy": 1.0,
      "KPM8": 0.71,
      "Eng": 0,
      "KPM9": null,
      "SG": 0,
      "KPM0": null
    },
    {
      "Name": "rsfantom",
      "Sco": 0,
      "KPM1": null,
      "Sold": 0,
      "KPM3": null,
      "Demo": 0,
      "KPM4": null,
      "Med": 0,
      "KPM5": null,
      "HwG": 0,
      "KPM6": null,
      "Pyro": 4.0,
      "KPM7": 2.82,
      "Spy": 0,
      "KPM8": null,
      "Eng": 0,
      "KPM9": null,
      "SG": 0,
      "KPM0": null
    },
    {
      "Name": "rspredator",
      "Sco": 1.0,
      "KPM1": 0.71,
      "Sold": 0,
      "KPM3": null,
      "Demo": 0,
      "KPM4": null,
      "Med": 0,
      "KPM5": null,
      "HwG": 0,
      "KPM6": null,
      "Pyro": 0,
      "KPM7": null,
      "Spy": 0,
      "KPM8": null,
      "Eng": 0,
      "KPM9": null,
      "SG": 0,
      "KPM0": null
    }
  ],
  "ClassFragDefence": [
    {
      "Name": "=dk=nikki",
      "Sco": 0,
      "KPM1": null,
      "Sold": 1.0,
      "KPM3": 0.71,
      "Demo": 0,
      "KPM4": null,
      "Med": 0,
      "KPM5": null,
      "HwG": 0,
      "KPM6": null,
      "Pyro": 0,
      "KPM7": null,
      "Spy": 0,
      "KPM8": null,
      "Eng": 0,
      "KPM9": null,
      "SG": 0,
      "KPM0": null
    },
    {
      "Name": "=dk=stm",
      "Sco": 0,
      "KPM1": null,
      "Sold": 0,
      "KPM3": null,
      "Demo": 0,
      "KPM4": null,
      "Med": 0,
      "KPM5": null,
      "HwG": 4.0,
      "KPM6": 2.82,
      "Pyro": 0,
      "KPM7": null,
      "Spy": 0,
      "KPM8": null,
      "Eng": 0,
      "KPM9": null,
      "SG": 0,
      "KPM0": null
    },
    {
      "Name": "b4s1c",
      "Sco": 0,
      "KPM1": null,
      "Sold": 0,
      "KPM3": null,
      "Demo": 0,
      "KPM4": null,
      "Med": 0,
      "KPM5": null,
      "HwG": 0,
      "KPM6": null,
      "Pyro": 0,
      "KPM7": null,
      "Spy": 0,
      "KPM8": null,
      "Eng": 0,
      "KPM9": null,
      "SG": 3.0,
      "KPM0": 2.12
    },
    {
      "Name": "bvr",
      "Sco": 0,
      "KPM1": null,
      "Sold": 0,
      "KPM3": null,
      "Demo": 4.0,
      "KPM4": 2.82,
      "Med": 0,
      "KPM5": null,
      "HwG": 0,
      "KPM6": null,
      "Pyro": 0,
      "KPM7": null,
      "Spy": 0,
      "KPM8": null,
      "Eng": 0,
      "KPM9": null,
      "SG": 0,
      "KPM0": null
    },
    {
      "Name": "]rswiggy",
      "Sco": 0,
      "KPM1": null,
      "Sold": 0,
      "KPM3": null,
      "Demo": 0,
      "KPM4": null,
      "Med": 0,
      "KPM5": null,
      "HwG": 0,
      "KPM6": null,
      "Pyro": 0,
      "KPM7": null,
      "Spy": 0,
      "KPM8": null,
      "Eng": 11.0,
      "KPM9": 1.1,
      "SG": 6.0,
      "KPM0": 0.6
    },
    {
      "Name": "rsfantom",
      "Sco": 0,
      "KPM1": null,
      "Sold": 0,
      "KPM3": null,
      "Demo": 0,
      "KPM4": null,
      "Med": 0,
      "KPM5": null,
      "HwG": 23.0,
      "KPM6": 2.3,
      "Pyro": 0,
      "KPM7": null,
      "Spy": 0,
      "KPM8": null,
      "Eng": 0,
      "KPM9": null,
      "SG": 0,
      "KPM0": null
    },
    {
      "Name": "rshnewbyh",
      "Sco": 0,
      "KPM1": null,
      "Sold": 33.0,
      "KPM3": 3.3,
      "Demo": 0,
      "KPM4": null,
      "Med": 0,
      "KPM5": null,
      "HwG": 0,
      "KPM6": null,
      "Pyro": 0,
      "KPM7": null,
      "Spy": 0,
      "KPM8": null,
      "Eng": 0,
      "KPM9": null,
      "SG": 0,
      "KPM0": null
    },
    {
      "Name": "rspredator",
      "Sco": 0,
      "KPM1": null,
      "Sold": 0,
      "KPM3": null,
      "Demo": 17.0,
      "KPM4": 1.7,
      "Med": 0,
      "KPM5": null,
      "HwG": 0,
      "KPM6": null,
      "Pyro": 0,
      "KPM7": null,
      "Spy": 0,
      "KPM8": null,
      "Eng": 0,
      "KPM9": null,
      "SG": 0,
      "KPM0": null
    }
  ],
  "ClassTimeAttack": [
    {
      "Name": "=dk=nikki",
      "Sco": 0,
      "Sold": 600,
      "Demo": 0,
      "Med": 0,
      "HwG": 0,
      "Pyro": 0,
      "Spy": 0,
      "Eng": 0
    },
    {
      "Name": "=dk=stm",
      "Sco": 0,
      "Sold": 0,
      "Demo": 0,
      "Med": 0,
      "HwG": 0,
      "Pyro": 600,
      "Spy": 0,
      "Eng": 0
    },
    {
      "Name": "b4s1c",
      "Sco": 0,
      "Sold": 0,
      "Demo": 0,
      "Med": 600,
      "HwG": 0,
      "Pyro": 0,
      "Spy": 0,
      "Eng": 0
    },
    {
      "Name": "bvr",
      "Sco": 600,
      "Sold": 0,
      "Demo": 0,
      "Med": 0,
      "HwG": 0,
      "Pyro": 0,
      "Spy": 0,
      "Eng": 0
    },
    {
      "Name": "]rswiggy",
      "Sco": 0,
      "Sold": 0,
      "Demo": 0,
      "Med": 0,
      "HwG": 0,
      "Pyro": 0,
      "Spy": 85,
      "Eng": 0
    },
    {
      "Name": "rsfantom",
      "Sco": 0,
      "Sold": 0,
      "Demo": 0,
      "Med": 0,
      "HwG": 0,
      "Pyro": 85,
      "Spy": 0,
      "Eng": 0
    },
    {
      "Name": "rshnewbyh",
      "Sco": 0,
      "Sold": 0,
      "Demo": 0,
      "Med": 85,
      "HwG": 0,
      "Pyro": 0,
      "Spy": 0,
      "Eng": 0
    },
    {
      "Name": "rspredator",
      "Sco": 85,
      "Sold": 0,
      "Demo": 0,
      "Med": 0,
      "HwG": 0,
      "Pyro": 0,
      "Spy": 0,
      "Eng": 0
    }
  ],
  "ClassTimeDefence": [
    {
      "Name": "=dk=nikki",
      "Sco": 0,
      "Sold": 85,
      "Demo": 0,
      "Med": 0,
      "HwG": 0,
      "Pyro": 0,
      "Spy": 0,
      "Eng": 0
    },
    {
      "Name": "=dk=stm",
      "Sco": 0,
      "Sold": 0,
      "Demo": 0,
      "Med": 0,
      "HwG": 85,
      "Pyro": 0,
      "Spy": 0,
      "Eng": 0
    },
    {
      "Name": "b4s1c",
      "Sco": 0,
      "Sold": 0,
      "Demo": 0,
      "Med": 0,
      "HwG": 0,
      "Pyro": 0,
      "Spy": 0,
      "Eng": 85
    },
    {
      "Name": "bvr",
      "Sco": 0,
      "Sold": 0,
      "Demo": 85,
      "Med": 0,
      "HwG": 0,
      "Pyro": 0,
      "Spy": 0,
      "Eng": 0
    },
    {
      "Name": "]rswiggy",
      "Sco": 0,
      "Sold": 0,
      "Demo": 0,
      "Med": 0,
      "HwG": 0,
      "Pyro": 0,
      "Spy": 0,
      "Eng": 600
    },
    {
      "Name": "rsfantom",
      "Sco": 0,
      "Sold": 0,
      "Demo": 0,
      "Med": 0,
      "HwG": 600,
      "Pyro": 0,
      "Spy": 0,
      "Eng": 0
    },
    {
      "Name": "rshnewbyh",
      "Sco": 0,
      "Sold": 600,
      "Demo": 0,
      "Med": 0,
      "HwG": 0,
      "Pyro": 0,
      "Spy": 0,
      "Eng": 0
    },
    {
      "Name": "rspredator",
      "Sco": 0,
      "Sold": 0,
      "Demo": 600,
      "Med": 0,
      "HwG": 0,
      "Pyro": 0,
      "Spy": 0,
      "Eng": 0
    }
  ]
}
