{
  "Matches": [
    {
      "Server": "virginia/staging",
      "Match": "2023-01-20-23-58-45_[h5rdcore_b2]",
      "Winner": "Draw",
      "Rating": "0%",
      "Score1": 0,
      "Team1": "welsher.wwg",
      "Score2": 0,
      "Team2": ""
    }
  ],
  "SummaryAttack": [],
  "SummaryDefence": [
    {
      "Name": "welsher.wwg",
      "KPM": null,
      "KD": 0,
      "Kills": 0,
      "Death": 13,
      "TKill": 0,
      "Dmg": 1,
      "DPM": 0,
      "FlagCap": 0,
      "FlagTake": 0,
      "FlagTime": 0,
      "FlagStop": 1,
      "Win": 0,
      "Draw": 1,
      "Loss": 0,
      "TimePlayed": "10:00",
      "Classes": "Sold 100%"
    }
  ],
  "ClassFragAttack": null,
  "ClassFragDefence": null,
  "ClassTimeAttack": null,
  "ClassTimeDefence": {
    "Name": "welsher.wwg",
    "Sco": 0,
    "Sold": 600,
    "Demo": 0,
    "Med": 0,
    "HwG": 0,
    "Pyro": 0,
    "Spy": 0,
    "Eng": 0
  }
}
