{
  "Matches": [
    {
      "Server": "virginia/staging",
      "Match": "2023-02-17-03-23-31_[turtler]",
      "Winner": "Team2",
      "Rating": "1%",
      "Score1": 30,
      "Team1": "4lgonadsandstrife,buggattiwwg,mwleonard,rsdriz",
      "Score2": 40,
      "Team2": "4lvid,bgameoverb,rspredator,welsher.wwg"
    }
  ],
  "SummaryAttack": [
    {
      "Name": "4lgonadsandstrife",
      "KPM": 2.6,
      "KD": 1,
      "Kills": 26,
      "Death": 26,
      "TKill": 1,
      "Dmg": 6601,
      "DPM": 660,
      "FlagCap": 1,
      "FlagTake": 2,
      "FlagTime": "0:04",
      "FlagStop": 0,
      "Win": 0,
      "Draw": 0,
      "Loss": 1,
      "TimePlayed": "10:00",
      "Classes": "Pyro 100%"
    },
    {
      "Name": "buggattiwwg",
      "KPM": 1.6,
      "KD": 0.64,
      "Kills": 16,
      "Death": 25,
      "TKill": 1,
      "Dmg": 5208,
      "DPM": 521,
      "FlagCap": 2,
      "FlagTake": 6,
      "FlagTime": "0:35",
      "FlagStop": 0,
      "Win": 0,
      "Draw": 0,
      "Loss": 1,
      "TimePlayed": "10:00",
      "Classes": "Med  100%"
    },
    {
      "Name": "mwleonard",
      "KPM": 2.7,
      "KD": 1.23,
      "Kills": 27,
      "Death": 22,
      "TKill": 1,
      "Dmg": 5051,
      "DPM": 505,
      "FlagCap": 1,
      "FlagTake": 5,
      "FlagTime": "0:07",
      "FlagStop": 0,
      "Win": 0,
      "Draw": 0,
      "Loss": 1,
      "TimePlayed": "10:00",
      "Classes": "Sold 100%"
    },
    {
      "Name": "rsdriz",
      "KPM": 2,
      "KD": 1.33,
      "Kills": 20,
      "Death": 15,
      "TKill": 1,
      "Dmg": 3381,
      "DPM": 338,
      "FlagCap": 1,
      "FlagTake": 8,
      "FlagTime": "0:34",
      "FlagStop": 0,
      "Win": 0,
      "Draw": 0,
      "Loss": 1,
      "TimePlayed": "10:00",
      "Classes": "Spy  100%"
    },
    {
      "Name": "4lvid",
      "KPM": 2.62,
      "KD": 1.18,
      "Kills": 26,
      "Death": 22,
      "TKill": 1,
      "Dmg": 4186,
      "DPM": 421,
      "FlagCap": 1,
      "FlagTake": 4,
      "FlagTime": "0:11",
      "FlagStop": 0,
      "Win": 1,
      "Draw": 0,
      "Loss": 0,
      "TimePlayed": "9:56",
      "Classes": "Pyro 100%"
    },
    {
      "Name": "bgameoverb",
      "KPM": 0.81,
      "KD": 0.33,
      "Kills": 8,
      "Death": 24,
      "TKill": 2,
      "Dmg": 1937,
      "DPM": 195,
      "FlagCap": 1,
      "FlagTake": 7,
      "FlagTime": "0:19",
      "FlagStop": 0,
      "Win": 1,
      "Draw": 0,
      "Loss": 0,
      "TimePlayed": "9:56",
      "Classes": "Spy  100%"
    },
    {
      "Name": "rspredator",
      "KPM": 0.3,
      "KD": 0.1,
      "Kills": 3,
      "Death": 29,
      "TKill": 0,
      "Dmg": 1146,
      "DPM": 115,
      "FlagCap": 2,
      "FlagTake": 11,
      "FlagTime": "0:29",
      "FlagStop": 0,
      "Win": 1,
      "Draw": 0,
      "Loss": 0,
      "TimePlayed": "9:56",
      "Classes": "Sco  63%|Med  37%"
    },
    {
      "Name": "welsher.wwg",
      "KPM": 2.42,
      "KD": 1.14,
      "Kills": 24,
      "Death": 21,
      "TKill": 2,
      "Dmg": 4301,
      "DPM": 433,
      "FlagCap": 2,
      "FlagTake": 10,
      "FlagTime": "0:44",
      "FlagStop": 0,
      "Win": 1,
      "Draw": 0,
      "Loss": 0,
      "TimePlayed": "9:56",
      "Classes": "Sold 100%"
    }
  ],
  "SummaryDefence": [
    {
      "Name": "4lgonadsandstrife",
      "KPM": 2.21,
      "KD": 1,
      "Kills": 22,
      "Death": 22,
      "TKill": 4,
      "Dmg": 4029,
      "DPM": 406,
      "FlagCap": 0,
      "FlagTake": 0,
      "FlagTime": 0,
      "FlagStop": 1,
      "Win": 0,
      "Draw": 0,
      "Loss": 1,
      "TimePlayed": "9:56",
      "Classes": "Eng  100%"
    },
    {
      "Name": "buggattiwwg",
      "KPM": 2.42,
      "KD": 1,
      "Kills": 24,
      "Death": 24,
      "TKill": 6,
      "Dmg": 5863,
      "DPM": 590,
      "FlagCap": 0,
      "FlagTake": 0,
      "FlagTime": 0,
      "FlagStop": 1,
      "Win": 0,
      "Draw": 0,
      "Loss": 1,
      "TimePlayed": "9:56",
      "Classes": "HwG  61%|Pyro 39%"
    },
    {
      "Name": "mwleonard",
      "KPM": 1.61,
      "KD": 0.76,
      "Kills": 16,
      "Death": 21,
      "TKill": 13,
      "Dmg": 4531,
      "DPM": 456,
      "FlagCap": 0,
      "FlagTake": 0,
      "FlagTime": 0,
      "FlagStop": 1,
      "Win": 0,
      "Draw": 0,
      "Loss": 1,
      "TimePlayed": "9:56",
      "Classes": "Sold 100%"
    },
    {
      "Name": "rsdriz",
      "KPM": 2.21,
      "KD": 0.96,
      "Kills": 22,
      "Death": 23,
      "TKill": 10,
      "Dmg": 4362,
      "DPM": 439,
      "FlagCap": 0,
      "FlagTake": 0,
      "FlagTime": 0,
      "FlagStop": 4,
      "Win": 0,
      "Draw": 0,
      "Loss": 1,
      "TimePlayed": "9:56",
      "Classes": "Demo 100%"
    },
    {
      "Name": "4lvid",
      "KPM": 1.6,
      "KD": 0.53,
      "Kills": 16,
      "Death": 30,
      "TKill": 0,
      "Dmg": 3244,
      "DPM": 324,
      "FlagCap": 0,
      "FlagTake": 0,
      "FlagTime": 0,
      "FlagStop": 1,
      "Win": 1,
      "Draw": 0,
      "Loss": 0,
      "TimePlayed": "10:00",
      "Classes": "Eng  100%"
    },
    {
      "Name": "bgameoverb",
      "KPM": 2.2,
      "KD": 0.92,
      "Kills": 22,
      "Death": 24,
      "TKill": 6,
      "Dmg": 6447,
      "DPM": 645,
      "FlagCap": 0,
      "FlagTake": 0,
      "FlagTime": 0,
      "FlagStop": 1,
      "Win": 1,
      "Draw": 0,
      "Loss": 0,
      "TimePlayed": "10:00",
      "Classes": "HwG  100%"
    },
    {
      "Name": "rspredator",
      "KPM": 2.3,
      "KD": 0.64,
      "Kills": 23,
      "Death": 36,
      "TKill": 6,
      "Dmg": 5250,
      "DPM": 525,
      "FlagCap": 0,
      "FlagTake": 0,
      "FlagTime": 0,
      "FlagStop": 1,
      "Win": 1,
      "Draw": 0,
      "Loss": 0,
      "TimePlayed": "10:00",
      "Classes": "Pyro 100%"
    },
    {
      "Name": "welsher.wwg",
      "KPM": 2.1,
      "KD": 0.84,
      "Kills": 21,
      "Death": 25,
      "TKill": 10,
      "Dmg": 4606,
      "DPM": 461,
      "FlagCap": 0,
      "FlagTake": 0,
      "FlagTime": 0,
      "FlagStop": 1,
      "Win": 1,
      "Draw": 0,
      "Loss": 0,
      "TimePlayed": "10:00",
      "Classes": "Demo 100%"
    }
  ],
  "ClassFragAttack": [
    {
      "Name": "4lgonadsandstrife",
      "Sco": 0,
      "KPM1": null,
      "Sold": 0,
      "KPM3": null,
      "Demo": 0,
      "KPM4": null,
      "Med": 0,
      "KPM5": null,
      "HwG": 0,
      "KPM6": null,
      "Pyro": 26,
      "KPM7": 2.6,
      "Spy": 0,
      "KPM8": null,
      "Eng": 0,
      "KPM9": null,
      "SG": 0,
      "KPM0": null
    },
    {
      "Name": "buggattiwwg",
      "Sco": 0,
      "KPM1": null,
      "Sold": 0,
      "KPM3": null,
      "Demo": 0,
      "KPM4": null,
      "Med": 16,
      "KPM5": 1.6,
      "HwG": 0,
      "KPM6": null,
      "Pyro": 0,
      "KPM7": null,
      "Spy": 0,
      "KPM8": null,
      "Eng": 0,
      "KPM9": null,
      "SG": 0,
      "KPM0": null
    },
    {
      "Name": "mwleonard",
      "Sco": 0,
      "KPM1": null,
      "Sold": 27,
      "KPM3": 2.7,
      "Demo": 0,
      "KPM4": null,
      "Med": 0,
      "KPM5": null,
      "HwG": 0,
      "KPM6": null,
      "Pyro": 0,
      "KPM7": null,
      "Spy": 0,
      "KPM8": null,
      "Eng": 0,
      "KPM9": null,
      "SG": 0,
      "KPM0": null
    },
    {
      "Name": "rsdriz",
      "Sco": 0,
      "KPM1": null,
      "Sold": 0,
      "KPM3": null,
      "Demo": 0,
      "KPM4": null,
      "Med": 0,
      "KPM5": null,
      "HwG": 0,
      "KPM6": null,
      "Pyro": 0,
      "KPM7": null,
      "Spy": 20,
      "KPM8": 2,
      "Eng": 0,
      "KPM9": null,
      "SG": 0,
      "KPM0": null
    },
    {
      "Name": "4lvid",
      "Sco": 0,
      "KPM1": null,
      "Sold": 0,
      "KPM3": null,
      "Demo": 0,
      "KPM4": null,
      "Med": 0,
      "KPM5": null,
      "HwG": 0,
      "KPM6": null,
      "Pyro": 26,
      "KPM7": 2.62,
      "Spy": 0,
      "KPM8": null,
      "Eng": 0,
      "KPM9": null,
      "SG": 0,
      "KPM0": null
    },
    {
      "Name": "bgameoverb",
      "Sco": 0,
      "KPM1": null,
      "Sold": 0,
      "KPM3": null,
      "Demo": 0,
      "KPM4": null,
      "Med": 0,
      "KPM5": null,
      "HwG": 0,
      "KPM6": null,
      "Pyro": 0,
      "KPM7": null,
      "Spy": 8,
      "KPM8": 0.81,
      "Eng": 0,
      "KPM9": null,
      "SG": 0,
      "KPM0": null
    },
    {
      "Name": "rspredator",
      "Sco": 1,
      "KPM1": 0.16,
      "Sold": 0,
      "KPM3": null,
      "Demo": 0,
      "KPM4": null,
      "Med": 2,
      "KPM5": 0.54,
      "HwG": 0,
      "KPM6": null,
      "Pyro": 0,
      "KPM7": null,
      "Spy": 0,
      "KPM8": null,
      "Eng": 0,
      "KPM9": null,
      "SG": 0,
      "KPM0": null
    },
    {
      "Name": "welsher.wwg",
      "Sco": 0,
      "KPM1": null,
      "Sold": 24,
      "KPM3": 2.42,
      "Demo": 0,
      "KPM4": null,
      "Med": 0,
      "KPM5": null,
      "HwG": 0,
      "KPM6": null,
      "Pyro": 0,
      "KPM7": null,
      "Spy": 0,
      "KPM8": null,
      "Eng": 0,
      "KPM9": null,
      "SG": 0,
      "KPM0": null
    }
  ],
  "ClassFragDefence": [
    {
      "Name": "4lgonadsandstrife",
      "Sco": 0,
      "KPM1": null,
      "Sold": 0,
      "KPM3": null,
      "Demo": 0,
      "KPM4": null,
      "Med": 0,
      "KPM5": null,
      "HwG": 0,
      "KPM6": null,
      "Pyro": 0,
      "KPM7": null,
      "Spy": 0,
      "KPM8": null,
      "Eng": 13,
      "KPM9": 1.31,
      "SG": 9,
      "KPM0": 0.91
    },
    {
      "Name": "buggattiwwg",
      "Sco": 0,
      "KPM1": null,
      "Sold": 0,
      "KPM3": null,
      "Demo": 0,
      "KPM4": null,
      "Med": 0,
      "KPM5": null,
      "HwG": 11,
      "KPM6": 1.82,
      "Pyro": 13,
      "KPM7": 3.35,
      "Spy": 0,
      "KPM8": null,
      "Eng": 0,
      "KPM9": null,
      "SG": 0,
      "KPM0": null
    },
    {
      "Name": "mwleonard",
      "Sco": 0,
      "KPM1": null,
      "Sold": 16,
      "KPM3": 1.61,
      "Demo": 0,
      "KPM4": null,
      "Med": 0,
      "KPM5": null,
      "HwG": 0,
      "KPM6": null,
      "Pyro": 0,
      "KPM7": null,
      "Spy": 0,
      "KPM8": null,
      "Eng": 0,
      "KPM9": null,
      "SG": 0,
      "KPM0": null
    },
    {
      "Name": "rsdriz",
      "Sco": 0,
      "KPM1": null,
      "Sold": 0,
      "KPM3": null,
      "Demo": 22,
      "KPM4": 2.21,
      "Med": 0,
      "KPM5": null,
      "HwG": 0,
      "KPM6": null,
      "Pyro": 0,
      "KPM7": null,
      "Spy": 0,
      "KPM8": null,
      "Eng": 0,
      "KPM9": null,
      "SG": 0,
      "KPM0": null
    },
    {
      "Name": "4lvid",
      "Sco": 0,
      "KPM1": null,
      "Sold": 0,
      "KPM3": null,
      "Demo": 0,
      "KPM4": null,
      "Med": 0,
      "KPM5": null,
      "HwG": 0,
      "KPM6": null,
      "Pyro": 0,
      "KPM7": null,
      "Spy": 0,
      "KPM8": null,
      "Eng": 9,
      "KPM9": 0.9,
      "SG": 7,
      "KPM0": 0.7
    },
    {
      "Name": "bgameoverb",
      "Sco": 0,
      "KPM1": null,
      "Sold": 0,
      "KPM3": null,
      "Demo": 0,
      "KPM4": null,
      "Med": 0,
      "KPM5": null,
      "HwG": 22,
      "KPM6": 2.2,
      "Pyro": 0,
      "KPM7": null,
      "Spy": 0,
      "KPM8": null,
      "Eng": 0,
      "KPM9": null,
      "SG": 0,
      "KPM0": null
    },
    {
      "Name": "rspredator",
      "Sco": 0,
      "KPM1": null,
      "Sold": 0,
      "KPM3": null,
      "Demo": 0,
      "KPM4": null,
      "Med": 0,
      "KPM5": null,
      "HwG": 0,
      "KPM6": null,
      "Pyro": 23,
      "KPM7": 2.3,
      "Spy": 0,
      "KPM8": null,
      "Eng": 0,
      "KPM9": null,
      "SG": 0,
      "KPM0": null
    },
    {
      "Name": "welsher.wwg",
      "Sco": 0,
      "KPM1": null,
      "Sold": 0,
      "KPM3": null,
      "Demo": 21,
      "KPM4": 2.1,
      "Med": 0,
      "KPM5": null,
      "HwG": 0,
      "KPM6": null,
      "Pyro": 0,
      "KPM7": null,
      "Spy": 0,
      "KPM8": null,
      "Eng": 0,
      "KPM9": null,
      "SG": 0,
      "KPM0": null
    }
  ],
  "ClassTimeAttack": [
    {
      "Name": "4lgonadsandstrife",
      "Sco": 0,
      "Sold": 0,
      "Demo": 0,
      "Med": 0,
      "HwG": 0,
      "Pyro": 600,
      "Spy": 0,
      "Eng": 0
    },
    {
      "Name": "buggattiwwg",
      "Sco": 0,
      "Sold": 0,
      "Demo": 0,
      "Med": 600,
      "HwG": 0,
      "Pyro": 0,
      "Spy": 0,
      "Eng": 0
    },
    {
      "Name": "mwleonard",
      "Sco": 0,
      "Sold": 600,
      "Demo": 0,
      "Med": 0,
      "HwG": 0,
      "Pyro": 0,
      "Spy": 0,
      "Eng": 0
    },
    {
      "Name": "rsdriz",
      "Sco": 0,
      "Sold": 0,
      "Demo": 0,
      "Med": 0,
      "HwG": 0,
      "Pyro": 0,
      "Spy": 600,
      "Eng": 0
    },
    {
      "Name": "4lvid",
      "Sco": 0,
      "Sold": 0,
      "Demo": 0,
      "Med": 0,
      "HwG": 0,
      "Pyro": 596,
      "Spy": 0,
      "Eng": 0
    },
    {
      "Name": "bgameoverb",
      "Sco": 0,
      "Sold": 0,
      "Demo": 0,
      "Med": 0,
      "HwG": 0,
      "Pyro": 0,
      "Spy": 596,
      "Eng": 0
    },
    {
      "Name": "rspredator",
      "Sco": 375,
      "Sold": 0,
      "Demo": 0,
      "Med": 221,
      "HwG": 0,
      "Pyro": 0,
      "Spy": 0,
      "Eng": 0
    },
    {
      "Name": "welsher.wwg",
      "Sco": 0,
      "Sold": 596,
      "Demo": 0,
      "Med": 0,
      "HwG": 0,
      "Pyro": 0,
      "Spy": 0,
      "Eng": 0
    }
  ],
  "ClassTimeDefence": [
    {
      "Name": "4lgonadsandstrife",
      "Sco": 0,
      "Sold": 0,
      "Demo": 0,
      "Med": 0,
      "HwG": 0,
      "Pyro": 0,
      "Spy": 0,
      "Eng": 596
    },
    {
      "Name": "buggattiwwg",
      "Sco": 0,
      "Sold": 0,
      "Demo": 0,
      "Med": 0,
      "HwG": 363,
      "Pyro": 233,
      "Spy": 0,
      "Eng": 0
    },
    {
      "Name": "mwleonard",
      "Sco": 0,
      "Sold": 596,
      "Demo": 0,
      "Med": 0,
      "HwG": 0,
      "Pyro": 0,
      "Spy": 0,
      "Eng": 0
    },
    {
      "Name": "rsdriz",
      "Sco": 0,
      "Sold": 0,
      "Demo": 596,
      "Med": 0,
      "HwG": 0,
      "Pyro": 0,
      "Spy": 0,
      "Eng": 0
    },
    {
      "Name": "4lvid",
      "Sco": 0,
      "Sold": 0,
      "Demo": 0,
      "Med": 0,
      "HwG": 0,
      "Pyro": 0,
      "Spy": 0,
      "Eng": 600
    },
    {
      "Name": "bgameoverb",
      "Sco": 0,
      "Sold": 0,
      "Demo": 0,
      "Med": 0,
      "HwG": 600,
      "Pyro": 0,
      "Spy": 0,
      "Eng": 0
    },
    {
      "Name": "rspredator",
      "Sco": 0,
      "Sold": 0,
      "Demo": 0,
      "Med": 0,
      "HwG": 0,
      "Pyro": 600,
      "Spy": 0,
      "Eng": 0
    },
    {
      "Name": "welsher.wwg",
      "Sco": 0,
      "Sold": 0,
      "Demo": 600,
      "Med": 0,
      "HwG": 0,
      "Pyro": 0,
      "Spy": 0,
      "Eng": 0
    }
  ]
}
