{
  "Matches": [
    {
      "Server": "virginia/staging",
      "Match": "2023-07-23-02-20-57_[openfirer]",
      "Winner": "Draw",
      "Rating": "0 %",
      "Score1": 60,
      "Team1": "[hice]hshochkh,0,bw,nvs.zenon",
      "Score2": 60,
      "Team2": "4lgonadsandstrife,euhaunter.pt,fraggeduk,ricksonfold"
    }
  ],
  "SummaryAttack": [
    {
      "Name": "[hice]hshochkh",
      "KPM": 0.7,
      "KD": 0.22,
      "Kills": 7,
      "Death": 32,
      "TKill": 1,
      "Dmg": 952.0,
      "DPM": 95.0,
      "FlagCap": 2.0,
      "FlagTake": 12.0,
      "FlagTime": "0:53",
      "FlagStop": 0,
      "Win": 0,
      "Draw": 1,
      "Loss": 0,
      "TimePlayed": "10:00",
      "Classes": "Med  100 %"
    },
    {
      "Name": "0",
      "KPM": 1.4,
      "KD": 0.5,
      "Kills": 14,
      "Death": 28,
      "TKill": 1,
      "Dmg": 3243.0,
      "DPM": 324.0,
      "FlagCap": 2.0,
      "FlagTake": 8.0,
      "FlagTime": "1:00",
      "FlagStop": 0,
      "Win": 0,
      "Draw": 1,
      "Loss": 0,
      "TimePlayed": "10:00",
      "Classes": "Pyro 100 %"
    },
    {
      "Name": "bw",
      "KPM": 2.6,
      "KD": 0.84,
      "Kills": 26,
      "Death": 31,
      "TKill": 0,
      "Dmg": 5212.0,
      "DPM": 521.0,
      "FlagCap": 1.0,
      "FlagTake": 5.0,
      "FlagTime": "0:16",
      "FlagStop": 0,
      "Win": 0,
      "Draw": 1,
      "Loss": 0,
      "TimePlayed": "10:00",
      "Classes": "Sold 100 %"
    },
    {
      "Name": "nvs.zenon",
      "KPM": 0.7,
      "KD": 0.21,
      "Kills": 7,
      "Death": 33,
      "TKill": 1,
      "Dmg": 1268.0,
      "DPM": 127.0,
      "FlagCap": 1.0,
      "FlagTake": 13.0,
      "FlagTime": "0:28",
      "FlagStop": 0,
      "Win": 0,
      "Draw": 1,
      "Loss": 0,
      "TimePlayed": "10:00",
      "Classes": "Spy  100 %"
    },
    {
      "Name": "4lgonadsandstrife",
      "KPM": 2.5,
      "KD": 0.93,
      "Kills": 25,
      "Death": 27,
      "TKill": 0,
      "Dmg": 4081.0,
      "DPM": 408.0,
      "FlagCap": 1,
      "FlagTake": 2.0,
      "FlagTime": "0:02",
      "FlagStop": 0,
      "Win": 0,
      "Draw": 1,
      "Loss": 0,
      "TimePlayed": "10:00",
      "Classes": "Sold 100 %"
    },
    {
      "Name": "euhaunter.pt",
      "KPM": 1.0,
      "KD": 0.32,
      "Kills": 10,
      "Death": 31,
      "TKill": 1,
      "Dmg": 2257.0,
      "DPM": 226.0,
      "FlagCap": 3.0,
      "FlagTake": 19.0,
      "FlagTime": "1:39",
      "FlagStop": 0,
      "Win": 0,
      "Draw": 1,
      "Loss": 0,
      "TimePlayed": "10:00",
      "Classes": "Med  100 %"
    },
    {
      "Name": "fraggeduk",
      "KPM": 0.6,
      "KD": 0.32,
      "Kills": 6,
      "Death": 19,
      "TKill": 0,
      "Dmg": 619.0,
      "DPM": 62.0,
      "FlagCap": 3.0,
      "FlagTake": 9.0,
      "FlagTime": "1:38",
      "FlagStop": 0,
      "Win": 0,
      "Draw": 1,
      "Loss": 0,
      "TimePlayed": "10:00",
      "Classes": "Spy  100 %"
    },
    {
      "Name": "ricksonfold",
      "KPM": 2.4,
      "KD": 0.86,
      "Kills": 24,
      "Death": 28,
      "TKill": 4,
      "Dmg": 5832.0,
      "DPM": 583.0,
      "FlagCap": 1,
      "FlagTake": 4.0,
      "FlagTime": "0:04",
      "FlagStop": 0,
      "Win": 0,
      "Draw": 1,
      "Loss": 0,
      "TimePlayed": "10:00",
      "Classes": "Pyro 100 %"
    }
  ],
  "SummaryDefence": [
    {
      "Name": "[hice]hshochkh",
      "KPM": 2.3,
      "KD": 1.05,
      "Kills": 23,
      "Death": 22,
      "TKill": 13,
      "Dmg": 4617.0,
      "DPM": 462.0,
      "FlagCap": 0,
      "FlagTake": 0,
      "FlagTime": 0,
      "FlagStop": 1,
      "Win": 0,
      "Draw": 1,
      "Loss": 0,
      "TimePlayed": "10:00",
      "Classes": "Demo 100 %"
    },
    {
      "Name": "0",
      "KPM": 2.1,
      "KD": 1.11,
      "Kills": 21,
      "Death": 19,
      "TKill": 8,
      "Dmg": 5820.0,
      "DPM": 582.0,
      "FlagCap": 0,
      "FlagTake": 0,
      "FlagTime": 0,
      "FlagStop": 1,
      "Win": 0,
      "Draw": 1,
      "Loss": 0,
      "TimePlayed": "10:00",
      "Classes": "HwG  100 %"
    },
    {
      "Name": "bw",
      "KPM": 2.7,
      "KD": 0.87,
      "Kills": 27,
      "Death": 31,
      "TKill": 0,
      "Dmg": 5655.0,
      "DPM": 566.0,
      "FlagCap": 0,
      "FlagTake": 0,
      "FlagTime": 0,
      "FlagStop": 3.0,
      "Win": 0,
      "Draw": 1,
      "Loss": 0,
      "TimePlayed": "10:00",
      "Classes": "Pyro 100 %"
    },
    {
      "Name": "nvs.zenon",
      "KPM": 1.7,
      "KD": 0.81,
      "Kills": 17,
      "Death": 21,
      "TKill": 4,
      "Dmg": 3687.0,
      "DPM": 369.0,
      "FlagCap": 0,
      "FlagTake": 0,
      "FlagTime": 0,
      "FlagStop": 3.0,
      "Win": 0,
      "Draw": 1,
      "Loss": 0,
      "TimePlayed": "10:00",
      "Classes": "Eng  100 %"
    },
    {
      "Name": "4lgonadsandstrife",
      "KPM": 2.7,
      "KD": 1.59,
      "Kills": 27,
      "Death": 17,
      "TKill": 6,
      "Dmg": 6756.0,
      "DPM": 676.0,
      "FlagCap": 0,
      "FlagTake": 0,
      "FlagTime": 0,
      "FlagStop": 1.0,
      "Win": 0,
      "Draw": 1,
      "Loss": 0,
      "TimePlayed": "10:00",
      "Classes": "HwG  100 %"
    },
    {
      "Name": "euhaunter.pt",
      "KPM": 4.7,
      "KD": 2.14,
      "Kills": 47,
      "Death": 22,
      "TKill": 13,
      "Dmg": 7279.0,
      "DPM": 728.0,
      "FlagCap": 0,
      "FlagTake": 0,
      "FlagTime": 0,
      "FlagStop": 1,
      "Win": 0,
      "Draw": 1,
      "Loss": 0,
      "TimePlayed": "10:00",
      "Classes": "Demo 100 %"
    },
    {
      "Name": "fraggeduk",
      "KPM": 0.8,
      "KD": 0.4,
      "Kills": 8,
      "Death": 20,
      "TKill": 1,
      "Dmg": 3033.0,
      "DPM": 303.0,
      "FlagCap": 0,
      "FlagTake": 0,
      "FlagTime": 0,
      "FlagStop": 1.0,
      "Win": 0,
      "Draw": 1,
      "Loss": 0,
      "TimePlayed": "10:00",
      "Classes": "Eng  100 %"
    },
    {
      "Name": "ricksonfold",
      "KPM": 2.3,
      "KD": 1.1,
      "Kills": 23,
      "Death": 21,
      "TKill": 3,
      "Dmg": 4536.0,
      "DPM": 454.0,
      "FlagCap": 0,
      "FlagTake": 0,
      "FlagTime": 0,
      "FlagStop": 4.0,
      "Win": 0,
      "Draw": 1,
      "Loss": 0,
      "TimePlayed": "10:00",
      "Classes": "Sold 97 %|Demo 3 %"
    }
  ],
  "ClassFragAttack": [
    {
      "Name": "[hice]hshochkh",
      "Sco": 0,
      "KPM1": null,
      "Sold": 0,
      "KPM3": null,
      "Demo": 0,
      "KPM4": null,
      "Med": 7.0,
      "KPM5": 0.7,
      "HwG": 0,
      "KPM6": null,
      "Pyro": 0,
      "KPM7": null,
      "Spy": 0,
      "KPM8": null,
      "Eng": 0,
      "KPM9": null,
      "SG": 0,
      "KPM0": null
    },
    {
      "Name": "0",
      "Sco": 0,
      "KPM1": null,
      "Sold": 0,
      "KPM3": null,
      "Demo": 0,
      "KPM4": null,
      "Med": 0,
      "KPM5": null,
      "HwG": 0,
      "KPM6": null,
      "Pyro": 14.0,
      "KPM7": 1.4,
      "Spy": 0,
      "KPM8": null,
      "Eng": 0,
      "KPM9": null,
      "SG": 0,
      "KPM0": null
    },
    {
      "Name": "bw",
      "Sco": 0,
      "KPM1": null,
      "Sold": 26.0,
      "KPM3": 2.6,
      "Demo": 0,
      "KPM4": null,
      "Med": 0,
      "KPM5": null,
      "HwG": 0,
      "KPM6": null,
      "Pyro": 0,
      "KPM7": null,
      "Spy": 0,
      "KPM8": null,
      "Eng": 0,
      "KPM9": null,
      "SG": 0,
      "KPM0": null
    },
    {
      "Name": "nvs.zenon",
      "Sco": 0,
      "KPM1": null,
      "Sold": 0,
      "KPM3": null,
      "Demo": 0,
      "KPM4": null,
      "Med": 0,
      "KPM5": null,
      "HwG": 0,
      "KPM6": null,
      "Pyro": 0,
      "KPM7": null,
      "Spy": 7.0,
      "KPM8": 0.7,
      "Eng": 0,
      "KPM9": null,
      "SG": 0,
      "KPM0": null
    },
    {
      "Name": "4lgonadsandstrife",
      "Sco": 0,
      "KPM1": null,
      "Sold": 25.0,
      "KPM3": 2.5,
      "Demo": 0,
      "KPM4": null,
      "Med": 0,
      "KPM5": null,
      "HwG": 0,
      "KPM6": null,
      "Pyro": 0,
      "KPM7": null,
      "Spy": 0,
      "KPM8": null,
      "Eng": 0,
      "KPM9": null,
      "SG": 0,
      "KPM0": null
    },
    {
      "Name": "euhaunter.pt",
      "Sco": 0,
      "KPM1": null,
      "Sold": 0,
      "KPM3": null,
      "Demo": 0,
      "KPM4": null,
      "Med": 10.0,
      "KPM5": 1.0,
      "HwG": 0,
      "KPM6": null,
      "Pyro": 0,
      "KPM7": null,
      "Spy": 0,
      "KPM8": null,
      "Eng": 0,
      "KPM9": null,
      "SG": 0,
      "KPM0": null
    },
    {
      "Name": "fraggeduk",
      "Sco": 0,
      "KPM1": null,
      "Sold": 0,
      "KPM3": null,
      "Demo": 0,
      "KPM4": null,
      "Med": 0,
      "KPM5": null,
      "HwG": 0,
      "KPM6": null,
      "Pyro": 0,
      "KPM7": null,
      "Spy": 6.0,
      "KPM8": 0.6,
      "Eng": 0,
      "KPM9": null,
      "SG": 0,
      "KPM0": null
    },
    {
      "Name": "ricksonfold",
      "Sco": 0,
      "KPM1": null,
      "Sold": 0,
      "KPM3": null,
      "Demo": 0,
      "KPM4": null,
      "Med": 0,
      "KPM5": null,
      "HwG": 0,
      "KPM6": null,
      "Pyro": 24.0,
      "KPM7": 2.4,
      "Spy": 0,
      "KPM8": null,
      "Eng": 0,
      "KPM9": null,
      "SG": 0,
      "KPM0": null
    }
  ],
  "ClassFragDefence": [
    {
      "Name": "[hice]hshochkh",
      "Sco": 0,
      "KPM1": null,
      "Sold": 0,
      "KPM3": null,
      "Demo": 23.0,
      "KPM4": 2.3,
      "Med": 0,
      "KPM5": null,
      "HwG": 0,
      "KPM6": null,
      "Pyro": 0,
      "KPM7": null,
      "Spy": 0,
      "KPM8": null,
      "Eng": 0,
      "KPM9": null,
      "SG": 0,
      "KPM0": null
    },
    {
      "Name": "0",
      "Sco": 0,
      "KPM1": null,
      "Sold": 0,
      "KPM3": null,
      "Demo": 0,
      "KPM4": null,
      "Med": 0,
      "KPM5": null,
      "HwG": 21.0,
      "KPM6": 2.1,
      "Pyro": 0,
      "KPM7": null,
      "Spy": 0,
      "KPM8": null,
      "Eng": 0,
      "KPM9": null,
      "SG": 0,
      "KPM0": null
    },
    {
      "Name": "bw",
      "Sco": 0,
      "KPM1": null,
      "Sold": 0,
      "KPM3": null,
      "Demo": 0,
      "KPM4": null,
      "Med": 0,
      "KPM5": null,
      "HwG": 0,
      "KPM6": null,
      "Pyro": 27.0,
      "KPM7": 2.7,
      "Spy": 0,
      "KPM8": null,
      "Eng": 0,
      "KPM9": null,
      "SG": 0,
      "KPM0": null
    },
    {
      "Name": "nvs.zenon",
      "Sco": 0,
      "KPM1": null,
      "Sold": 0,
      "KPM3": null,
      "Demo": 0,
      "KPM4": null,
      "Med": 0,
      "KPM5": null,
      "HwG": 0,
      "KPM6": null,
      "Pyro": 0,
      "KPM7": null,
      "Spy": 0,
      "KPM8": null,
      "Eng": 5.0,
      "KPM9": 0.5,
      "SG": 12.0,
      "KPM0": 1.2
    },
    {
      "Name": "4lgonadsandstrife",
      "Sco": 0,
      "KPM1": null,
      "Sold": 0,
      "KPM3": null,
      "Demo": 0,
      "KPM4": null,
      "Med": 0,
      "KPM5": null,
      "HwG": 27.0,
      "KPM6": 2.7,
      "Pyro": 0,
      "KPM7": null,
      "Spy": 0,
      "KPM8": null,
      "Eng": 0,
      "KPM9": null,
      "SG": 0,
      "KPM0": null
    },
    {
      "Name": "euhaunter.pt",
      "Sco": 0,
      "KPM1": null,
      "Sold": 0,
      "KPM3": null,
      "Demo": 47.0,
      "KPM4": 4.7,
      "Med": 0,
      "KPM5": null,
      "HwG": 0,
      "KPM6": null,
      "Pyro": 0,
      "KPM7": null,
      "Spy": 0,
      "KPM8": null,
      "Eng": 0,
      "KPM9": null,
      "SG": 0,
      "KPM0": null
    },
    {
      "Name": "fraggeduk",
      "Sco": 0,
      "KPM1": null,
      "Sold": 0,
      "KPM3": null,
      "Demo": 0,
      "KPM4": null,
      "Med": 0,
      "KPM5": null,
      "HwG": 0,
      "KPM6": null,
      "Pyro": 0,
      "KPM7": null,
      "Spy": 0,
      "KPM8": null,
      "Eng": 3.0,
      "KPM9": 0.3,
      "SG": 5.0,
      "KPM0": 0.5
    },
    {
      "Name": "ricksonfold",
      "Sco": 0,
      "KPM1": null,
      "Sold": 23.0,
      "KPM3": 2.38,
      "Demo": 0,
      "KPM4": null,
      "Med": 0,
      "KPM5": null,
      "HwG": 0,
      "KPM6": null,
      "Pyro": 0,
      "KPM7": null,
      "Spy": 0,
      "KPM8": null,
      "Eng": 0,
      "KPM9": null,
      "SG": 0,
      "KPM0": null
    }
  ],
  "ClassTimeAttack": [
    {
      "Name": "[hice]hshochkh",
      "Sco": 0,
      "Sold": 0,
      "Demo": 0,
      "Med": 600,
      "HwG": 0,
      "Pyro": 0,
      "Spy": 0,
      "Eng": 0
    },
    {
      "Name": "0",
      "Sco": 0,
      "Sold": 0,
      "Demo": 0,
      "Med": 0,
      "HwG": 0,
      "Pyro": 600,
      "Spy": 0,
      "Eng": 0
    },
    {
      "Name": "bw",
      "Sco": 0,
      "Sold": 600,
      "Demo": 0,
      "Med": 0,
      "HwG": 0,
      "Pyro": 0,
      "Spy": 0,
      "Eng": 0
    },
    {
      "Name": "nvs.zenon",
      "Sco": 0,
      "Sold": 0,
      "Demo": 0,
      "Med": 0,
      "HwG": 0,
      "Pyro": 0,
      "Spy": 600,
      "Eng": 0
    },
    {
      "Name": "4lgonadsandstrife",
      "Sco": 0,
      "Sold": 600,
      "Demo": 0,
      "Med": 0,
      "HwG": 0,
      "Pyro": 0,
      "Spy": 0,
      "Eng": 0
    },
    {
      "Name": "euhaunter.pt",
      "Sco": 0,
      "Sold": 0,
      "Demo": 0,
      "Med": 600,
      "HwG": 0,
      "Pyro": 0,
      "Spy": 0,
      "Eng": 0
    },
    {
      "Name": "fraggeduk",
      "Sco": 0,
      "Sold": 0,
      "Demo": 0,
      "Med": 0,
      "HwG": 0,
      "Pyro": 0,
      "Spy": 600,
      "Eng": 0
    },
    {
      "Name": "ricksonfold",
      "Sco": 0,
      "Sold": 0,
      "Demo": 0,
      "Med": 0,
      "HwG": 0,
      "Pyro": 600,
      "Spy": 0,
      "Eng": 0
    }
  ],
  "ClassTimeDefence": [
    {
      "Name": "[hice]hshochkh",
      "Sco": 0,
      "Sold": 0,
      "Demo": 600,
      "Med": 0,
      "HwG": 0,
      "Pyro": 0,
      "Spy": 0,
      "Eng": 0
    },
    {
      "Name": "0",
      "Sco": 0,
      "Sold": 0,
      "Demo": 0,
      "Med": 0,
      "HwG": 600,
      "Pyro": 0,
      "Spy": 0,
      "Eng": 0
    },
    {
      "Name": "bw",
      "Sco": 0,
      "Sold": 0,
      "Demo": 0,
      "Med": 0,
      "HwG": 0,
      "Pyro": 600,
      "Spy": 0,
      "Eng": 0
    },
    {
      "Name": "nvs.zenon",
      "Sco": 0,
      "Sold": 0,
      "Demo": 0,
      "Med": 0,
      "HwG": 0,
      "Pyro": 0,
      "Spy": 0,
      "Eng": 600
    },
    {
      "Name": "4lgonadsandstrife",
      "Sco": 0,
      "Sold": 0,
      "Demo": 0,
      "Med": 0,
      "HwG": 600,
      "Pyro": 0,
      "Spy": 0,
      "Eng": 0
    },
    {
      "Name": "euhaunter.pt",
      "Sco": 0,
      "Sold": 0,
      "Demo": 600,
      "Med": 0,
      "HwG": 0,
      "Pyro": 0,
      "Spy": 0,
      "Eng": 0
    },
    {
      "Name": "fraggeduk",
      "Sco": 0,
      "Sold": 0,
      "Demo": 0,
      "Med": 0,
      "HwG": 0,
      "Pyro": 0,
      "Spy": 0,
      "Eng": 600
    },
    {
      "Name": "ricksonfold",
      "Sco": 0,
      "Sold": 580,
      "Demo": 20,
      "Med": 0,
      "HwG": 0,
      "Pyro": 0,
      "Spy": 0,
      "Eng": 0
    }
  ]
}
