{
  "Matches": [
    {
      "Server": "virginia/staging",
      "Match": "2023-07-21-21-39-14_[blitzkrieg2]",
      "Winner": "Team2",
      "Rating": "35 %",
      "Score1": 40,
      "Team1": "bugattiwwg,justicewwg,lorenziniwwg,tulkasg",
      "Score2": 50,
      "Team2": "eub4s1c.fi,euhaunter.pt,eupain.pl,uknewby.brexit"
    }
  ],
  "SummaryAttack": [
    {
      "Name": "bugattiwwg",
      "KPM": 2.1,
      "KD": 0.72,
      "Kills": 21,
      "Death": 29,
      "TKill": 1,
      "Dmg": 3943.0,
      "DPM": 394.0,
      "FlagCap": 1.0,
      "FlagTake": 7.0,
      "FlagTime": "0:37",
      "FlagStop": 0,
      "Win": 0,
      "Draw": 0,
      "Loss": 1,
      "TimePlayed": "10:00",
      "Classes": "Sold 100 %"
    },
    {
      "Name": "justicewwg",
      "KPM": 0.5,
      "KD": 0.22,
      "Kills": 5,
      "Death": 23,
      "TKill": 0,
      "Dmg": 485.0,
      "DPM": 48.0,
      "FlagCap": 1.0,
      "FlagTake": 11.0,
      "FlagTime": "0:28",
      "FlagStop": 0,
      "Win": 0,
      "Draw": 0,
      "Loss": 1,
      "TimePlayed": "10:00",
      "Classes": "Sco  66 %|Spy  34 %"
    },
    {
      "Name": "lorenziniwwg",
      "KPM": 0.7,
      "KD": 0.25,
      "Kills": 7,
      "Death": 28,
      "TKill": 0,
      "Dmg": 1444.0,
      "DPM": 144.0,
      "FlagCap": 1,
      "FlagTake": 6.0,
      "FlagTime": "0:18",
      "FlagStop": 0,
      "Win": 0,
      "Draw": 0,
      "Loss": 1,
      "TimePlayed": "10:00",
      "Classes": "Med  100 %"
    },
    {
      "Name": "tulkasg",
      "KPM": 1.6,
      "KD": 0.48,
      "Kills": 16,
      "Death": 33,
      "TKill": 0,
      "Dmg": 2173.0,
      "DPM": 217.0,
      "FlagCap": 2.0,
      "FlagTake": 8.0,
      "FlagTime": "0:32",
      "FlagStop": 0,
      "Win": 0,
      "Draw": 0,
      "Loss": 1,
      "TimePlayed": "10:00",
      "Classes": "Pyro 100 %"
    },
    {
      "Name": "eub4s1c.fi",
      "KPM": 1.53,
      "KD": 0.48,
      "Kills": 10,
      "Death": 21,
      "TKill": 0,
      "Dmg": 1226.0,
      "DPM": 188.0,
      "FlagCap": 1,
      "FlagTake": 5.0,
      "FlagTime": "0:23",
      "FlagStop": 0,
      "Win": 1,
      "Draw": 0,
      "Loss": 0,
      "TimePlayed": "6:32",
      "Classes": "Pyro 100 %"
    },
    {
      "Name": "euhaunter.pt",
      "KPM": 3.21,
      "KD": 1.31,
      "Kills": 21,
      "Death": 16,
      "TKill": 2,
      "Dmg": 3120.0,
      "DPM": 478.0,
      "FlagCap": 3.0,
      "FlagTake": 11.0,
      "FlagTime": "1:13",
      "FlagStop": 0,
      "Win": 1,
      "Draw": 0,
      "Loss": 0,
      "TimePlayed": "6:32",
      "Classes": "Sold 100 %"
    },
    {
      "Name": "eupain.pl",
      "KPM": 0.92,
      "KD": 0.35,
      "Kills": 6,
      "Death": 17,
      "TKill": 2,
      "Dmg": 1119.0,
      "DPM": 171.0,
      "FlagCap": 1.0,
      "FlagTake": 4.0,
      "FlagTime": "0:07",
      "FlagStop": 0,
      "Win": 1,
      "Draw": 0,
      "Loss": 0,
      "TimePlayed": "6:32",
      "Classes": "Spy  100 %"
    },
    {
      "Name": "uknewby.brexit",
      "KPM": 0.31,
      "KD": 0.12,
      "Kills": 2,
      "Death": 17,
      "TKill": 0,
      "Dmg": 818.0,
      "DPM": 125.0,
      "FlagCap": 1.0,
      "FlagTake": 9.0,
      "FlagTime": "0:50",
      "FlagStop": 0,
      "Win": 1,
      "Draw": 0,
      "Loss": 0,
      "TimePlayed": "6:32",
      "Classes": "Med  100 %"
    }
  ],
  "SummaryDefence": [
    {
      "Name": "bugattiwwg",
      "KPM": 3.06,
      "KD": 1.43,
      "Kills": 20,
      "Death": 14,
      "TKill": 4,
      "Dmg": 3551.0,
      "DPM": 544.0,
      "FlagCap": 0,
      "FlagTake": 0,
      "FlagTime": 0,
      "FlagStop": 1,
      "Win": 0,
      "Draw": 0,
      "Loss": 1,
      "TimePlayed": "6:32",
      "Classes": "Sold 100 %"
    },
    {
      "Name": "justicewwg",
      "KPM": 3.06,
      "KD": 1.33,
      "Kills": 20,
      "Death": 15,
      "TKill": 1,
      "Dmg": 3585.0,
      "DPM": 549.0,
      "FlagCap": 0,
      "FlagTake": 0,
      "FlagTime": 0,
      "FlagStop": 1,
      "Win": 0,
      "Draw": 0,
      "Loss": 1,
      "TimePlayed": "6:32",
      "Classes": "Demo 100 %"
    },
    {
      "Name": "lorenziniwwg",
      "KPM": 1.22,
      "KD": 0.57,
      "Kills": 8,
      "Death": 14,
      "TKill": 6,
      "Dmg": 1588.0,
      "DPM": 243.0,
      "FlagCap": 0,
      "FlagTake": 0,
      "FlagTime": 0,
      "FlagStop": 1,
      "Win": 0,
      "Draw": 0,
      "Loss": 1,
      "TimePlayed": "6:32",
      "Classes": "Pyro 100 %"
    },
    {
      "Name": "tulkasg",
      "KPM": 1.99,
      "KD": 0.76,
      "Kills": 13,
      "Death": 17,
      "TKill": 2,
      "Dmg": 2278.0,
      "DPM": 349.0,
      "FlagCap": 0,
      "FlagTake": 0,
      "FlagTime": 0,
      "FlagStop": 1,
      "Win": 0,
      "Draw": 0,
      "Loss": 1,
      "TimePlayed": "6:32",
      "Classes": "Eng  100 %"
    },
    {
      "Name": "eub4s1c.fi",
      "KPM": 2.2,
      "KD": 1.38,
      "Kills": 22,
      "Death": 16,
      "TKill": 4,
      "Dmg": 4059.0,
      "DPM": 406.0,
      "FlagCap": 0,
      "FlagTake": 0,
      "FlagTime": 0,
      "FlagStop": 1,
      "Win": 1,
      "Draw": 0,
      "Loss": 0,
      "TimePlayed": "10:00",
      "Classes": "Demo 100 %"
    },
    {
      "Name": "euhaunter.pt",
      "KPM": 3.4,
      "KD": 1.79,
      "Kills": 34,
      "Death": 19,
      "TKill": 3,
      "Dmg": 5421.0,
      "DPM": 542.0,
      "FlagCap": 0,
      "FlagTake": 0,
      "FlagTime": 0,
      "FlagStop": 1,
      "Win": 1,
      "Draw": 0,
      "Loss": 0,
      "TimePlayed": "10:00",
      "Classes": "Eng  100 %"
    },
    {
      "Name": "eupain.pl",
      "KPM": 1.0,
      "KD": 0.71,
      "Kills": 10,
      "Death": 14,
      "TKill": 2,
      "Dmg": 2211.0,
      "DPM": 221.0,
      "FlagCap": 0,
      "FlagTake": 0,
      "FlagTime": 0,
      "FlagStop": 1,
      "Win": 1,
      "Draw": 0,
      "Loss": 0,
      "TimePlayed": "10:00",
      "Classes": "Pyro 100 %"
    },
    {
      "Name": "uknewby.brexit",
      "KPM": 3.2,
      "KD": 2.67,
      "Kills": 32,
      "Death": 12,
      "TKill": 3,
      "Dmg": 6024.0,
      "DPM": 602.0,
      "FlagCap": 0,
      "FlagTake": 0,
      "FlagTime": 0,
      "FlagStop": 1,
      "Win": 1,
      "Draw": 0,
      "Loss": 0,
      "TimePlayed": "10:00",
      "Classes": "HwG  100 %"
    }
  ],
  "ClassFragAttack": [
    {
      "Name": "bugattiwwg",
      "Sco": 0,
      "KPM1": null,
      "Sold": 21.0,
      "KPM3": 2.1,
      "Demo": 0,
      "KPM4": null,
      "Med": 0,
      "KPM5": null,
      "HwG": 0,
      "KPM6": null,
      "Pyro": 0,
      "KPM7": null,
      "Spy": 0,
      "KPM8": null,
      "Eng": 0,
      "KPM9": null,
      "SG": 0,
      "KPM0": null
    },
    {
      "Name": "justicewwg",
      "Sco": 2.0,
      "KPM1": 0.31,
      "Sold": 0,
      "KPM3": null,
      "Demo": 0,
      "KPM4": null,
      "Med": 0,
      "KPM5": null,
      "HwG": 0,
      "KPM6": null,
      "Pyro": 0,
      "KPM7": null,
      "Spy": 3.0,
      "KPM8": 0.87,
      "Eng": 0,
      "KPM9": null,
      "SG": 0,
      "KPM0": null
    },
    {
      "Name": "lorenziniwwg",
      "Sco": 0,
      "KPM1": null,
      "Sold": 0,
      "KPM3": null,
      "Demo": 0,
      "KPM4": null,
      "Med": 7.0,
      "KPM5": 0.7,
      "HwG": 0,
      "KPM6": null,
      "Pyro": 0,
      "KPM7": null,
      "Spy": 0,
      "KPM8": null,
      "Eng": 0,
      "KPM9": null,
      "SG": 0,
      "KPM0": null
    },
    {
      "Name": "tulkasg",
      "Sco": 0,
      "KPM1": null,
      "Sold": 0,
      "KPM3": null,
      "Demo": 0,
      "KPM4": null,
      "Med": 0,
      "KPM5": null,
      "HwG": 0,
      "KPM6": null,
      "Pyro": 16.0,
      "KPM7": 1.6,
      "Spy": 0,
      "KPM8": null,
      "Eng": 0,
      "KPM9": null,
      "SG": 0,
      "KPM0": null
    },
    {
      "Name": "eub4s1c.fi",
      "Sco": 0,
      "KPM1": null,
      "Sold": 0,
      "KPM3": null,
      "Demo": 0,
      "KPM4": null,
      "Med": 0,
      "KPM5": null,
      "HwG": 0,
      "KPM6": null,
      "Pyro": 10.0,
      "KPM7": 1.53,
      "Spy": 0,
      "KPM8": null,
      "Eng": 0,
      "KPM9": null,
      "SG": 0,
      "KPM0": null
    },
    {
      "Name": "euhaunter.pt",
      "Sco": 0,
      "KPM1": null,
      "Sold": 21.0,
      "KPM3": 3.21,
      "Demo": 0,
      "KPM4": null,
      "Med": 0,
      "KPM5": null,
      "HwG": 0,
      "KPM6": null,
      "Pyro": 0,
      "KPM7": null,
      "Spy": 0,
      "KPM8": null,
      "Eng": 0,
      "KPM9": null,
      "SG": 0,
      "KPM0": null
    },
    {
      "Name": "eupain.pl",
      "Sco": 0,
      "KPM1": null,
      "Sold": 0,
      "KPM3": null,
      "Demo": 0,
      "KPM4": null,
      "Med": 0,
      "KPM5": null,
      "HwG": 0,
      "KPM6": null,
      "Pyro": 0,
      "KPM7": null,
      "Spy": 6.0,
      "KPM8": 0.92,
      "Eng": 0,
      "KPM9": null,
      "SG": 0,
      "KPM0": null
    },
    {
      "Name": "uknewby.brexit",
      "Sco": 0,
      "KPM1": null,
      "Sold": 0,
      "KPM3": null,
      "Demo": 0,
      "KPM4": null,
      "Med": 2.0,
      "KPM5": 0.31,
      "HwG": 0,
      "KPM6": null,
      "Pyro": 0,
      "KPM7": null,
      "Spy": 0,
      "KPM8": null,
      "Eng": 0,
      "KPM9": null,
      "SG": 0,
      "KPM0": null
    }
  ],
  "ClassFragDefence": [
    {
      "Name": "bugattiwwg",
      "Sco": 0,
      "KPM1": null,
      "Sold": 20.0,
      "KPM3": 3.06,
      "Demo": 0,
      "KPM4": null,
      "Med": 0,
      "KPM5": null,
      "HwG": 0,
      "KPM6": null,
      "Pyro": 0,
      "KPM7": null,
      "Spy": 0,
      "KPM8": null,
      "Eng": 0,
      "KPM9": null,
      "SG": 0,
      "KPM0": null
    },
    {
      "Name": "justicewwg",
      "Sco": 0,
      "KPM1": null,
      "Sold": 0,
      "KPM3": null,
      "Demo": 20.0,
      "KPM4": 3.06,
      "Med": 0,
      "KPM5": null,
      "HwG": 0,
      "KPM6": null,
      "Pyro": 0,
      "KPM7": null,
      "Spy": 0,
      "KPM8": null,
      "Eng": 0,
      "KPM9": null,
      "SG": 0,
      "KPM0": null
    },
    {
      "Name": "lorenziniwwg",
      "Sco": 0,
      "KPM1": null,
      "Sold": 0,
      "KPM3": null,
      "Demo": 0,
      "KPM4": null,
      "Med": 0,
      "KPM5": null,
      "HwG": 0,
      "KPM6": null,
      "Pyro": 8.0,
      "KPM7": 1.22,
      "Spy": 0,
      "KPM8": null,
      "Eng": 0,
      "KPM9": null,
      "SG": 0,
      "KPM0": null
    },
    {
      "Name": "tulkasg",
      "Sco": 0,
      "KPM1": null,
      "Sold": 0,
      "KPM3": null,
      "Demo": 0,
      "KPM4": null,
      "Med": 0,
      "KPM5": null,
      "HwG": 0,
      "KPM6": null,
      "Pyro": 0,
      "KPM7": null,
      "Spy": 0,
      "KPM8": null,
      "Eng": 2.0,
      "KPM9": 0.31,
      "SG": 11.0,
      "KPM0": 1.68
    },
    {
      "Name": "eub4s1c.fi",
      "Sco": 0,
      "KPM1": null,
      "Sold": 0,
      "KPM3": null,
      "Demo": 22.0,
      "KPM4": 2.2,
      "Med": 0,
      "KPM5": null,
      "HwG": 0,
      "KPM6": null,
      "Pyro": 0,
      "KPM7": null,
      "Spy": 0,
      "KPM8": null,
      "Eng": 0,
      "KPM9": null,
      "SG": 0,
      "KPM0": null
    },
    {
      "Name": "euhaunter.pt",
      "Sco": 0,
      "KPM1": null,
      "Sold": 0,
      "KPM3": null,
      "Demo": 0,
      "KPM4": null,
      "Med": 0,
      "KPM5": null,
      "HwG": 0,
      "KPM6": null,
      "Pyro": 0,
      "KPM7": null,
      "Spy": 0,
      "KPM8": null,
      "Eng": 15.0,
      "KPM9": 1.5,
      "SG": 19.0,
      "KPM0": 1.9
    },
    {
      "Name": "eupain.pl",
      "Sco": 0,
      "KPM1": null,
      "Sold": 0,
      "KPM3": null,
      "Demo": 0,
      "KPM4": null,
      "Med": 0,
      "KPM5": null,
      "HwG": 0,
      "KPM6": null,
      "Pyro": 10.0,
      "KPM7": 1.0,
      "Spy": 0,
      "KPM8": null,
      "Eng": 0,
      "KPM9": null,
      "SG": 0,
      "KPM0": null
    },
    {
      "Name": "uknewby.brexit",
      "Sco": 0,
      "KPM1": null,
      "Sold": 0,
      "KPM3": null,
      "Demo": 0,
      "KPM4": null,
      "Med": 0,
      "KPM5": null,
      "HwG": 32.0,
      "KPM6": 3.2,
      "Pyro": 0,
      "KPM7": null,
      "Spy": 0,
      "KPM8": null,
      "Eng": 0,
      "KPM9": null,
      "SG": 0,
      "KPM0": null
    }
  ],
  "ClassTimeAttack": [
    {
      "Name": "bugattiwwg",
      "Sco": 0,
      "Sold": 600,
      "Demo": 0,
      "Med": 0,
      "HwG": 0,
      "Pyro": 0,
      "Spy": 0,
      "Eng": 0
    },
    {
      "Name": "justicewwg",
      "Sco": 393,
      "Sold": 0,
      "Demo": 0,
      "Med": 0,
      "HwG": 0,
      "Pyro": 0,
      "Spy": 207,
      "Eng": 0
    },
    {
      "Name": "lorenziniwwg",
      "Sco": 0,
      "Sold": 0,
      "Demo": 0,
      "Med": 600,
      "HwG": 0,
      "Pyro": 0,
      "Spy": 0,
      "Eng": 0
    },
    {
      "Name": "tulkasg",
      "Sco": 0,
      "Sold": 0,
      "Demo": 0,
      "Med": 0,
      "HwG": 0,
      "Pyro": 600,
      "Spy": 0,
      "Eng": 0
    },
    {
      "Name": "eub4s1c.fi",
      "Sco": 0,
      "Sold": 0,
      "Demo": 0,
      "Med": 0,
      "HwG": 0,
      "Pyro": 392,
      "Spy": 0,
      "Eng": 0
    },
    {
      "Name": "euhaunter.pt",
      "Sco": 0,
      "Sold": 392,
      "Demo": 0,
      "Med": 0,
      "HwG": 0,
      "Pyro": 0,
      "Spy": 0,
      "Eng": 0
    },
    {
      "Name": "eupain.pl",
      "Sco": 0,
      "Sold": 0,
      "Demo": 0,
      "Med": 0,
      "HwG": 0,
      "Pyro": 0,
      "Spy": 392,
      "Eng": 0
    },
    {
      "Name": "uknewby.brexit",
      "Sco": 0,
      "Sold": 0,
      "Demo": 0,
      "Med": 392,
      "HwG": 0,
      "Pyro": 0,
      "Spy": 0,
      "Eng": 0
    }
  ],
  "ClassTimeDefence": [
    {
      "Name": "bugattiwwg",
      "Sco": 0,
      "Sold": 392,
      "Demo": 0,
      "Med": 0,
      "HwG": 0,
      "Pyro": 0,
      "Spy": 0,
      "Eng": 0
    },
    {
      "Name": "justicewwg",
      "Sco": 0,
      "Sold": 0,
      "Demo": 392,
      "Med": 0,
      "HwG": 0,
      "Pyro": 0,
      "Spy": 0,
      "Eng": 0
    },
    {
      "Name": "lorenziniwwg",
      "Sco": 0,
      "Sold": 0,
      "Demo": 0,
      "Med": 0,
      "HwG": 0,
      "Pyro": 392,
      "Spy": 0,
      "Eng": 0
    },
    {
      "Name": "tulkasg",
      "Sco": 0,
      "Sold": 0,
      "Demo": 0,
      "Med": 0,
      "HwG": 0,
      "Pyro": 0,
      "Spy": 0,
      "Eng": 392
    },
    {
      "Name": "eub4s1c.fi",
      "Sco": 0,
      "Sold": 0,
      "Demo": 600,
      "Med": 0,
      "HwG": 0,
      "Pyro": 0,
      "Spy": 0,
      "Eng": 0
    },
    {
      "Name": "euhaunter.pt",
      "Sco": 0,
      "Sold": 0,
      "Demo": 0,
      "Med": 0,
      "HwG": 0,
      "Pyro": 0,
      "Spy": 0,
      "Eng": 600
    },
    {
      "Name": "eupain.pl",
      "Sco": 0,
      "Sold": 0,
      "Demo": 0,
      "Med": 0,
      "HwG": 0,
      "Pyro": 600,
      "Spy": 0,
      "Eng": 0
    },
    {
      "Name": "uknewby.brexit",
      "Sco": 0,
      "Sold": 0,
      "Demo": 0,
      "Med": 0,
      "HwG": 600,
      "Pyro": 0,
      "Spy": 0,
      "Eng": 0
    }
  ]
}
