{
  "Matches": [
    {
      "Server": "virginia/staging",
      "Match": "2023-05-26-02-47-17_[blitzkrieg2]",
      "Winner": "Team2",
      "Rating": "8 %",
      "Score1": 60,
      "Team1": "(1)4l4lol,hixonfold,kabuto,predator,welsherwwg",
      "Score2": 70,
      "Team2": "4lgonadsandstrife,ciabrice,scottbugattiww,shock,tulkaswwg"
    }
  ],
  "SummaryAttack": [
    {
      "Name": "(1)4l4lol",
      "KPM": 1.3,
      "KD": 0.42,
      "Kills": 13,
      "Death": 31,
      "TKill": 2,
      "Dmg": 3096.0,
      "DPM": 310.0,
      "FlagCap": 1,
      "FlagTake": 1.0,
      "FlagTime": "0:01",
      "FlagStop": 0,
      "Win": 0,
      "Draw": 0,
      "Loss": 1,
      "TimePlayed": "10:00",
      "Classes": "Pyro 100 %"
    },
    {
      "Name": "hixonfold",
      "KPM": 0.32,
      "KD": 0.11,
      "Kills": 3,
      "Death": 27,
      "TKill": 1,
      "Dmg": 1148.0,
      "DPM": 122.0,
      "FlagCap": 1.0,
      "FlagTake": 9.0,
      "FlagTime": "0:51",
      "FlagStop": 0,
      "Win": 0,
      "Draw": 0,
      "Loss": 1,
      "TimePlayed": "9:26",
      "Classes": "Sco  100 %"
    },
    {
      "Name": "kabuto",
      "KPM": 0.5,
      "KD": 0.19,
      "Kills": 5,
      "Death": 26,
      "TKill": 2,
      "Dmg": 781.0,
      "DPM": 78.0,
      "FlagCap": 1,
      "FlagTake": 4.0,
      "FlagTime": "0:04",
      "FlagStop": 0,
      "Win": 0,
      "Draw": 0,
      "Loss": 1,
      "TimePlayed": "10:00",
      "Classes": "Spy  100 %"
    },
    {
      "Name": "predator",
      "KPM": 1.5,
      "KD": 0.6,
      "Kills": 15,
      "Death": 25,
      "TKill": 2,
      "Dmg": 3017.0,
      "DPM": 302.0,
      "FlagCap": 2.0,
      "FlagTake": 12.0,
      "FlagTime": "0:46",
      "FlagStop": 0,
      "Win": 0,
      "Draw": 0,
      "Loss": 1,
      "TimePlayed": "10:00",
      "Classes": "Med  100 %"
    },
    {
      "Name": "welsherwwg",
      "KPM": 1.4,
      "KD": 0.47,
      "Kills": 14,
      "Death": 30,
      "TKill": 0,
      "Dmg": 2694.0,
      "DPM": 269.0,
      "FlagCap": 3.0,
      "FlagTake": 10.0,
      "FlagTime": "1:28",
      "FlagStop": 0,
      "Win": 0,
      "Draw": 0,
      "Loss": 1,
      "TimePlayed": "10:00",
      "Classes": "Sold 100 %"
    },
    {
      "Name": "4lgonadsandstrife",
      "KPM": 2.51,
      "KD": 0.79,
      "Kills": 23,
      "Death": 29,
      "TKill": 4,
      "Dmg": 3917.0,
      "DPM": 427.0,
      "FlagCap": 2.0,
      "FlagTake": 4.0,
      "FlagTime": "0:18",
      "FlagStop": 0,
      "Win": 1,
      "Draw": 0,
      "Loss": 0,
      "TimePlayed": "9:10",
      "Classes": "Sold 100 %"
    },
    {
      "Name": "ciabrice",
      "KPM": 1.85,
      "KD": 0.68,
      "Kills": 17,
      "Death": 25,
      "TKill": 1,
      "Dmg": 3858.0,
      "DPM": 421.0,
      "FlagCap": 2.0,
      "FlagTake": 6.0,
      "FlagTime": "1:04",
      "FlagStop": 0,
      "Win": 1,
      "Draw": 0,
      "Loss": 0,
      "TimePlayed": "9:10",
      "Classes": "Pyro 100 %"
    },
    {
      "Name": "scottbugattiww",
      "KPM": 1.09,
      "KD": 0.42,
      "Kills": 10,
      "Death": 24,
      "TKill": 2,
      "Dmg": 2382.0,
      "DPM": 260.0,
      "FlagCap": 1.0,
      "FlagTake": 10.0,
      "FlagTime": "1:07",
      "FlagStop": 0,
      "Win": 1,
      "Draw": 0,
      "Loss": 0,
      "TimePlayed": "9:10",
      "Classes": "Med  100 %"
    },
    {
      "Name": "shock",
      "KPM": 0.33,
      "KD": 0.14,
      "Kills": 3,
      "Death": 21,
      "TKill": 0,
      "Dmg": 692.0,
      "DPM": 75.0,
      "FlagCap": 2.0,
      "FlagTake": 7.0,
      "FlagTime": "1:10",
      "FlagStop": 0,
      "Win": 1,
      "Draw": 0,
      "Loss": 0,
      "TimePlayed": "9:10",
      "Classes": "Spy  100 %"
    },
    {
      "Name": "tulkaswwg",
      "KPM": 1.2,
      "KD": 0.61,
      "Kills": 11,
      "Death": 18,
      "TKill": 2,
      "Dmg": 3480.0,
      "DPM": 380.0,
      "FlagCap": 1,
      "FlagTake": 3.0,
      "FlagTime": "0:08",
      "FlagStop": 0,
      "Win": 1,
      "Draw": 0,
      "Loss": 0,
      "TimePlayed": "9:10",
      "Classes": "Eng  63 %|Sco  37 %"
    }
  ],
  "SummaryDefence": [
    {
      "Name": "(1)4l4lol",
      "KPM": 2.84,
      "KD": 1.62,
      "Kills": 26,
      "Death": 16,
      "TKill": 4,
      "Dmg": 4851.0,
      "DPM": 529.0,
      "FlagCap": 0,
      "FlagTake": 0,
      "FlagTime": 0,
      "FlagStop": 1,
      "Win": 0,
      "Draw": 0,
      "Loss": 1,
      "TimePlayed": "9:10",
      "Classes": "Eng  100 %"
    },
    {
      "Name": "hixonfold",
      "KPM": 1.53,
      "KD": 0.48,
      "Kills": 14,
      "Death": 29,
      "TKill": 1,
      "Dmg": 3145.0,
      "DPM": 343.0,
      "FlagCap": 0,
      "FlagTake": 0,
      "FlagTime": 0,
      "FlagStop": 1,
      "Win": 0,
      "Draw": 0,
      "Loss": 1,
      "TimePlayed": "9:10",
      "Classes": "Pyro 100 %"
    },
    {
      "Name": "kabuto",
      "KPM": 0.98,
      "KD": 1.12,
      "Kills": 9,
      "Death": 8,
      "TKill": 2,
      "Dmg": 2301.0,
      "DPM": 251.0,
      "FlagCap": 0,
      "FlagTake": 0,
      "FlagTime": 0,
      "FlagStop": 1,
      "Win": 0,
      "Draw": 0,
      "Loss": 1,
      "TimePlayed": "9:10",
      "Classes": "HwG  100 %"
    },
    {
      "Name": "predator",
      "KPM": 2.73,
      "KD": 1.09,
      "Kills": 25,
      "Death": 23,
      "TKill": 6,
      "Dmg": 3420.0,
      "DPM": 373.0,
      "FlagCap": 0,
      "FlagTake": 0,
      "FlagTime": 0,
      "FlagStop": 1.0,
      "Win": 0,
      "Draw": 0,
      "Loss": 1,
      "TimePlayed": "9:10",
      "Classes": "Sold 100 %"
    },
    {
      "Name": "welsherwwg",
      "KPM": 2.29,
      "KD": 0.88,
      "Kills": 21,
      "Death": 24,
      "TKill": 9,
      "Dmg": 3590.0,
      "DPM": 392.0,
      "FlagCap": 0,
      "FlagTake": 0,
      "FlagTime": 0,
      "FlagStop": 1,
      "Win": 0,
      "Draw": 0,
      "Loss": 1,
      "TimePlayed": "9:10",
      "Classes": "Demo 100 %"
    },
    {
      "Name": "4lgonadsandstrife",
      "KPM": 2.8,
      "KD": 1.87,
      "Kills": 28,
      "Death": 15,
      "TKill": 3,
      "Dmg": 7392.0,
      "DPM": 739.0,
      "FlagCap": 0,
      "FlagTake": 0,
      "FlagTime": 0,
      "FlagStop": 1,
      "Win": 1,
      "Draw": 0,
      "Loss": 0,
      "TimePlayed": "10:00",
      "Classes": "Eng  100 %"
    },
    {
      "Name": "ciabrice",
      "KPM": 1.5,
      "KD": 1.5,
      "Kills": 15,
      "Death": 10,
      "TKill": 8,
      "Dmg": 3081.0,
      "DPM": 308.0,
      "FlagCap": 0,
      "FlagTake": 0,
      "FlagTime": 0,
      "FlagStop": 1.0,
      "Win": 1,
      "Draw": 0,
      "Loss": 0,
      "TimePlayed": "10:00",
      "Classes": "HwG  100 %"
    },
    {
      "Name": "scottbugattiww",
      "KPM": 3.1,
      "KD": 1.24,
      "Kills": 31,
      "Death": 25,
      "TKill": 5,
      "Dmg": 6976.0,
      "DPM": 698.0,
      "FlagCap": 0,
      "FlagTake": 0,
      "FlagTime": 0,
      "FlagStop": 1,
      "Win": 1,
      "Draw": 0,
      "Loss": 0,
      "TimePlayed": "10:00",
      "Classes": "Pyro 91 %|Sold 9 %"
    },
    {
      "Name": "shock",
      "KPM": 2.6,
      "KD": 1.24,
      "Kills": 26,
      "Death": 21,
      "TKill": 9,
      "Dmg": 4288.0,
      "DPM": 429.0,
      "FlagCap": 0,
      "FlagTake": 0,
      "FlagTime": 0,
      "FlagStop": 1,
      "Win": 1,
      "Draw": 0,
      "Loss": 0,
      "TimePlayed": "10:00",
      "Classes": "Demo 100 %"
    },
    {
      "Name": "tulkaswwg",
      "KPM": 2.2,
      "KD": 0.96,
      "Kills": 22,
      "Death": 23,
      "TKill": 4,
      "Dmg": 4215.0,
      "DPM": 422.0,
      "FlagCap": 0,
      "FlagTake": 0,
      "FlagTime": 0,
      "FlagStop": 1,
      "Win": 1,
      "Draw": 0,
      "Loss": 0,
      "TimePlayed": "10:00",
      "Classes": "Sold 100 %"
    }
  ],
  "ClassFragAttack": [
    {
      "Name": "(1)4l4lol",
      "Sco": 0,
      "KPM1": null,
      "Sold": 0,
      "KPM3": null,
      "Demo": 0,
      "KPM4": null,
      "Med": 0,
      "KPM5": null,
      "HwG": 0,
      "KPM6": null,
      "Pyro": 13.0,
      "KPM7": 1.3,
      "Spy": 0,
      "KPM8": null,
      "Eng": 0,
      "KPM9": null,
      "SG": 0,
      "KPM0": null
    },
    {
      "Name": "hixonfold",
      "Sco": 3.0,
      "KPM1": 0.32,
      "Sold": 0,
      "KPM3": null,
      "Demo": 0,
      "KPM4": null,
      "Med": 0,
      "KPM5": null,
      "HwG": 0,
      "KPM6": null,
      "Pyro": 0,
      "KPM7": null,
      "Spy": 0,
      "KPM8": null,
      "Eng": 0,
      "KPM9": null,
      "SG": 0,
      "KPM0": null
    },
    {
      "Name": "kabuto",
      "Sco": 0,
      "KPM1": null,
      "Sold": 0,
      "KPM3": null,
      "Demo": 0,
      "KPM4": null,
      "Med": 0,
      "KPM5": null,
      "HwG": 0,
      "KPM6": null,
      "Pyro": 0,
      "KPM7": null,
      "Spy": 5.0,
      "KPM8": 0.5,
      "Eng": 0,
      "KPM9": null,
      "SG": 0,
      "KPM0": null
    },
    {
      "Name": "predator",
      "Sco": 0,
      "KPM1": null,
      "Sold": 0,
      "KPM3": null,
      "Demo": 0,
      "KPM4": null,
      "Med": 15.0,
      "KPM5": 1.5,
      "HwG": 0,
      "KPM6": null,
      "Pyro": 0,
      "KPM7": null,
      "Spy": 0,
      "KPM8": null,
      "Eng": 0,
      "KPM9": null,
      "SG": 0,
      "KPM0": null
    },
    {
      "Name": "welsherwwg",
      "Sco": 0,
      "KPM1": null,
      "Sold": 14.0,
      "KPM3": 1.4,
      "Demo": 0,
      "KPM4": null,
      "Med": 0,
      "KPM5": null,
      "HwG": 0,
      "KPM6": null,
      "Pyro": 0,
      "KPM7": null,
      "Spy": 0,
      "KPM8": null,
      "Eng": 0,
      "KPM9": null,
      "SG": 0,
      "KPM0": null
    },
    {
      "Name": "4lgonadsandstrife",
      "Sco": 0,
      "KPM1": null,
      "Sold": 23.0,
      "KPM3": 2.51,
      "Demo": 0,
      "KPM4": null,
      "Med": 0,
      "KPM5": null,
      "HwG": 0,
      "KPM6": null,
      "Pyro": 0,
      "KPM7": null,
      "Spy": 0,
      "KPM8": null,
      "Eng": 0,
      "KPM9": null,
      "SG": 0,
      "KPM0": null
    },
    {
      "Name": "ciabrice",
      "Sco": 0,
      "KPM1": null,
      "Sold": 0,
      "KPM3": null,
      "Demo": 0,
      "KPM4": null,
      "Med": 0,
      "KPM5": null,
      "HwG": 0,
      "KPM6": null,
      "Pyro": 17.0,
      "KPM7": 1.85,
      "Spy": 0,
      "KPM8": null,
      "Eng": 0,
      "KPM9": null,
      "SG": 0,
      "KPM0": null
    },
    {
      "Name": "scottbugattiww",
      "Sco": 0,
      "KPM1": null,
      "Sold": 0,
      "KPM3": null,
      "Demo": 0,
      "KPM4": null,
      "Med": 10.0,
      "KPM5": 1.09,
      "HwG": 0,
      "KPM6": null,
      "Pyro": 0,
      "KPM7": null,
      "Spy": 0,
      "KPM8": null,
      "Eng": 0,
      "KPM9": null,
      "SG": 0,
      "KPM0": null
    },
    {
      "Name": "shock",
      "Sco": 0,
      "KPM1": null,
      "Sold": 0,
      "KPM3": null,
      "Demo": 0,
      "KPM4": null,
      "Med": 0,
      "KPM5": null,
      "HwG": 0,
      "KPM6": null,
      "Pyro": 0,
      "KPM7": null,
      "Spy": 3.0,
      "KPM8": 0.33,
      "Eng": 0,
      "KPM9": null,
      "SG": 0,
      "KPM0": null
    },
    {
      "Name": "tulkaswwg",
      "Sco": 0,
      "KPM1": null,
      "Sold": 0,
      "KPM3": null,
      "Demo": 0,
      "KPM4": null,
      "Med": 0,
      "KPM5": null,
      "HwG": 0,
      "KPM6": null,
      "Pyro": 0,
      "KPM7": null,
      "Spy": 0,
      "KPM8": null,
      "Eng": 11.0,
      "KPM9": 1.92,
      "SG": 0,
      "KPM0": null
    }
  ],
  "ClassFragDefence": [
    {
      "Name": "(1)4l4lol",
      "Sco": 0,
      "KPM1": null,
      "Sold": 0,
      "KPM3": null,
      "Demo": 0,
      "KPM4": null,
      "Med": 0,
      "KPM5": null,
      "HwG": 0,
      "KPM6": null,
      "Pyro": 0,
      "KPM7": null,
      "Spy": 0,
      "KPM8": null,
      "Eng": 12.0,
      "KPM9": 1.31,
      "SG": 14.0,
      "KPM0": 1.53
    },
    {
      "Name": "hixonfold",
      "Sco": 0,
      "KPM1": null,
      "Sold": 0,
      "KPM3": null,
      "Demo": 0,
      "KPM4": null,
      "Med": 0,
      "KPM5": null,
      "HwG": 0,
      "KPM6": null,
      "Pyro": 14.0,
      "KPM7": 1.53,
      "Spy": 0,
      "KPM8": null,
      "Eng": 0,
      "KPM9": null,
      "SG": 0,
      "KPM0": null
    },
    {
      "Name": "kabuto",
      "Sco": 0,
      "KPM1": null,
      "Sold": 0,
      "KPM3": null,
      "Demo": 0,
      "KPM4": null,
      "Med": 0,
      "KPM5": null,
      "HwG": 9.0,
      "KPM6": 0.98,
      "Pyro": 0,
      "KPM7": null,
      "Spy": 0,
      "KPM8": null,
      "Eng": 0,
      "KPM9": null,
      "SG": 0,
      "KPM0": null
    },
    {
      "Name": "predator",
      "Sco": 0,
      "KPM1": null,
      "Sold": 25.0,
      "KPM3": 2.73,
      "Demo": 0,
      "KPM4": null,
      "Med": 0,
      "KPM5": null,
      "HwG": 0,
      "KPM6": null,
      "Pyro": 0,
      "KPM7": null,
      "Spy": 0,
      "KPM8": null,
      "Eng": 0,
      "KPM9": null,
      "SG": 0,
      "KPM0": null
    },
    {
      "Name": "welsherwwg",
      "Sco": 0,
      "KPM1": null,
      "Sold": 0,
      "KPM3": null,
      "Demo": 21.0,
      "KPM4": 2.29,
      "Med": 0,
      "KPM5": null,
      "HwG": 0,
      "KPM6": null,
      "Pyro": 0,
      "KPM7": null,
      "Spy": 0,
      "KPM8": null,
      "Eng": 0,
      "KPM9": null,
      "SG": 0,
      "KPM0": null
    },
    {
      "Name": "4lgonadsandstrife",
      "Sco": 0,
      "KPM1": null,
      "Sold": 0,
      "KPM3": null,
      "Demo": 0,
      "KPM4": null,
      "Med": 0,
      "KPM5": null,
      "HwG": 0,
      "KPM6": null,
      "Pyro": 0,
      "KPM7": null,
      "Spy": 0,
      "KPM8": null,
      "Eng": 16.0,
      "KPM9": 1.6,
      "SG": 12.0,
      "KPM0": 1.2
    },
    {
      "Name": "ciabrice",
      "Sco": 0,
      "KPM1": null,
      "Sold": 0,
      "KPM3": null,
      "Demo": 0,
      "KPM4": null,
      "Med": 0,
      "KPM5": null,
      "HwG": 15.0,
      "KPM6": 1.5,
      "Pyro": 0,
      "KPM7": null,
      "Spy": 0,
      "KPM8": null,
      "Eng": 0,
      "KPM9": null,
      "SG": 0,
      "KPM0": null
    },
    {
      "Name": "scottbugattiww",
      "Sco": 0,
      "KPM1": null,
      "Sold": 2.0,
      "KPM3": 2.22,
      "Demo": 0,
      "KPM4": null,
      "Med": 0,
      "KPM5": null,
      "HwG": 0,
      "KPM6": null,
      "Pyro": 29.0,
      "KPM7": 3.19,
      "Spy": 0,
      "KPM8": null,
      "Eng": 0,
      "KPM9": null,
      "SG": 0,
      "KPM0": null
    },
    {
      "Name": "shock",
      "Sco": 0,
      "KPM1": null,
      "Sold": 0,
      "KPM3": null,
      "Demo": 26.0,
      "KPM4": 2.6,
      "Med": 0,
      "KPM5": null,
      "HwG": 0,
      "KPM6": null,
      "Pyro": 0,
      "KPM7": null,
      "Spy": 0,
      "KPM8": null,
      "Eng": 0,
      "KPM9": null,
      "SG": 0,
      "KPM0": null
    },
    {
      "Name": "tulkaswwg",
      "Sco": 0,
      "KPM1": null,
      "Sold": 22.0,
      "KPM3": 2.2,
      "Demo": 0,
      "KPM4": null,
      "Med": 0,
      "KPM5": null,
      "HwG": 0,
      "KPM6": null,
      "Pyro": 0,
      "KPM7": null,
      "Spy": 0,
      "KPM8": null,
      "Eng": 0,
      "KPM9": null,
      "SG": 0,
      "KPM0": null
    }
  ],
  "ClassTimeAttack": [
    {
      "Name": "(1)4l4lol",
      "Sco": 0,
      "Sold": 0,
      "Demo": 0,
      "Med": 0,
      "HwG": 0,
      "Pyro": 600,
      "Spy": 0,
      "Eng": 0
    },
    {
      "Name": "hixonfold",
      "Sco": 566,
      "Sold": 0,
      "Demo": 0,
      "Med": 0,
      "HwG": 0,
      "Pyro": 0,
      "Spy": 0,
      "Eng": 0
    },
    {
      "Name": "kabuto",
      "Sco": 0,
      "Sold": 0,
      "Demo": 0,
      "Med": 0,
      "HwG": 0,
      "Pyro": 0,
      "Spy": 600,
      "Eng": 0
    },
    {
      "Name": "predator",
      "Sco": 0,
      "Sold": 0,
      "Demo": 0,
      "Med": 600,
      "HwG": 0,
      "Pyro": 0,
      "Spy": 0,
      "Eng": 0
    },
    {
      "Name": "welsherwwg",
      "Sco": 0,
      "Sold": 600,
      "Demo": 0,
      "Med": 0,
      "HwG": 0,
      "Pyro": 0,
      "Spy": 0,
      "Eng": 0
    },
    {
      "Name": "4lgonadsandstrife",
      "Sco": 0,
      "Sold": 550,
      "Demo": 0,
      "Med": 0,
      "HwG": 0,
      "Pyro": 0,
      "Spy": 0,
      "Eng": 0
    },
    {
      "Name": "ciabrice",
      "Sco": 0,
      "Sold": 0,
      "Demo": 0,
      "Med": 0,
      "HwG": 0,
      "Pyro": 550,
      "Spy": 0,
      "Eng": 0
    },
    {
      "Name": "scottbugattiww",
      "Sco": 0,
      "Sold": 0,
      "Demo": 0,
      "Med": 550,
      "HwG": 0,
      "Pyro": 0,
      "Spy": 0,
      "Eng": 0
    },
    {
      "Name": "shock",
      "Sco": 0,
      "Sold": 0,
      "Demo": 0,
      "Med": 0,
      "HwG": 0,
      "Pyro": 0,
      "Spy": 550,
      "Eng": 0
    },
    {
      "Name": "tulkaswwg",
      "Sco": 206,
      "Sold": 0,
      "Demo": 0,
      "Med": 0,
      "HwG": 0,
      "Pyro": 0,
      "Spy": 0,
      "Eng": 344
    }
  ],
  "ClassTimeDefence": [
    {
      "Name": "(1)4l4lol",
      "Sco": 0,
      "Sold": 0,
      "Demo": 0,
      "Med": 0,
      "HwG": 0,
      "Pyro": 0,
      "Spy": 0,
      "Eng": 550
    },
    {
      "Name": "hixonfold",
      "Sco": 0,
      "Sold": 0,
      "Demo": 0,
      "Med": 0,
      "HwG": 0,
      "Pyro": 550,
      "Spy": 0,
      "Eng": 0
    },
    {
      "Name": "kabuto",
      "Sco": 0,
      "Sold": 0,
      "Demo": 0,
      "Med": 0,
      "HwG": 550,
      "Pyro": 0,
      "Spy": 0,
      "Eng": 0
    },
    {
      "Name": "predator",
      "Sco": 0,
      "Sold": 550,
      "Demo": 0,
      "Med": 0,
      "HwG": 0,
      "Pyro": 0,
      "Spy": 0,
      "Eng": 0
    },
    {
      "Name": "welsherwwg",
      "Sco": 0,
      "Sold": 0,
      "Demo": 550,
      "Med": 0,
      "HwG": 0,
      "Pyro": 0,
      "Spy": 0,
      "Eng": 0
    },
    {
      "Name": "4lgonadsandstrife",
      "Sco": 0,
      "Sold": 0,
      "Demo": 0,
      "Med": 0,
      "HwG": 0,
      "Pyro": 0,
      "Spy": 0,
      "Eng": 600
    },
    {
      "Name": "ciabrice",
      "Sco": 0,
      "Sold": 0,
      "Demo": 0,
      "Med": 0,
      "HwG": 600,
      "Pyro": 0,
      "Spy": 0,
      "Eng": 0
    },
    {
      "Name": "scottbugattiww",
      "Sco": 0,
      "Sold": 54,
      "Demo": 0,
      "Med": 0,
      "HwG": 0,
      "Pyro": 546,
      "Spy": 0,
      "Eng": 0
    },
    {
      "Name": "shock",
      "Sco": 0,
      "Sold": 0,
      "Demo": 600,
      "Med": 0,
      "HwG": 0,
      "Pyro": 0,
      "Spy": 0,
      "Eng": 0
    },
    {
      "Name": "tulkaswwg",
      "Sco": 0,
      "Sold": 600,
      "Demo": 0,
      "Med": 0,
      "HwG": 0,
      "Pyro": 0,
      "Spy": 0,
      "Eng": 0
    }
  ]
}
