{
  "Matches": [
    {
      "Server": "virginia/staging",
      "Match": "2023-01-29-01-47-46_[openfirer]",
      "Winner": "Team2",
      "Rating": "67%",
      "Score1": 40,
      "Team1": "bgameoverb,bone",
      "Score2": 50,
      "Team2": "ededdneddyfan,gonadsandstrife"
    }
  ],
  "SummaryAttack": [
    {
      "Name": "bgameoverb",
      "KPM": 1.5,
      "KD": 0.54,
      "Kills": 15,
      "Death": 28,
      "TKill": 0,
      "Dmg": 4060,
      "DPM": 406,
      "FlagCap": 2,
      "FlagTake": 8,
      "FlagTime": "0:48",
      "FlagStop": 0,
      "Win": 0,
      "Draw": 0,
      "Loss": 1,
      "TimePlayed": "10:00",
      "Classes": "Pyro 87%|Med  13%"
    },
    {
      "Name": "bone",
      "KPM": 1.6,
      "KD": 0.57,
      "Kills": 16,
      "Death": 28,
      "TKill": 0,
      "Dmg": 3414,
      "DPM": 341,
      "FlagCap": 2,
      "FlagTake": 11,
      "FlagTime": "0:52",
      "FlagStop": 0,
      "Win": 0,
      "Draw": 0,
      "Loss": 1,
      "TimePlayed": "10:00",
      "Classes": "Sold 100%"
    },
    {
      "Name": "ededdneddyfan",
      "KPM": 1.82,
      "KD": 1.2,
      "Kills": 6,
      "Death": 5,
      "TKill": 1,
      "Dmg": 710,
      "DPM": 215,
      "FlagCap": 3,
      "FlagTake": 5,
      "FlagTime": "1:18",
      "FlagStop": 0,
      "Win": 1,
      "Draw": 0,
      "Loss": 0,
      "TimePlayed": "3:18",
      "Classes": "Med  100%"
    },
    {
      "Name": "gonadsandstrife",
      "KPM": 0.91,
      "KD": 0.5,
      "Kills": 3,
      "Death": 6,
      "TKill": 0,
      "Dmg": 738,
      "DPM": 224,
      "FlagCap": 2,
      "FlagTake": 6,
      "FlagTime": "1:09",
      "FlagStop": 0,
      "Win": 1,
      "Draw": 0,
      "Loss": 0,
      "TimePlayed": "3:18",
      "Classes": "Sold 100%"
    }
  ],
  "SummaryDefence": [
    {
      "Name": "bgameoverb",
      "KPM": 0.3,
      "KD": 0.14,
      "Kills": 1,
      "Death": 7,
      "TKill": 0,
      "Dmg": 953,
      "DPM": 289,
      "FlagCap": 0,
      "FlagTake": 0,
      "FlagTime": 0,
      "FlagStop": 1,
      "Win": 0,
      "Draw": 0,
      "Loss": 1,
      "TimePlayed": "3:18",
      "Classes": "Demo 100%"
    },
    {
      "Name": "bone",
      "KPM": 2.42,
      "KD": 1.33,
      "Kills": 8,
      "Death": 6,
      "TKill": 0,
      "Dmg": 1560,
      "DPM": 473,
      "FlagCap": 0,
      "FlagTake": 0,
      "FlagTime": 0,
      "FlagStop": 4,
      "Win": 0,
      "Draw": 0,
      "Loss": 1,
      "TimePlayed": "3:18",
      "Classes": "Sold 100%"
    },
    {
      "Name": "ededdneddyfan",
      "KPM": 2,
      "KD": 0.95,
      "Kills": 20,
      "Death": 21,
      "TKill": 0,
      "Dmg": 4346,
      "DPM": 435,
      "FlagCap": 0,
      "FlagTake": 0,
      "FlagTime": 0,
      "FlagStop": 2,
      "Win": 1,
      "Draw": 0,
      "Loss": 0,
      "TimePlayed": "10:00",
      "Classes": "Demo 100%"
    },
    {
      "Name": "gonadsandstrife",
      "KPM": 3,
      "KD": 1.67,
      "Kills": 30,
      "Death": 18,
      "TKill": 1,
      "Dmg": 6221,
      "DPM": 622,
      "FlagCap": 0,
      "FlagTake": 0,
      "FlagTime": 0,
      "FlagStop": 2,
      "Win": 1,
      "Draw": 0,
      "Loss": 0,
      "TimePlayed": "10:00",
      "Classes": "Sold 100%"
    }
  ],
  "ClassFragAttack": [
    {
      "Name": "bgameoverb",
      "Sco": 0,
      "KPM1": null,
      "Sold": 0,
      "KPM3": null,
      "Demo": 0,
      "KPM4": null,
      "Med": 0,
      "KPM5": null,
      "HwG": 0,
      "KPM6": null,
      "Pyro": 15,
      "KPM7": 1.73,
      "Spy": 0,
      "KPM8": null,
      "Eng": 0,
      "KPM9": null,
      "SG": 0,
      "KPM0": null
    },
    {
      "Name": "bone",
      "Sco": 0,
      "KPM1": null,
      "Sold": 16,
      "KPM3": 1.6,
      "Demo": 0,
      "KPM4": null,
      "Med": 0,
      "KPM5": null,
      "HwG": 0,
      "KPM6": null,
      "Pyro": 0,
      "KPM7": null,
      "Spy": 0,
      "KPM8": null,
      "Eng": 0,
      "KPM9": null,
      "SG": 0,
      "KPM0": null
    },
    {
      "Name": "ededdneddyfan",
      "Sco": 0,
      "KPM1": null,
      "Sold": 0,
      "KPM3": null,
      "Demo": 0,
      "KPM4": null,
      "Med": 6,
      "KPM5": 1.82,
      "HwG": 0,
      "KPM6": null,
      "Pyro": 0,
      "KPM7": null,
      "Spy": 0,
      "KPM8": null,
      "Eng": 0,
      "KPM9": null,
      "SG": 0,
      "KPM0": null
    },
    {
      "Name": "gonadsandstrife",
      "Sco": 0,
      "KPM1": null,
      "Sold": 3,
      "KPM3": 0.91,
      "Demo": 0,
      "KPM4": null,
      "Med": 0,
      "KPM5": null,
      "HwG": 0,
      "KPM6": null,
      "Pyro": 0,
      "KPM7": null,
      "Spy": 0,
      "KPM8": null,
      "Eng": 0,
      "KPM9": null,
      "SG": 0,
      "KPM0": null
    }
  ],
  "ClassFragDefence": [
    {
      "Name": "bgameoverb",
      "Sco": 0,
      "KPM1": null,
      "Sold": 0,
      "KPM3": null,
      "Demo": 1,
      "KPM4": 0.3,
      "Med": 0,
      "KPM5": null,
      "HwG": 0,
      "KPM6": null,
      "Pyro": 0,
      "KPM7": null,
      "Spy": 0,
      "KPM8": null,
      "Eng": 0,
      "KPM9": null,
      "SG": 0,
      "KPM0": null
    },
    {
      "Name": "bone",
      "Sco": 0,
      "KPM1": null,
      "Sold": 8,
      "KPM3": 2.42,
      "Demo": 0,
      "KPM4": null,
      "Med": 0,
      "KPM5": null,
      "HwG": 0,
      "KPM6": null,
      "Pyro": 0,
      "KPM7": null,
      "Spy": 0,
      "KPM8": null,
      "Eng": 0,
      "KPM9": null,
      "SG": 0,
      "KPM0": null
    },
    {
      "Name": "ededdneddyfan",
      "Sco": 0,
      "KPM1": null,
      "Sold": 0,
      "KPM3": null,
      "Demo": 20,
      "KPM4": 2,
      "Med": 0,
      "KPM5": null,
      "HwG": 0,
      "KPM6": null,
      "Pyro": 0,
      "KPM7": null,
      "Spy": 0,
      "KPM8": null,
      "Eng": 0,
      "KPM9": null,
      "SG": 0,
      "KPM0": null
    },
    {
      "Name": "gonadsandstrife",
      "Sco": 0,
      "KPM1": null,
      "Sold": 30,
      "KPM3": 3,
      "Demo": 0,
      "KPM4": null,
      "Med": 0,
      "KPM5": null,
      "HwG": 0,
      "KPM6": null,
      "Pyro": 0,
      "KPM7": null,
      "Spy": 0,
      "KPM8": null,
      "Eng": 0,
      "KPM9": null,
      "SG": 0,
      "KPM0": null
    }
  ],
  "ClassTimeAttack": [
    {
      "Name": "bgameoverb",
      "Sco": 0,
      "Sold": 0,
      "Demo": 0,
      "Med": 79,
      "HwG": 0,
      "Pyro": 521,
      "Spy": 0,
      "Eng": 0
    },
    {
      "Name": "bone",
      "Sco": 0,
      "Sold": 600,
      "Demo": 0,
      "Med": 0,
      "HwG": 0,
      "Pyro": 0,
      "Spy": 0,
      "Eng": 0
    },
    {
      "Name": "ededdneddyfan",
      "Sco": 0,
      "Sold": 0,
      "Demo": 0,
      "Med": 198,
      "HwG": 0,
      "Pyro": 0,
      "Spy": 0,
      "Eng": 0
    },
    {
      "Name": "gonadsandstrife",
      "Sco": 0,
      "Sold": 198,
      "Demo": 0,
      "Med": 0,
      "HwG": 0,
      "Pyro": 0,
      "Spy": 0,
      "Eng": 0
    }
  ],
  "ClassTimeDefence": [
    {
      "Name": "bgameoverb",
      "Sco": 0,
      "Sold": 0,
      "Demo": 198,
      "Med": 0,
      "HwG": 0,
      "Pyro": 0,
      "Spy": 0,
      "Eng": 0
    },
    {
      "Name": "bone",
      "Sco": 0,
      "Sold": 198,
      "Demo": 0,
      "Med": 0,
      "HwG": 0,
      "Pyro": 0,
      "Spy": 0,
      "Eng": 0
    },
    {
      "Name": "ededdneddyfan",
      "Sco": 0,
      "Sold": 0,
      "Demo": 600,
      "Med": 0,
      "HwG": 0,
      "Pyro": 0,
      "Spy": 0,
      "Eng": 0
    },
    {
      "Name": "gonadsandstrife",
      "Sco": 0,
      "Sold": 600,
      "Demo": 0,
      "Med": 0,
      "HwG": 0,
      "Pyro": 0,
      "Spy": 0,
      "Eng": 0
    }
  ]
}
