{
  "Matches": [
    {
      "Server": "virginia/staging",
      "Match": "2023-07-21-20-03-28_[blitzkrieg2]",
      "Winner": "Team2",
      "Rating": "8 %",
      "Score1": 60,
      "Team1": "bugattiwwg,justicewwg,lorenziniwwg,tulkasg",
      "Score2": 70,
      "Team2": "eub4s1c.fi,euhaunter.pt,eunewby.uk,eupain.pl"
    }
  ],
  "SummaryAttack": [
    {
      "Name": "bugattiwwg",
      "KPM": 1.9,
      "KD": 0.63,
      "Kills": 19,
      "Death": 30,
      "TKill": 2,
      "Dmg": 4066.0,
      "DPM": 407.0,
      "FlagCap": 1.0,
      "FlagTake": 9.0,
      "FlagTime": "0:23",
      "FlagStop": 0,
      "Win": 0,
      "Draw": 0,
      "Loss": 1,
      "TimePlayed": "10:00",
      "Classes": "Sold 100 %"
    },
    {
      "Name": "justicewwg",
      "KPM": 0.4,
      "KD": 0.15,
      "Kills": 4,
      "Death": 26,
      "TKill": 0,
      "Dmg": 422.0,
      "DPM": 42.0,
      "FlagCap": 3.0,
      "FlagTake": 13.0,
      "FlagTime": "1:02",
      "FlagStop": 0,
      "Win": 0,
      "Draw": 0,
      "Loss": 1,
      "TimePlayed": "10:00",
      "Classes": "Sco  100 %"
    },
    {
      "Name": "lorenziniwwg",
      "KPM": 1.5,
      "KD": 0.58,
      "Kills": 15,
      "Death": 26,
      "TKill": 1,
      "Dmg": 3279.0,
      "DPM": 328.0,
      "FlagCap": 2.0,
      "FlagTake": 12.0,
      "FlagTime": "1:09",
      "FlagStop": 0,
      "Win": 0,
      "Draw": 0,
      "Loss": 1,
      "TimePlayed": "10:00",
      "Classes": "Med  100 %"
    },
    {
      "Name": "tulkasg",
      "KPM": 1.6,
      "KD": 0.5,
      "Kills": 16,
      "Death": 32,
      "TKill": 1,
      "Dmg": 3646.0,
      "DPM": 365.0,
      "FlagCap": 1,
      "FlagTake": 7.0,
      "FlagTime": "0:13",
      "FlagStop": 0,
      "Win": 0,
      "Draw": 0,
      "Loss": 1,
      "TimePlayed": "10:00",
      "Classes": "Pyro 100 %"
    },
    {
      "Name": "eub4s1c.fi",
      "KPM": 1.31,
      "KD": 0.38,
      "Kills": 12,
      "Death": 32,
      "TKill": 0,
      "Dmg": 2253.0,
      "DPM": 246.0,
      "FlagCap": 1.0,
      "FlagTake": 13.0,
      "FlagTime": "0:40",
      "FlagStop": 0,
      "Win": 1,
      "Draw": 0,
      "Loss": 0,
      "TimePlayed": "9:10",
      "Classes": "Pyro 100 %"
    },
    {
      "Name": "euhaunter.pt",
      "KPM": 3.05,
      "KD": 1.0,
      "Kills": 28,
      "Death": 28,
      "TKill": 1,
      "Dmg": 4887.0,
      "DPM": 533.0,
      "FlagCap": 2.0,
      "FlagTake": 15.0,
      "FlagTime": "0:55",
      "FlagStop": 0,
      "Win": 1,
      "Draw": 0,
      "Loss": 0,
      "TimePlayed": "9:10",
      "Classes": "Sold 100 %"
    },
    {
      "Name": "eunewby.uk",
      "KPM": 0.87,
      "KD": 0.35,
      "Kills": 8,
      "Death": 23,
      "TKill": 0,
      "Dmg": 1254.0,
      "DPM": 137.0,
      "FlagCap": 3.0,
      "FlagTake": 16.0,
      "FlagTime": "1:55",
      "FlagStop": 0,
      "Win": 1,
      "Draw": 0,
      "Loss": 0,
      "TimePlayed": "9:10",
      "Classes": "Med  100 %"
    },
    {
      "Name": "eupain.pl",
      "KPM": 0.65,
      "KD": 0.26,
      "Kills": 6,
      "Death": 23,
      "TKill": 2,
      "Dmg": 1084.0,
      "DPM": 118.0,
      "FlagCap": 1.0,
      "FlagTake": 19.0,
      "FlagTime": "0:51",
      "FlagStop": 0,
      "Win": 1,
      "Draw": 0,
      "Loss": 0,
      "TimePlayed": "9:10",
      "Classes": "Spy  100 %"
    }
  ],
  "SummaryDefence": [
    {
      "Name": "bugattiwwg",
      "KPM": 3.16,
      "KD": 1.16,
      "Kills": 29,
      "Death": 25,
      "TKill": 2,
      "Dmg": 4974.0,
      "DPM": 543.0,
      "FlagCap": 0,
      "FlagTake": 0,
      "FlagTime": 0,
      "FlagStop": 1,
      "Win": 0,
      "Draw": 0,
      "Loss": 1,
      "TimePlayed": "9:10",
      "Classes": "Sold 100 %"
    },
    {
      "Name": "justicewwg",
      "KPM": 2.84,
      "KD": 1.08,
      "Kills": 26,
      "Death": 24,
      "TKill": 12,
      "Dmg": 4749.0,
      "DPM": 518.0,
      "FlagCap": 0,
      "FlagTake": 0,
      "FlagTime": 0,
      "FlagStop": 1,
      "Win": 0,
      "Draw": 0,
      "Loss": 1,
      "TimePlayed": "9:10",
      "Classes": "Demo 100 %"
    },
    {
      "Name": "lorenziniwwg",
      "KPM": 2.18,
      "KD": 0.83,
      "Kills": 20,
      "Death": 24,
      "TKill": 3,
      "Dmg": 3889.0,
      "DPM": 424.0,
      "FlagCap": 0,
      "FlagTake": 0,
      "FlagTime": 0,
      "FlagStop": 1,
      "Win": 0,
      "Draw": 0,
      "Loss": 1,
      "TimePlayed": "9:10",
      "Classes": "Pyro 100 %"
    },
    {
      "Name": "tulkasg",
      "KPM": 1.96,
      "KD": 1.12,
      "Kills": 18,
      "Death": 16,
      "TKill": 4,
      "Dmg": 4097.0,
      "DPM": 447.0,
      "FlagCap": 0,
      "FlagTake": 0,
      "FlagTime": 0,
      "FlagStop": 1,
      "Win": 0,
      "Draw": 0,
      "Loss": 1,
      "TimePlayed": "9:10",
      "Classes": "Eng  100 %"
    },
    {
      "Name": "eub4s1c.fi",
      "KPM": 2.3,
      "KD": 1.0,
      "Kills": 23,
      "Death": 23,
      "TKill": 5,
      "Dmg": 3385.0,
      "DPM": 338.0,
      "FlagCap": 0,
      "FlagTake": 0,
      "FlagTime": 0,
      "FlagStop": 1,
      "Win": 1,
      "Draw": 0,
      "Loss": 0,
      "TimePlayed": "10:00",
      "Classes": "Demo 100 %"
    },
    {
      "Name": "euhaunter.pt",
      "KPM": 4.0,
      "KD": 2.11,
      "Kills": 40,
      "Death": 19,
      "TKill": 4,
      "Dmg": 5880.0,
      "DPM": 588.0,
      "FlagCap": 0,
      "FlagTake": 0,
      "FlagTime": 0,
      "FlagStop": 1,
      "Win": 1,
      "Draw": 0,
      "Loss": 0,
      "TimePlayed": "10:00",
      "Classes": "Eng  100 %"
    },
    {
      "Name": "eunewby.uk",
      "KPM": 3.0,
      "KD": 1.76,
      "Kills": 30,
      "Death": 17,
      "TKill": 3,
      "Dmg": 4596.0,
      "DPM": 460.0,
      "FlagCap": 0,
      "FlagTake": 0,
      "FlagTime": 0,
      "FlagStop": 1,
      "Win": 1,
      "Draw": 0,
      "Loss": 0,
      "TimePlayed": "10:00",
      "Classes": "HwG  100 %"
    },
    {
      "Name": "eupain.pl",
      "KPM": 0.8,
      "KD": 0.33,
      "Kills": 8,
      "Death": 24,
      "TKill": 5,
      "Dmg": 2111.0,
      "DPM": 211.0,
      "FlagCap": 0,
      "FlagTake": 0,
      "FlagTime": 0,
      "FlagStop": 1,
      "Win": 1,
      "Draw": 0,
      "Loss": 0,
      "TimePlayed": "10:00",
      "Classes": "Pyro 100 %"
    }
  ],
  "ClassFragAttack": [
    {
      "Name": "bugattiwwg",
      "Sco": 0,
      "KPM1": null,
      "Sold": 19.0,
      "KPM3": 1.9,
      "Demo": 0,
      "KPM4": null,
      "Med": 0,
      "KPM5": null,
      "HwG": 0,
      "KPM6": null,
      "Pyro": 0,
      "KPM7": null,
      "Spy": 0,
      "KPM8": null,
      "Eng": 0,
      "KPM9": null,
      "SG": 0,
      "KPM0": null
    },
    {
      "Name": "justicewwg",
      "Sco": 4.0,
      "KPM1": 0.4,
      "Sold": 0,
      "KPM3": null,
      "Demo": 0,
      "KPM4": null,
      "Med": 0,
      "KPM5": null,
      "HwG": 0,
      "KPM6": null,
      "Pyro": 0,
      "KPM7": null,
      "Spy": 0,
      "KPM8": null,
      "Eng": 0,
      "KPM9": null,
      "SG": 0,
      "KPM0": null
    },
    {
      "Name": "lorenziniwwg",
      "Sco": 0,
      "KPM1": null,
      "Sold": 0,
      "KPM3": null,
      "Demo": 0,
      "KPM4": null,
      "Med": 15.0,
      "KPM5": 1.5,
      "HwG": 0,
      "KPM6": null,
      "Pyro": 0,
      "KPM7": null,
      "Spy": 0,
      "KPM8": null,
      "Eng": 0,
      "KPM9": null,
      "SG": 0,
      "KPM0": null
    },
    {
      "Name": "tulkasg",
      "Sco": 0,
      "KPM1": null,
      "Sold": 0,
      "KPM3": null,
      "Demo": 0,
      "KPM4": null,
      "Med": 0,
      "KPM5": null,
      "HwG": 0,
      "KPM6": null,
      "Pyro": 16.0,
      "KPM7": 1.6,
      "Spy": 0,
      "KPM8": null,
      "Eng": 0,
      "KPM9": null,
      "SG": 0,
      "KPM0": null
    },
    {
      "Name": "eub4s1c.fi",
      "Sco": 0,
      "KPM1": null,
      "Sold": 0,
      "KPM3": null,
      "Demo": 0,
      "KPM4": null,
      "Med": 0,
      "KPM5": null,
      "HwG": 0,
      "KPM6": null,
      "Pyro": 12.0,
      "KPM7": 1.31,
      "Spy": 0,
      "KPM8": null,
      "Eng": 0,
      "KPM9": null,
      "SG": 0,
      "KPM0": null
    },
    {
      "Name": "euhaunter.pt",
      "Sco": 0,
      "KPM1": null,
      "Sold": 28.0,
      "KPM3": 3.05,
      "Demo": 0,
      "KPM4": null,
      "Med": 0,
      "KPM5": null,
      "HwG": 0,
      "KPM6": null,
      "Pyro": 0,
      "KPM7": null,
      "Spy": 0,
      "KPM8": null,
      "Eng": 0,
      "KPM9": null,
      "SG": 0,
      "KPM0": null
    },
    {
      "Name": "eunewby.uk",
      "Sco": 0,
      "KPM1": null,
      "Sold": 0,
      "KPM3": null,
      "Demo": 0,
      "KPM4": null,
      "Med": 8.0,
      "KPM5": 0.87,
      "HwG": 0,
      "KPM6": null,
      "Pyro": 0,
      "KPM7": null,
      "Spy": 0,
      "KPM8": null,
      "Eng": 0,
      "KPM9": null,
      "SG": 0,
      "KPM0": null
    },
    {
      "Name": "eupain.pl",
      "Sco": 0,
      "KPM1": null,
      "Sold": 0,
      "KPM3": null,
      "Demo": 0,
      "KPM4": null,
      "Med": 0,
      "KPM5": null,
      "HwG": 0,
      "KPM6": null,
      "Pyro": 0,
      "KPM7": null,
      "Spy": 6.0,
      "KPM8": 0.65,
      "Eng": 0,
      "KPM9": null,
      "SG": 0,
      "KPM0": null
    }
  ],
  "ClassFragDefence": [
    {
      "Name": "bugattiwwg",
      "Sco": 0,
      "KPM1": null,
      "Sold": 29.0,
      "KPM3": 3.16,
      "Demo": 0,
      "KPM4": null,
      "Med": 0,
      "KPM5": null,
      "HwG": 0,
      "KPM6": null,
      "Pyro": 0,
      "KPM7": null,
      "Spy": 0,
      "KPM8": null,
      "Eng": 0,
      "KPM9": null,
      "SG": 0,
      "KPM0": null
    },
    {
      "Name": "justicewwg",
      "Sco": 0,
      "KPM1": null,
      "Sold": 0,
      "KPM3": null,
      "Demo": 26.0,
      "KPM4": 2.84,
      "Med": 0,
      "KPM5": null,
      "HwG": 0,
      "KPM6": null,
      "Pyro": 0,
      "KPM7": null,
      "Spy": 0,
      "KPM8": null,
      "Eng": 0,
      "KPM9": null,
      "SG": 0,
      "KPM0": null
    },
    {
      "Name": "lorenziniwwg",
      "Sco": 0,
      "KPM1": null,
      "Sold": 0,
      "KPM3": null,
      "Demo": 0,
      "KPM4": null,
      "Med": 0,
      "KPM5": null,
      "HwG": 0,
      "KPM6": null,
      "Pyro": 20.0,
      "KPM7": 2.18,
      "Spy": 0,
      "KPM8": null,
      "Eng": 0,
      "KPM9": null,
      "SG": 0,
      "KPM0": null
    },
    {
      "Name": "tulkasg",
      "Sco": 0,
      "KPM1": null,
      "Sold": 0,
      "KPM3": null,
      "Demo": 0,
      "KPM4": null,
      "Med": 0,
      "KPM5": null,
      "HwG": 0,
      "KPM6": null,
      "Pyro": 0,
      "KPM7": null,
      "Spy": 0,
      "KPM8": null,
      "Eng": 12.0,
      "KPM9": 1.31,
      "SG": 6.0,
      "KPM0": 0.65
    },
    {
      "Name": "eub4s1c.fi",
      "Sco": 0,
      "KPM1": null,
      "Sold": 0,
      "KPM3": null,
      "Demo": 23.0,
      "KPM4": 2.3,
      "Med": 0,
      "KPM5": null,
      "HwG": 0,
      "KPM6": null,
      "Pyro": 0,
      "KPM7": null,
      "Spy": 0,
      "KPM8": null,
      "Eng": 0,
      "KPM9": null,
      "SG": 0,
      "KPM0": null
    },
    {
      "Name": "euhaunter.pt",
      "Sco": 0,
      "KPM1": null,
      "Sold": 0,
      "KPM3": null,
      "Demo": 0,
      "KPM4": null,
      "Med": 0,
      "KPM5": null,
      "HwG": 0,
      "KPM6": null,
      "Pyro": 0,
      "KPM7": null,
      "Spy": 0,
      "KPM8": null,
      "Eng": 25.0,
      "KPM9": 2.5,
      "SG": 15.0,
      "KPM0": 1.5
    },
    {
      "Name": "eunewby.uk",
      "Sco": 0,
      "KPM1": null,
      "Sold": 0,
      "KPM3": null,
      "Demo": 0,
      "KPM4": null,
      "Med": 0,
      "KPM5": null,
      "HwG": 30.0,
      "KPM6": 3.0,
      "Pyro": 0,
      "KPM7": null,
      "Spy": 0,
      "KPM8": null,
      "Eng": 0,
      "KPM9": null,
      "SG": 0,
      "KPM0": null
    },
    {
      "Name": "eupain.pl",
      "Sco": 0,
      "KPM1": null,
      "Sold": 0,
      "KPM3": null,
      "Demo": 0,
      "KPM4": null,
      "Med": 0,
      "KPM5": null,
      "HwG": 0,
      "KPM6": null,
      "Pyro": 8.0,
      "KPM7": 0.8,
      "Spy": 0,
      "KPM8": null,
      "Eng": 0,
      "KPM9": null,
      "SG": 0,
      "KPM0": null
    }
  ],
  "ClassTimeAttack": [
    {
      "Name": "bugattiwwg",
      "Sco": 0,
      "Sold": 600,
      "Demo": 0,
      "Med": 0,
      "HwG": 0,
      "Pyro": 0,
      "Spy": 0,
      "Eng": 0
    },
    {
      "Name": "justicewwg",
      "Sco": 600,
      "Sold": 0,
      "Demo": 0,
      "Med": 0,
      "HwG": 0,
      "Pyro": 0,
      "Spy": 0,
      "Eng": 0
    },
    {
      "Name": "lorenziniwwg",
      "Sco": 0,
      "Sold": 0,
      "Demo": 0,
      "Med": 600,
      "HwG": 0,
      "Pyro": 0,
      "Spy": 0,
      "Eng": 0
    },
    {
      "Name": "tulkasg",
      "Sco": 0,
      "Sold": 0,
      "Demo": 0,
      "Med": 0,
      "HwG": 0,
      "Pyro": 600,
      "Spy": 0,
      "Eng": 0
    },
    {
      "Name": "eub4s1c.fi",
      "Sco": 0,
      "Sold": 0,
      "Demo": 0,
      "Med": 0,
      "HwG": 0,
      "Pyro": 550,
      "Spy": 0,
      "Eng": 0
    },
    {
      "Name": "euhaunter.pt",
      "Sco": 0,
      "Sold": 550,
      "Demo": 0,
      "Med": 0,
      "HwG": 0,
      "Pyro": 0,
      "Spy": 0,
      "Eng": 0
    },
    {
      "Name": "eunewby.uk",
      "Sco": 0,
      "Sold": 0,
      "Demo": 0,
      "Med": 550,
      "HwG": 0,
      "Pyro": 0,
      "Spy": 0,
      "Eng": 0
    },
    {
      "Name": "eupain.pl",
      "Sco": 0,
      "Sold": 0,
      "Demo": 0,
      "Med": 0,
      "HwG": 0,
      "Pyro": 0,
      "Spy": 550,
      "Eng": 0
    }
  ],
  "ClassTimeDefence": [
    {
      "Name": "bugattiwwg",
      "Sco": 0,
      "Sold": 550,
      "Demo": 0,
      "Med": 0,
      "HwG": 0,
      "Pyro": 0,
      "Spy": 0,
      "Eng": 0
    },
    {
      "Name": "justicewwg",
      "Sco": 0,
      "Sold": 0,
      "Demo": 550,
      "Med": 0,
      "HwG": 0,
      "Pyro": 0,
      "Spy": 0,
      "Eng": 0
    },
    {
      "Name": "lorenziniwwg",
      "Sco": 0,
      "Sold": 0,
      "Demo": 0,
      "Med": 0,
      "HwG": 0,
      "Pyro": 550,
      "Spy": 0,
      "Eng": 0
    },
    {
      "Name": "tulkasg",
      "Sco": 0,
      "Sold": 0,
      "Demo": 0,
      "Med": 0,
      "HwG": 0,
      "Pyro": 0,
      "Spy": 0,
      "Eng": 550
    },
    {
      "Name": "eub4s1c.fi",
      "Sco": 0,
      "Sold": 0,
      "Demo": 600,
      "Med": 0,
      "HwG": 0,
      "Pyro": 0,
      "Spy": 0,
      "Eng": 0
    },
    {
      "Name": "euhaunter.pt",
      "Sco": 0,
      "Sold": 0,
      "Demo": 0,
      "Med": 0,
      "HwG": 0,
      "Pyro": 0,
      "Spy": 0,
      "Eng": 600
    },
    {
      "Name": "eunewby.uk",
      "Sco": 0,
      "Sold": 0,
      "Demo": 0,
      "Med": 0,
      "HwG": 600,
      "Pyro": 0,
      "Spy": 0,
      "Eng": 0
    },
    {
      "Name": "eupain.pl",
      "Sco": 0,
      "Sold": 0,
      "Demo": 0,
      "Med": 0,
      "HwG": 0,
      "Pyro": 600,
      "Spy": 0,
      "Eng": 0
    }
  ]
}
