{
  "Matches": [
    {
      "Server": "virginia/staging",
      "Match": "2023-07-05-21-10-24_[rs_zzr]",
      "Winner": "Team1",
      "Rating": "50 %",
      "Score1": 50,
      "Team1": "bugattiwwg,justicewwg,lorenziniwwg,welsherwwg",
      "Score2": 30,
      "Team2": "fragged,hxn.wwgr,stm,stn"
    }
  ],
  "SummaryAttack": [
    {
      "Name": "bugattiwwg",
      "KPM": 1.8,
      "KD": 0.55,
      "Kills": 18,
      "Death": 33,
      "TKill": 1,
      "Dmg": 3297.0,
      "DPM": 330.0,
      "FlagCap": 2.0,
      "FlagTake": 13.0,
      "FlagTime": "0:59",
      "FlagStop": 0,
      "Win": 1,
      "Draw": 0,
      "Loss": 0,
      "TimePlayed": "10:00",
      "Classes": "Med  100 %"
    },
    {
      "Name": "justicewwg",
      "KPM": 2.1,
      "KD": 0.75,
      "Kills": 21,
      "Death": 28,
      "TKill": 3,
      "Dmg": 3491.0,
      "DPM": 349.0,
      "FlagCap": 2.0,
      "FlagTake": 11.0,
      "FlagTime": "0:46",
      "FlagStop": 0,
      "Win": 1,
      "Draw": 0,
      "Loss": 0,
      "TimePlayed": "10:00",
      "Classes": "Spy  100 %"
    },
    {
      "Name": "lorenziniwwg",
      "KPM": 1.8,
      "KD": 0.6,
      "Kills": 18,
      "Death": 30,
      "TKill": 1,
      "Dmg": 5057.0,
      "DPM": 506.0,
      "FlagCap": 1,
      "FlagTake": 7.0,
      "FlagTime": "0:14",
      "FlagStop": 0,
      "Win": 1,
      "Draw": 0,
      "Loss": 0,
      "TimePlayed": "10:00",
      "Classes": "Pyro 100 %"
    },
    {
      "Name": "welsherwwg",
      "KPM": 2.5,
      "KD": 0.83,
      "Kills": 25,
      "Death": 30,
      "TKill": 1,
      "Dmg": 4643.0,
      "DPM": 464.0,
      "FlagCap": 1.0,
      "FlagTake": 6.0,
      "FlagTime": "0:21",
      "FlagStop": 0,
      "Win": 1,
      "Draw": 0,
      "Loss": 0,
      "TimePlayed": "10:00",
      "Classes": "Sold 100 %"
    },
    {
      "Name": "fragged",
      "KPM": 2.0,
      "KD": 0.67,
      "Kills": 20,
      "Death": 30,
      "TKill": 2,
      "Dmg": 4108.0,
      "DPM": 411.0,
      "FlagCap": 2.0,
      "FlagTake": 7.0,
      "FlagTime": "0:58",
      "FlagStop": 0,
      "Win": 0,
      "Draw": 0,
      "Loss": 1,
      "TimePlayed": "10:00",
      "Classes": "Med  76 %|Pyro 24 %"
    },
    {
      "Name": "hxn.wwgr",
      "KPM": 3.2,
      "KD": 1.19,
      "Kills": 32,
      "Death": 27,
      "TKill": 1,
      "Dmg": 6673.0,
      "DPM": 667.0,
      "FlagCap": 1,
      "FlagTake": 2.0,
      "FlagTime": "0:02",
      "FlagStop": 0,
      "Win": 0,
      "Draw": 0,
      "Loss": 1,
      "TimePlayed": "10:00",
      "Classes": "Sold 100 %"
    },
    {
      "Name": "stm",
      "KPM": 1.1,
      "KD": 0.31,
      "Kills": 11,
      "Death": 36,
      "TKill": 3,
      "Dmg": 3473.0,
      "DPM": 347.0,
      "FlagCap": 1,
      "FlagTake": 14.0,
      "FlagTime": "0:21",
      "FlagStop": 0,
      "Win": 0,
      "Draw": 0,
      "Loss": 1,
      "TimePlayed": "10:00",
      "Classes": "Pyro 73 %|Sco  27 %"
    },
    {
      "Name": "stn",
      "KPM": 0.9,
      "KD": 0.33,
      "Kills": 9,
      "Death": 27,
      "TKill": 0,
      "Dmg": 2060.0,
      "DPM": 206.0,
      "FlagCap": 1.0,
      "FlagTake": 7.0,
      "FlagTime": "0:27",
      "FlagStop": 0,
      "Win": 0,
      "Draw": 0,
      "Loss": 1,
      "TimePlayed": "10:00",
      "Classes": "Spy  100 %"
    }
  ],
  "SummaryDefence": [
    {
      "Name": "bugattiwwg",
      "KPM": 2.8,
      "KD": 1.22,
      "Kills": 28,
      "Death": 23,
      "TKill": 14,
      "Dmg": 6305.0,
      "DPM": 630.0,
      "FlagCap": 0,
      "FlagTake": 0,
      "FlagTime": 0,
      "FlagStop": 1,
      "Win": 1,
      "Draw": 0,
      "Loss": 0,
      "TimePlayed": "10:00",
      "Classes": "HwG  100 %"
    },
    {
      "Name": "justicewwg",
      "KPM": 2.9,
      "KD": 1.16,
      "Kills": 29,
      "Death": 25,
      "TKill": 13,
      "Dmg": 5507.0,
      "DPM": 551.0,
      "FlagCap": 0,
      "FlagTake": 0,
      "FlagTime": 0,
      "FlagStop": 1,
      "Win": 1,
      "Draw": 0,
      "Loss": 0,
      "TimePlayed": "10:00",
      "Classes": "Demo 100 %"
    },
    {
      "Name": "lorenziniwwg",
      "KPM": 2.6,
      "KD": 0.81,
      "Kills": 26,
      "Death": 32,
      "TKill": 3,
      "Dmg": 6149.0,
      "DPM": 615.0,
      "FlagCap": 0,
      "FlagTake": 0,
      "FlagTime": 0,
      "FlagStop": 1,
      "Win": 1,
      "Draw": 0,
      "Loss": 0,
      "TimePlayed": "10:00",
      "Classes": "Pyro 100 %"
    },
    {
      "Name": "welsherwwg",
      "KPM": 2.2,
      "KD": 1.05,
      "Kills": 22,
      "Death": 21,
      "TKill": 1,
      "Dmg": 5160.0,
      "DPM": 516.0,
      "FlagCap": 0,
      "FlagTake": 0,
      "FlagTime": 0,
      "FlagStop": 1,
      "Win": 1,
      "Draw": 0,
      "Loss": 0,
      "TimePlayed": "10:00",
      "Classes": "Eng  100 %"
    },
    {
      "Name": "fragged",
      "KPM": 3.7,
      "KD": 1.61,
      "Kills": 37,
      "Death": 23,
      "TKill": 13,
      "Dmg": 7988.0,
      "DPM": 799.0,
      "FlagCap": 0,
      "FlagTake": 0,
      "FlagTime": 0,
      "FlagStop": 1,
      "Win": 0,
      "Draw": 0,
      "Loss": 1,
      "TimePlayed": "10:00",
      "Classes": "Demo 100 %"
    },
    {
      "Name": "hxn.wwgr",
      "KPM": 1.9,
      "KD": 0.66,
      "Kills": 19,
      "Death": 29,
      "TKill": 4,
      "Dmg": 4918.0,
      "DPM": 492.0,
      "FlagCap": 0,
      "FlagTake": 0,
      "FlagTime": 0,
      "FlagStop": 1,
      "Win": 0,
      "Draw": 0,
      "Loss": 1,
      "TimePlayed": "10:00",
      "Classes": "Pyro 100 %"
    },
    {
      "Name": "stm",
      "KPM": 2.9,
      "KD": 1.26,
      "Kills": 29,
      "Death": 23,
      "TKill": 10,
      "Dmg": 5710.0,
      "DPM": 571.0,
      "FlagCap": 0,
      "FlagTake": 0,
      "FlagTime": 0,
      "FlagStop": 1,
      "Win": 0,
      "Draw": 0,
      "Loss": 1,
      "TimePlayed": "10:00",
      "Classes": "HwG  95 %|Sold 4 %"
    },
    {
      "Name": "stn",
      "KPM": 2.2,
      "KD": 0.81,
      "Kills": 22,
      "Death": 27,
      "TKill": 4,
      "Dmg": 6098.0,
      "DPM": 610.0,
      "FlagCap": 0,
      "FlagTake": 0,
      "FlagTime": 0,
      "FlagStop": 1,
      "Win": 0,
      "Draw": 0,
      "Loss": 1,
      "TimePlayed": "10:00",
      "Classes": "Eng  100 %"
    }
  ],
  "ClassFragAttack": [
    {
      "Name": "bugattiwwg",
      "Sco": 0,
      "KPM1": null,
      "Sold": 0,
      "KPM3": null,
      "Demo": 0,
      "KPM4": null,
      "Med": 18.0,
      "KPM5": 1.8,
      "HwG": 0,
      "KPM6": null,
      "Pyro": 0,
      "KPM7": null,
      "Spy": 0,
      "KPM8": null,
      "Eng": 0,
      "KPM9": null,
      "SG": 0,
      "KPM0": null
    },
    {
      "Name": "justicewwg",
      "Sco": 0,
      "KPM1": null,
      "Sold": 0,
      "KPM3": null,
      "Demo": 0,
      "KPM4": null,
      "Med": 0,
      "KPM5": null,
      "HwG": 0,
      "KPM6": null,
      "Pyro": 0,
      "KPM7": null,
      "Spy": 21.0,
      "KPM8": 2.1,
      "Eng": 0,
      "KPM9": null,
      "SG": 0,
      "KPM0": null
    },
    {
      "Name": "lorenziniwwg",
      "Sco": 0,
      "KPM1": null,
      "Sold": 0,
      "KPM3": null,
      "Demo": 0,
      "KPM4": null,
      "Med": 0,
      "KPM5": null,
      "HwG": 0,
      "KPM6": null,
      "Pyro": 18.0,
      "KPM7": 1.8,
      "Spy": 0,
      "KPM8": null,
      "Eng": 0,
      "KPM9": null,
      "SG": 0,
      "KPM0": null
    },
    {
      "Name": "welsherwwg",
      "Sco": 0,
      "KPM1": null,
      "Sold": 25.0,
      "KPM3": 2.5,
      "Demo": 0,
      "KPM4": null,
      "Med": 0,
      "KPM5": null,
      "HwG": 0,
      "KPM6": null,
      "Pyro": 0,
      "KPM7": null,
      "Spy": 0,
      "KPM8": null,
      "Eng": 0,
      "KPM9": null,
      "SG": 0,
      "KPM0": null
    },
    {
      "Name": "fragged",
      "Sco": 0,
      "KPM1": null,
      "Sold": 0,
      "KPM3": null,
      "Demo": 0,
      "KPM4": null,
      "Med": 14.0,
      "KPM5": 1.85,
      "HwG": 0,
      "KPM6": null,
      "Pyro": 6.0,
      "KPM7": 2.45,
      "Spy": 0,
      "KPM8": null,
      "Eng": 0,
      "KPM9": null,
      "SG": 0,
      "KPM0": null
    },
    {
      "Name": "hxn.wwgr",
      "Sco": 0,
      "KPM1": null,
      "Sold": 32.0,
      "KPM3": 3.2,
      "Demo": 0,
      "KPM4": null,
      "Med": 0,
      "KPM5": null,
      "HwG": 0,
      "KPM6": null,
      "Pyro": 0,
      "KPM7": null,
      "Spy": 0,
      "KPM8": null,
      "Eng": 0,
      "KPM9": null,
      "SG": 0,
      "KPM0": null
    },
    {
      "Name": "stm",
      "Sco": 0,
      "KPM1": null,
      "Sold": 0,
      "KPM3": null,
      "Demo": 0,
      "KPM4": null,
      "Med": 0,
      "KPM5": null,
      "HwG": 0,
      "KPM6": null,
      "Pyro": 11.0,
      "KPM7": 1.51,
      "Spy": 0,
      "KPM8": null,
      "Eng": 0,
      "KPM9": null,
      "SG": 0,
      "KPM0": null
    },
    {
      "Name": "stn",
      "Sco": 0,
      "KPM1": null,
      "Sold": 0,
      "KPM3": null,
      "Demo": 0,
      "KPM4": null,
      "Med": 0,
      "KPM5": null,
      "HwG": 0,
      "KPM6": null,
      "Pyro": 0,
      "KPM7": null,
      "Spy": 9.0,
      "KPM8": 0.9,
      "Eng": 0,
      "KPM9": null,
      "SG": 0,
      "KPM0": null
    }
  ],
  "ClassFragDefence": [
    {
      "Name": "bugattiwwg",
      "Sco": 0,
      "KPM1": null,
      "Sold": 0,
      "KPM3": null,
      "Demo": 0,
      "KPM4": null,
      "Med": 0,
      "KPM5": null,
      "HwG": 28.0,
      "KPM6": 2.8,
      "Pyro": 0,
      "KPM7": null,
      "Spy": 0,
      "KPM8": null,
      "Eng": 0,
      "KPM9": null,
      "SG": 0,
      "KPM0": null
    },
    {
      "Name": "justicewwg",
      "Sco": 0,
      "KPM1": null,
      "Sold": 0,
      "KPM3": null,
      "Demo": 29.0,
      "KPM4": 2.9,
      "Med": 0,
      "KPM5": null,
      "HwG": 0,
      "KPM6": null,
      "Pyro": 0,
      "KPM7": null,
      "Spy": 0,
      "KPM8": null,
      "Eng": 0,
      "KPM9": null,
      "SG": 0,
      "KPM0": null
    },
    {
      "Name": "lorenziniwwg",
      "Sco": 0,
      "KPM1": null,
      "Sold": 0,
      "KPM3": null,
      "Demo": 0,
      "KPM4": null,
      "Med": 0,
      "KPM5": null,
      "HwG": 0,
      "KPM6": null,
      "Pyro": 26.0,
      "KPM7": 2.6,
      "Spy": 0,
      "KPM8": null,
      "Eng": 0,
      "KPM9": null,
      "SG": 0,
      "KPM0": null
    },
    {
      "Name": "welsherwwg",
      "Sco": 0,
      "KPM1": null,
      "Sold": 0,
      "KPM3": null,
      "Demo": 0,
      "KPM4": null,
      "Med": 0,
      "KPM5": null,
      "HwG": 0,
      "KPM6": null,
      "Pyro": 0,
      "KPM7": null,
      "Spy": 0,
      "KPM8": null,
      "Eng": 13.0,
      "KPM9": 1.3,
      "SG": 9.0,
      "KPM0": 0.9
    },
    {
      "Name": "fragged",
      "Sco": 0,
      "KPM1": null,
      "Sold": 0,
      "KPM3": null,
      "Demo": 37.0,
      "KPM4": 3.7,
      "Med": 0,
      "KPM5": null,
      "HwG": 0,
      "KPM6": null,
      "Pyro": 0,
      "KPM7": null,
      "Spy": 0,
      "KPM8": null,
      "Eng": 0,
      "KPM9": null,
      "SG": 0,
      "KPM0": null
    },
    {
      "Name": "hxn.wwgr",
      "Sco": 0,
      "KPM1": null,
      "Sold": 0,
      "KPM3": null,
      "Demo": 0,
      "KPM4": null,
      "Med": 0,
      "KPM5": null,
      "HwG": 0,
      "KPM6": null,
      "Pyro": 19.0,
      "KPM7": 1.9,
      "Spy": 0,
      "KPM8": null,
      "Eng": 0,
      "KPM9": null,
      "SG": 0,
      "KPM0": null
    },
    {
      "Name": "stm",
      "Sco": 0,
      "KPM1": null,
      "Sold": 0,
      "KPM3": null,
      "Demo": 0,
      "KPM4": null,
      "Med": 0,
      "KPM5": null,
      "HwG": 29.0,
      "KPM6": 3.04,
      "Pyro": 0,
      "KPM7": null,
      "Spy": 0,
      "KPM8": null,
      "Eng": 0,
      "KPM9": null,
      "SG": 0,
      "KPM0": null
    },
    {
      "Name": "stn",
      "Sco": 0,
      "KPM1": null,
      "Sold": 0,
      "KPM3": null,
      "Demo": 0,
      "KPM4": null,
      "Med": 0,
      "KPM5": null,
      "HwG": 0,
      "KPM6": null,
      "Pyro": 0,
      "KPM7": null,
      "Spy": 0,
      "KPM8": null,
      "Eng": 15.0,
      "KPM9": 1.5,
      "SG": 7.0,
      "KPM0": 0.7
    }
  ],
  "ClassTimeAttack": [
    {
      "Name": "bugattiwwg",
      "Sco": 0,
      "Sold": 0,
      "Demo": 0,
      "Med": 600,
      "HwG": 0,
      "Pyro": 0,
      "Spy": 0,
      "Eng": 0
    },
    {
      "Name": "justicewwg",
      "Sco": 0,
      "Sold": 0,
      "Demo": 0,
      "Med": 0,
      "HwG": 0,
      "Pyro": 0,
      "Spy": 600,
      "Eng": 0
    },
    {
      "Name": "lorenziniwwg",
      "Sco": 0,
      "Sold": 0,
      "Demo": 0,
      "Med": 0,
      "HwG": 0,
      "Pyro": 600,
      "Spy": 0,
      "Eng": 0
    },
    {
      "Name": "welsherwwg",
      "Sco": 0,
      "Sold": 600,
      "Demo": 0,
      "Med": 0,
      "HwG": 0,
      "Pyro": 0,
      "Spy": 0,
      "Eng": 0
    },
    {
      "Name": "fragged",
      "Sco": 0,
      "Sold": 0,
      "Demo": 0,
      "Med": 453,
      "HwG": 0,
      "Pyro": 147,
      "Spy": 0,
      "Eng": 0
    },
    {
      "Name": "hxn.wwgr",
      "Sco": 0,
      "Sold": 600,
      "Demo": 0,
      "Med": 0,
      "HwG": 0,
      "Pyro": 0,
      "Spy": 0,
      "Eng": 0
    },
    {
      "Name": "stm",
      "Sco": 164,
      "Sold": 0,
      "Demo": 0,
      "Med": 0,
      "HwG": 0,
      "Pyro": 436,
      "Spy": 0,
      "Eng": 0
    },
    {
      "Name": "stn",
      "Sco": 0,
      "Sold": 0,
      "Demo": 0,
      "Med": 0,
      "HwG": 0,
      "Pyro": 0,
      "Spy": 600,
      "Eng": 0
    }
  ],
  "ClassTimeDefence": [
    {
      "Name": "bugattiwwg",
      "Sco": 0,
      "Sold": 0,
      "Demo": 0,
      "Med": 0,
      "HwG": 600,
      "Pyro": 0,
      "Spy": 0,
      "Eng": 0
    },
    {
      "Name": "justicewwg",
      "Sco": 0,
      "Sold": 0,
      "Demo": 600,
      "Med": 0,
      "HwG": 0,
      "Pyro": 0,
      "Spy": 0,
      "Eng": 0
    },
    {
      "Name": "lorenziniwwg",
      "Sco": 0,
      "Sold": 0,
      "Demo": 0,
      "Med": 0,
      "HwG": 0,
      "Pyro": 600,
      "Spy": 0,
      "Eng": 0
    },
    {
      "Name": "welsherwwg",
      "Sco": 0,
      "Sold": 0,
      "Demo": 0,
      "Med": 0,
      "HwG": 0,
      "Pyro": 0,
      "Spy": 0,
      "Eng": 600
    },
    {
      "Name": "fragged",
      "Sco": 0,
      "Sold": 0,
      "Demo": 600,
      "Med": 0,
      "HwG": 0,
      "Pyro": 0,
      "Spy": 0,
      "Eng": 0
    },
    {
      "Name": "hxn.wwgr",
      "Sco": 0,
      "Sold": 0,
      "Demo": 0,
      "Med": 0,
      "HwG": 0,
      "Pyro": 600,
      "Spy": 0,
      "Eng": 0
    },
    {
      "Name": "stm",
      "Sco": 0,
      "Sold": 27,
      "Demo": 0,
      "Med": 0,
      "HwG": 573,
      "Pyro": 0,
      "Spy": 0,
      "Eng": 0
    },
    {
      "Name": "stn",
      "Sco": 0,
      "Sold": 0,
      "Demo": 0,
      "Med": 0,
      "HwG": 0,
      "Pyro": 0,
      "Spy": 0,
      "Eng": 600
    }
  ]
}
