{
  "Matches": [
    {
      "Server": "virginia/staging",
      "Match": "2023-01-27-04-51-20_[ff-phantomr]",
      "Winner": "Team2",
      "Rating": "52%",
      "Score1": 40,
      "Team1": "ededdneddyfan,lorenziniwwg,scottbotwwg,vid",
      "Score2": 50,
      "Team2": "ciabrice,haunter,rspredator,w1ggy"
    }
  ],
  "SummaryAttack": [
    {
      "Name": "ededdneddyfan",
      "KPM": null,
      "KD": 0,
      "Kills": 0,
      "Death": 34,
      "TKill": 0,
      "Dmg": 422,
      "DPM": 42,
      "FlagCap": 2,
      "FlagTake": 17,
      "FlagTime": "0:52",
      "FlagStop": 0,
      "Win": 0,
      "Draw": 0,
      "Loss": 1,
      "TimePlayed": "10:00",
      "Classes": "Sco  100%"
    },
    {
      "Name": "lorenziniwwg",
      "KPM": 1.2,
      "KD": 0.39,
      "Kills": 12,
      "Death": 31,
      "TKill": 2,
      "Dmg": 1607,
      "DPM": 161,
      "FlagCap": 1,
      "FlagTake": 12,
      "FlagTime": "0:43",
      "FlagStop": 0,
      "Win": 0,
      "Draw": 0,
      "Loss": 1,
      "TimePlayed": "10:00",
      "Classes": "Med  100%"
    },
    {
      "Name": "scottbotwwg",
      "KPM": 3.3,
      "KD": 1.03,
      "Kills": 33,
      "Death": 32,
      "TKill": 1,
      "Dmg": 7873,
      "DPM": 787,
      "FlagCap": 1,
      "FlagTake": 9,
      "FlagTime": "0:18",
      "FlagStop": 0,
      "Win": 0,
      "Draw": 0,
      "Loss": 1,
      "TimePlayed": "10:00",
      "Classes": "Sold 100%"
    },
    {
      "Name": "vid",
      "KPM": 2.8,
      "KD": 0.93,
      "Kills": 28,
      "Death": 30,
      "TKill": 2,
      "Dmg": 4449,
      "DPM": 445,
      "FlagCap": 1,
      "FlagTake": 6,
      "FlagTime": "0:13",
      "FlagStop": 0,
      "Win": 0,
      "Draw": 0,
      "Loss": 1,
      "TimePlayed": "10:00",
      "Classes": "Pyro 100%"
    },
    {
      "Name": "ciabrice",
      "KPM": 0.62,
      "KD": 0.21,
      "Kills": 3,
      "Death": 14,
      "TKill": 1,
      "Dmg": 725,
      "DPM": 149,
      "FlagCap": 1,
      "FlagTake": 5,
      "FlagTime": "0:12",
      "FlagStop": 0,
      "Win": 1,
      "Draw": 0,
      "Loss": 0,
      "TimePlayed": "4:51",
      "Classes": "Spy  100%"
    },
    {
      "Name": "haunter",
      "KPM": 0.62,
      "KD": 0.25,
      "Kills": 3,
      "Death": 12,
      "TKill": 1,
      "Dmg": 1176,
      "DPM": 242,
      "FlagCap": 3,
      "FlagTake": 9,
      "FlagTime": "1:17",
      "FlagStop": 0,
      "Win": 1,
      "Draw": 0,
      "Loss": 0,
      "TimePlayed": "4:51",
      "Classes": "Med  100%"
    },
    {
      "Name": "rspredator",
      "KPM": 1.86,
      "KD": 0.64,
      "Kills": 9,
      "Death": 14,
      "TKill": 2,
      "Dmg": 1821,
      "DPM": 375,
      "FlagCap": 1,
      "FlagTake": 6,
      "FlagTime": "0:14",
      "FlagStop": 0,
      "Win": 1,
      "Draw": 0,
      "Loss": 0,
      "TimePlayed": "4:51",
      "Classes": "Sold 100%"
    },
    {
      "Name": "w1ggy",
      "KPM": 1.44,
      "KD": 0.54,
      "Kills": 7,
      "Death": 13,
      "TKill": 1,
      "Dmg": 1758,
      "DPM": 362,
      "FlagCap": 1,
      "FlagTake": 5,
      "FlagTime": "0:24",
      "FlagStop": 0,
      "Win": 1,
      "Draw": 0,
      "Loss": 0,
      "TimePlayed": "4:51",
      "Classes": "Pyro 100%"
    }
  ],
  "SummaryDefence": [
    {
      "Name": "ededdneddyfan",
      "KPM": 2.89,
      "KD": 1.4,
      "Kills": 14,
      "Death": 10,
      "TKill": 2,
      "Dmg": 2779,
      "DPM": 573,
      "FlagCap": 0,
      "FlagTake": 0,
      "FlagTime": 0,
      "FlagStop": 2,
      "Win": 0,
      "Draw": 0,
      "Loss": 1,
      "TimePlayed": "4:51",
      "Classes": "Sold 100%"
    },
    {
      "Name": "lorenziniwwg",
      "KPM": 2.27,
      "KD": 0.92,
      "Kills": 11,
      "Death": 12,
      "TKill": 3,
      "Dmg": 2984,
      "DPM": 615,
      "FlagCap": 0,
      "FlagTake": 0,
      "FlagTime": 0,
      "FlagStop": 1,
      "Win": 0,
      "Draw": 0,
      "Loss": 1,
      "TimePlayed": "4:51",
      "Classes": "Pyro 100%"
    },
    {
      "Name": "scottbotwwg",
      "KPM": 2.68,
      "KD": 1,
      "Kills": 13,
      "Death": 13,
      "TKill": 6,
      "Dmg": 3192,
      "DPM": 658,
      "FlagCap": 0,
      "FlagTake": 0,
      "FlagTime": 0,
      "FlagStop": 1,
      "Win": 0,
      "Draw": 0,
      "Loss": 1,
      "TimePlayed": "4:51",
      "Classes": "Demo 100%"
    },
    {
      "Name": "vid",
      "KPM": 1.03,
      "KD": 0.83,
      "Kills": 5,
      "Death": 6,
      "TKill": 0,
      "Dmg": 1224,
      "DPM": 252,
      "FlagCap": 0,
      "FlagTake": 0,
      "FlagTime": 0,
      "FlagStop": 2,
      "Win": 0,
      "Draw": 0,
      "Loss": 1,
      "TimePlayed": "4:51",
      "Classes": "HwG  79%|Eng  21%"
    },
    {
      "Name": "ciabrice",
      "KPM": 2.8,
      "KD": 1.47,
      "Kills": 28,
      "Death": 19,
      "TKill": 5,
      "Dmg": 4672,
      "DPM": 467,
      "FlagCap": 0,
      "FlagTake": 0,
      "FlagTime": 0,
      "FlagStop": 3,
      "Win": 1,
      "Draw": 0,
      "Loss": 0,
      "TimePlayed": "10:00",
      "Classes": "HwG  100%"
    },
    {
      "Name": "haunter",
      "KPM": 3.3,
      "KD": 1.38,
      "Kills": 33,
      "Death": 24,
      "TKill": 11,
      "Dmg": 6460,
      "DPM": 646,
      "FlagCap": 0,
      "FlagTake": 0,
      "FlagTime": 0,
      "FlagStop": 2,
      "Win": 1,
      "Draw": 0,
      "Loss": 0,
      "TimePlayed": "10:00",
      "Classes": "Demo 100%"
    },
    {
      "Name": "rspredator",
      "KPM": 2.4,
      "KD": 0.92,
      "Kills": 24,
      "Death": 26,
      "TKill": 10,
      "Dmg": 5880,
      "DPM": 588,
      "FlagCap": 0,
      "FlagTake": 0,
      "FlagTime": 0,
      "FlagStop": 3,
      "Win": 1,
      "Draw": 0,
      "Loss": 0,
      "TimePlayed": "10:00",
      "Classes": "Sold 100%"
    },
    {
      "Name": "w1ggy",
      "KPM": 3.5,
      "KD": 1.25,
      "Kills": 35,
      "Death": 28,
      "TKill": 5,
      "Dmg": 7673,
      "DPM": 767,
      "FlagCap": 0,
      "FlagTake": 0,
      "FlagTime": 0,
      "FlagStop": 1,
      "Win": 1,
      "Draw": 0,
      "Loss": 0,
      "TimePlayed": "10:00",
      "Classes": "Eng  100%"
    }
  ],
  "ClassFragAttack": [
    {
      "Name": "lorenziniwwg",
      "Sco": 0,
      "KPM1": null,
      "Sold": 0,
      "KPM3": null,
      "Demo": 0,
      "KPM4": null,
      "Med": 12,
      "KPM5": 1.2,
      "HwG": 0,
      "KPM6": null,
      "Pyro": 0,
      "KPM7": null,
      "Spy": 0,
      "KPM8": null,
      "Eng": 0,
      "KPM9": null,
      "SG": 0,
      "KPM0": null
    },
    {
      "Name": "scottbotwwg",
      "Sco": 0,
      "KPM1": null,
      "Sold": 33,
      "KPM3": 3.3,
      "Demo": 0,
      "KPM4": null,
      "Med": 0,
      "KPM5": null,
      "HwG": 0,
      "KPM6": null,
      "Pyro": 0,
      "KPM7": null,
      "Spy": 0,
      "KPM8": null,
      "Eng": 0,
      "KPM9": null,
      "SG": 0,
      "KPM0": null
    },
    {
      "Name": "vid",
      "Sco": 0,
      "KPM1": null,
      "Sold": 0,
      "KPM3": null,
      "Demo": 0,
      "KPM4": null,
      "Med": 0,
      "KPM5": null,
      "HwG": 0,
      "KPM6": null,
      "Pyro": 28,
      "KPM7": 2.8,
      "Spy": 0,
      "KPM8": null,
      "Eng": 0,
      "KPM9": null,
      "SG": 0,
      "KPM0": null
    },
    {
      "Name": "ciabrice",
      "Sco": 0,
      "KPM1": null,
      "Sold": 0,
      "KPM3": null,
      "Demo": 0,
      "KPM4": null,
      "Med": 0,
      "KPM5": null,
      "HwG": 0,
      "KPM6": null,
      "Pyro": 0,
      "KPM7": null,
      "Spy": 3,
      "KPM8": 0.62,
      "Eng": 0,
      "KPM9": null,
      "SG": 0,
      "KPM0": null
    },
    {
      "Name": "haunter",
      "Sco": 0,
      "KPM1": null,
      "Sold": 0,
      "KPM3": null,
      "Demo": 0,
      "KPM4": null,
      "Med": 3,
      "KPM5": 0.62,
      "HwG": 0,
      "KPM6": null,
      "Pyro": 0,
      "KPM7": null,
      "Spy": 0,
      "KPM8": null,
      "Eng": 0,
      "KPM9": null,
      "SG": 0,
      "KPM0": null
    },
    {
      "Name": "rspredator",
      "Sco": 0,
      "KPM1": null,
      "Sold": 9,
      "KPM3": 1.86,
      "Demo": 0,
      "KPM4": null,
      "Med": 0,
      "KPM5": null,
      "HwG": 0,
      "KPM6": null,
      "Pyro": 0,
      "KPM7": null,
      "Spy": 0,
      "KPM8": null,
      "Eng": 0,
      "KPM9": null,
      "SG": 0,
      "KPM0": null
    },
    {
      "Name": "w1ggy",
      "Sco": 0,
      "KPM1": null,
      "Sold": 0,
      "KPM3": null,
      "Demo": 0,
      "KPM4": null,
      "Med": 0,
      "KPM5": null,
      "HwG": 0,
      "KPM6": null,
      "Pyro": 7,
      "KPM7": 1.44,
      "Spy": 0,
      "KPM8": null,
      "Eng": 0,
      "KPM9": null,
      "SG": 0,
      "KPM0": null
    }
  ],
  "ClassFragDefence": [
    {
      "Name": "ededdneddyfan",
      "Sco": 0,
      "KPM1": null,
      "Sold": 14,
      "KPM3": 2.89,
      "Demo": 0,
      "KPM4": null,
      "Med": 0,
      "KPM5": null,
      "HwG": 0,
      "KPM6": null,
      "Pyro": 0,
      "KPM7": null,
      "Spy": 0,
      "KPM8": null,
      "Eng": 0,
      "KPM9": null,
      "SG": 0,
      "KPM0": null
    },
    {
      "Name": "lorenziniwwg",
      "Sco": 0,
      "KPM1": null,
      "Sold": 0,
      "KPM3": null,
      "Demo": 0,
      "KPM4": null,
      "Med": 0,
      "KPM5": null,
      "HwG": 0,
      "KPM6": null,
      "Pyro": 11,
      "KPM7": 2.27,
      "Spy": 0,
      "KPM8": null,
      "Eng": 0,
      "KPM9": null,
      "SG": 0,
      "KPM0": null
    },
    {
      "Name": "scottbotwwg",
      "Sco": 0,
      "KPM1": null,
      "Sold": 0,
      "KPM3": null,
      "Demo": 13,
      "KPM4": 2.68,
      "Med": 0,
      "KPM5": null,
      "HwG": 0,
      "KPM6": null,
      "Pyro": 0,
      "KPM7": null,
      "Spy": 0,
      "KPM8": null,
      "Eng": 0,
      "KPM9": null,
      "SG": 0,
      "KPM0": null
    },
    {
      "Name": "vid",
      "Sco": 0,
      "KPM1": null,
      "Sold": 0,
      "KPM3": null,
      "Demo": 0,
      "KPM4": null,
      "Med": 0,
      "KPM5": null,
      "HwG": 4,
      "KPM6": 1.04,
      "Pyro": 0,
      "KPM7": null,
      "Spy": 0,
      "KPM8": null,
      "Eng": 0,
      "KPM9": null,
      "SG": 1,
      "KPM0": 1
    },
    {
      "Name": "ciabrice",
      "Sco": 0,
      "KPM1": null,
      "Sold": 0,
      "KPM3": null,
      "Demo": 0,
      "KPM4": null,
      "Med": 0,
      "KPM5": null,
      "HwG": 28,
      "KPM6": 2.8,
      "Pyro": 0,
      "KPM7": null,
      "Spy": 0,
      "KPM8": null,
      "Eng": 0,
      "KPM9": null,
      "SG": 0,
      "KPM0": null
    },
    {
      "Name": "haunter",
      "Sco": 0,
      "KPM1": null,
      "Sold": 0,
      "KPM3": null,
      "Demo": 33,
      "KPM4": 3.3,
      "Med": 0,
      "KPM5": null,
      "HwG": 0,
      "KPM6": null,
      "Pyro": 0,
      "KPM7": null,
      "Spy": 0,
      "KPM8": null,
      "Eng": 0,
      "KPM9": null,
      "SG": 0,
      "KPM0": null
    },
    {
      "Name": "rspredator",
      "Sco": 0,
      "KPM1": null,
      "Sold": 24,
      "KPM3": 2.4,
      "Demo": 0,
      "KPM4": null,
      "Med": 0,
      "KPM5": null,
      "HwG": 0,
      "KPM6": null,
      "Pyro": 0,
      "KPM7": null,
      "Spy": 0,
      "KPM8": null,
      "Eng": 0,
      "KPM9": null,
      "SG": 0,
      "KPM0": null
    },
    {
      "Name": "w1ggy",
      "Sco": 0,
      "KPM1": null,
      "Sold": 0,
      "KPM3": null,
      "Demo": 0,
      "KPM4": null,
      "Med": 0,
      "KPM5": null,
      "HwG": 0,
      "KPM6": null,
      "Pyro": 0,
      "KPM7": null,
      "Spy": 0,
      "KPM8": null,
      "Eng": 18,
      "KPM9": 1.8,
      "SG": 17,
      "KPM0": 1.7
    }
  ],
  "ClassTimeAttack": [
    {
      "Name": "ededdneddyfan",
      "Sco": 600,
      "Sold": 0,
      "Demo": 0,
      "Med": 0,
      "HwG": 0,
      "Pyro": 0,
      "Spy": 0,
      "Eng": 0
    },
    {
      "Name": "lorenziniwwg",
      "Sco": 0,
      "Sold": 0,
      "Demo": 0,
      "Med": 600,
      "HwG": 0,
      "Pyro": 0,
      "Spy": 0,
      "Eng": 0
    },
    {
      "Name": "scottbotwwg",
      "Sco": 0,
      "Sold": 600,
      "Demo": 0,
      "Med": 0,
      "HwG": 0,
      "Pyro": 0,
      "Spy": 0,
      "Eng": 0
    },
    {
      "Name": "vid",
      "Sco": 0,
      "Sold": 0,
      "Demo": 0,
      "Med": 0,
      "HwG": 0,
      "Pyro": 600,
      "Spy": 0,
      "Eng": 0
    },
    {
      "Name": "ciabrice",
      "Sco": 0,
      "Sold": 0,
      "Demo": 0,
      "Med": 0,
      "HwG": 0,
      "Pyro": 0,
      "Spy": 291,
      "Eng": 0
    },
    {
      "Name": "haunter",
      "Sco": 0,
      "Sold": 0,
      "Demo": 0,
      "Med": 291,
      "HwG": 0,
      "Pyro": 0,
      "Spy": 0,
      "Eng": 0
    },
    {
      "Name": "rspredator",
      "Sco": 0,
      "Sold": 291,
      "Demo": 0,
      "Med": 0,
      "HwG": 0,
      "Pyro": 0,
      "Spy": 0,
      "Eng": 0
    },
    {
      "Name": "w1ggy",
      "Sco": 0,
      "Sold": 0,
      "Demo": 0,
      "Med": 0,
      "HwG": 0,
      "Pyro": 291,
      "Spy": 0,
      "Eng": 0
    }
  ],
  "ClassTimeDefence": [
    {
      "Name": "ededdneddyfan",
      "Sco": 0,
      "Sold": 291,
      "Demo": 0,
      "Med": 0,
      "HwG": 0,
      "Pyro": 0,
      "Spy": 0,
      "Eng": 0
    },
    {
      "Name": "lorenziniwwg",
      "Sco": 0,
      "Sold": 0,
      "Demo": 0,
      "Med": 0,
      "HwG": 0,
      "Pyro": 291,
      "Spy": 0,
      "Eng": 0
    },
    {
      "Name": "scottbotwwg",
      "Sco": 0,
      "Sold": 0,
      "Demo": 291,
      "Med": 0,
      "HwG": 0,
      "Pyro": 0,
      "Spy": 0,
      "Eng": 0
    },
    {
      "Name": "vid",
      "Sco": 0,
      "Sold": 0,
      "Demo": 0,
      "Med": 0,
      "HwG": 231,
      "Pyro": 0,
      "Spy": 0,
      "Eng": 60
    },
    {
      "Name": "ciabrice",
      "Sco": 0,
      "Sold": 0,
      "Demo": 0,
      "Med": 0,
      "HwG": 600,
      "Pyro": 0,
      "Spy": 0,
      "Eng": 0
    },
    {
      "Name": "haunter",
      "Sco": 0,
      "Sold": 0,
      "Demo": 600,
      "Med": 0,
      "HwG": 0,
      "Pyro": 0,
      "Spy": 0,
      "Eng": 0
    },
    {
      "Name": "rspredator",
      "Sco": 0,
      "Sold": 600,
      "Demo": 0,
      "Med": 0,
      "HwG": 0,
      "Pyro": 0,
      "Spy": 0,
      "Eng": 0
    },
    {
      "Name": "w1ggy",
      "Sco": 0,
      "Sold": 0,
      "Demo": 0,
      "Med": 0,
      "HwG": 0,
      "Pyro": 0,
      "Spy": 0,
      "Eng": 600
    }
  ]
}
