{
  "Matches": [
    {
      "Server": "virginia/staging",
      "Match": "2023-02-01-03-17-42_[ff-swoop]",
      "Winner": "Team2",
      "Rating": "29%",
      "Score1": 20,
      "Team1": "bgameoverb,justicewwg,rspredator,zarnage",
      "Score2": 30,
      "Team2": "bone,lorenziniwwg,scottbotwwg,welsher.wwg"
    }
  ],
  "SummaryAttack": [
    {
      "Name": "bgameoverb",
      "KPM": 1.2,
      "KD": 0.39,
      "Kills": 12,
      "Death": 31,
      "TKill": 0,
      "Dmg": 3314,
      "DPM": 331,
      "FlagCap": 1,
      "FlagTake": 3,
      "FlagTime": "0:07",
      "FlagStop": 0,
      "Win": 0,
      "Draw": 0,
      "Loss": 1,
      "TimePlayed": "10:00",
      "Classes": "Pyro 100%"
    },
    {
      "Name": "justicewwg",
      "KPM": 1.1,
      "KD": 0.41,
      "Kills": 11,
      "Death": 27,
      "TKill": 3,
      "Dmg": 1909,
      "DPM": 191,
      "FlagCap": 1,
      "FlagTake": 4,
      "FlagTime": "0:05",
      "FlagStop": 0,
      "Win": 0,
      "Draw": 0,
      "Loss": 1,
      "TimePlayed": "10:00",
      "Classes": "Spy  100%"
    },
    {
      "Name": "rspredator",
      "KPM": 1.1,
      "KD": 0.35,
      "Kills": 11,
      "Death": 31,
      "TKill": 0,
      "Dmg": 2573,
      "DPM": 257,
      "FlagCap": 2,
      "FlagTake": 8,
      "FlagTime": "0:38",
      "FlagStop": 0,
      "Win": 0,
      "Draw": 0,
      "Loss": 1,
      "TimePlayed": "10:00",
      "Classes": "Med  100%"
    },
    {
      "Name": "zarnage",
      "KPM": 1.7,
      "KD": 0.61,
      "Kills": 17,
      "Death": 28,
      "TKill": 1,
      "Dmg": 3196,
      "DPM": 320,
      "FlagCap": 1,
      "FlagTake": 1,
      "FlagTime": "0:01",
      "FlagStop": 0,
      "Win": 0,
      "Draw": 0,
      "Loss": 1,
      "TimePlayed": "10:00",
      "Classes": "Sold 100%"
    },
    {
      "Name": "bone",
      "KPM": 0.42,
      "KD": 0.14,
      "Kills": 3,
      "Death": 21,
      "TKill": 0,
      "Dmg": 882,
      "DPM": 123,
      "FlagCap": 1,
      "FlagTake": 5,
      "FlagTime": "0:25",
      "FlagStop": 0,
      "Win": 1,
      "Draw": 0,
      "Loss": 0,
      "TimePlayed": "7:09",
      "Classes": "Spy  100%"
    },
    {
      "Name": "lorenziniwwg",
      "KPM": 0.98,
      "KD": 0.39,
      "Kills": 7,
      "Death": 18,
      "TKill": 2,
      "Dmg": 1005,
      "DPM": 141,
      "FlagCap": 2,
      "FlagTake": 9,
      "FlagTime": "0:43",
      "FlagStop": 0,
      "Win": 1,
      "Draw": 0,
      "Loss": 0,
      "TimePlayed": "7:09",
      "Classes": "Med  100%"
    },
    {
      "Name": "scottbotwwg",
      "KPM": 2.24,
      "KD": 0.67,
      "Kills": 16,
      "Death": 24,
      "TKill": 1,
      "Dmg": 3107,
      "DPM": 435,
      "FlagCap": 1,
      "FlagTake": 1,
      "FlagTime": "0:01",
      "FlagStop": 0,
      "Win": 1,
      "Draw": 0,
      "Loss": 0,
      "TimePlayed": "7:09",
      "Classes": "Sold 100%"
    },
    {
      "Name": "welsher.wwg",
      "KPM": 1.68,
      "KD": 0.52,
      "Kills": 12,
      "Death": 23,
      "TKill": 4,
      "Dmg": 3059,
      "DPM": 428,
      "FlagCap": 1,
      "FlagTake": 2,
      "FlagTime": "0:03",
      "FlagStop": 0,
      "Win": 1,
      "Draw": 0,
      "Loss": 0,
      "TimePlayed": "7:09",
      "Classes": "Pyro 100%"
    }
  ],
  "SummaryDefence": [
    {
      "Name": "bgameoverb",
      "KPM": 1.96,
      "KD": 1.17,
      "Kills": 14,
      "Death": 12,
      "TKill": 3,
      "Dmg": 3013,
      "DPM": 421,
      "FlagCap": 0,
      "FlagTake": 0,
      "FlagTime": 0,
      "FlagStop": 1,
      "Win": 0,
      "Draw": 0,
      "Loss": 1,
      "TimePlayed": "7:09",
      "Classes": "HwG  100%"
    },
    {
      "Name": "justicewwg",
      "KPM": 3.22,
      "KD": 1.53,
      "Kills": 23,
      "Death": 15,
      "TKill": 11,
      "Dmg": 5987,
      "DPM": 837,
      "FlagCap": 0,
      "FlagTake": 0,
      "FlagTime": 0,
      "FlagStop": 1,
      "Win": 0,
      "Draw": 0,
      "Loss": 1,
      "TimePlayed": "7:09",
      "Classes": "Demo 100%"
    },
    {
      "Name": "rspredator",
      "KPM": 2.1,
      "KD": 0.88,
      "Kills": 15,
      "Death": 17,
      "TKill": 5,
      "Dmg": 3907,
      "DPM": 546,
      "FlagCap": 0,
      "FlagTake": 0,
      "FlagTime": 0,
      "FlagStop": 1,
      "Win": 0,
      "Draw": 0,
      "Loss": 1,
      "TimePlayed": "7:09",
      "Classes": "Pyro 100%"
    },
    {
      "Name": "zarnage",
      "KPM": 3.08,
      "KD": 1.47,
      "Kills": 22,
      "Death": 15,
      "TKill": 3,
      "Dmg": 3467,
      "DPM": 485,
      "FlagCap": 0,
      "FlagTake": 0,
      "FlagTime": 0,
      "FlagStop": 1,
      "Win": 0,
      "Draw": 0,
      "Loss": 1,
      "TimePlayed": "7:09",
      "Classes": "Eng  100%"
    },
    {
      "Name": "bone",
      "KPM": 1.3,
      "KD": 0.76,
      "Kills": 13,
      "Death": 17,
      "TKill": 2,
      "Dmg": 3434,
      "DPM": 343,
      "FlagCap": 0,
      "FlagTake": 0,
      "FlagTime": 0,
      "FlagStop": 1,
      "Win": 1,
      "Draw": 0,
      "Loss": 0,
      "TimePlayed": "10:00",
      "Classes": "Eng  100%"
    },
    {
      "Name": "lorenziniwwg",
      "KPM": 3,
      "KD": 1.43,
      "Kills": 30,
      "Death": 21,
      "TKill": 2,
      "Dmg": 6675,
      "DPM": 668,
      "FlagCap": 0,
      "FlagTake": 0,
      "FlagTime": 0,
      "FlagStop": 1,
      "Win": 1,
      "Draw": 0,
      "Loss": 0,
      "TimePlayed": "10:00",
      "Classes": "Pyro 100%"
    },
    {
      "Name": "scottbotwwg",
      "KPM": 3.5,
      "KD": 1.4,
      "Kills": 35,
      "Death": 25,
      "TKill": 3,
      "Dmg": 8830,
      "DPM": 883,
      "FlagCap": 0,
      "FlagTake": 0,
      "FlagTime": 0,
      "FlagStop": 1,
      "Win": 1,
      "Draw": 0,
      "Loss": 0,
      "TimePlayed": "10:00",
      "Classes": "Sold 100%"
    },
    {
      "Name": "welsher.wwg",
      "KPM": 2.4,
      "KD": 1.85,
      "Kills": 24,
      "Death": 13,
      "TKill": 7,
      "Dmg": 4205,
      "DPM": 420,
      "FlagCap": 0,
      "FlagTake": 0,
      "FlagTime": 0,
      "FlagStop": 2,
      "Win": 1,
      "Draw": 0,
      "Loss": 0,
      "TimePlayed": "10:00",
      "Classes": "Demo 100%"
    }
  ],
  "ClassFragAttack": [
    {
      "Name": "bgameoverb",
      "Sco": 0,
      "KPM1": null,
      "Sold": 0,
      "KPM3": null,
      "Demo": 0,
      "KPM4": null,
      "Med": 0,
      "KPM5": null,
      "HwG": 0,
      "KPM6": null,
      "Pyro": 12,
      "KPM7": 1.2,
      "Spy": 0,
      "KPM8": null,
      "Eng": 0,
      "KPM9": null,
      "SG": 0,
      "KPM0": null
    },
    {
      "Name": "justicewwg",
      "Sco": 0,
      "KPM1": null,
      "Sold": 0,
      "KPM3": null,
      "Demo": 0,
      "KPM4": null,
      "Med": 0,
      "KPM5": null,
      "HwG": 0,
      "KPM6": null,
      "Pyro": 0,
      "KPM7": null,
      "Spy": 11,
      "KPM8": 1.1,
      "Eng": 0,
      "KPM9": null,
      "SG": 0,
      "KPM0": null
    },
    {
      "Name": "rspredator",
      "Sco": 0,
      "KPM1": null,
      "Sold": 0,
      "KPM3": null,
      "Demo": 0,
      "KPM4": null,
      "Med": 11,
      "KPM5": 1.1,
      "HwG": 0,
      "KPM6": null,
      "Pyro": 0,
      "KPM7": null,
      "Spy": 0,
      "KPM8": null,
      "Eng": 0,
      "KPM9": null,
      "SG": 0,
      "KPM0": null
    },
    {
      "Name": "zarnage",
      "Sco": 0,
      "KPM1": null,
      "Sold": 17,
      "KPM3": 1.7,
      "Demo": 0,
      "KPM4": null,
      "Med": 0,
      "KPM5": null,
      "HwG": 0,
      "KPM6": null,
      "Pyro": 0,
      "KPM7": null,
      "Spy": 0,
      "KPM8": null,
      "Eng": 0,
      "KPM9": null,
      "SG": 0,
      "KPM0": null
    },
    {
      "Name": "bone",
      "Sco": 0,
      "KPM1": null,
      "Sold": 0,
      "KPM3": null,
      "Demo": 0,
      "KPM4": null,
      "Med": 0,
      "KPM5": null,
      "HwG": 0,
      "KPM6": null,
      "Pyro": 0,
      "KPM7": null,
      "Spy": 3,
      "KPM8": 0.42,
      "Eng": 0,
      "KPM9": null,
      "SG": 0,
      "KPM0": null
    },
    {
      "Name": "lorenziniwwg",
      "Sco": 0,
      "KPM1": null,
      "Sold": 0,
      "KPM3": null,
      "Demo": 0,
      "KPM4": null,
      "Med": 7,
      "KPM5": 0.98,
      "HwG": 0,
      "KPM6": null,
      "Pyro": 0,
      "KPM7": null,
      "Spy": 0,
      "KPM8": null,
      "Eng": 0,
      "KPM9": null,
      "SG": 0,
      "KPM0": null
    },
    {
      "Name": "scottbotwwg",
      "Sco": 0,
      "KPM1": null,
      "Sold": 16,
      "KPM3": 2.24,
      "Demo": 0,
      "KPM4": null,
      "Med": 0,
      "KPM5": null,
      "HwG": 0,
      "KPM6": null,
      "Pyro": 0,
      "KPM7": null,
      "Spy": 0,
      "KPM8": null,
      "Eng": 0,
      "KPM9": null,
      "SG": 0,
      "KPM0": null
    },
    {
      "Name": "welsher.wwg",
      "Sco": 0,
      "KPM1": null,
      "Sold": 0,
      "KPM3": null,
      "Demo": 0,
      "KPM4": null,
      "Med": 0,
      "KPM5": null,
      "HwG": 0,
      "KPM6": null,
      "Pyro": 12,
      "KPM7": 1.68,
      "Spy": 0,
      "KPM8": null,
      "Eng": 0,
      "KPM9": null,
      "SG": 0,
      "KPM0": null
    }
  ],
  "ClassFragDefence": [
    {
      "Name": "bgameoverb",
      "Sco": 0,
      "KPM1": null,
      "Sold": 0,
      "KPM3": null,
      "Demo": 0,
      "KPM4": null,
      "Med": 0,
      "KPM5": null,
      "HwG": 14,
      "KPM6": 1.96,
      "Pyro": 0,
      "KPM7": null,
      "Spy": 0,
      "KPM8": null,
      "Eng": 0,
      "KPM9": null,
      "SG": 0,
      "KPM0": null
    },
    {
      "Name": "justicewwg",
      "Sco": 0,
      "KPM1": null,
      "Sold": 0,
      "KPM3": null,
      "Demo": 23,
      "KPM4": 3.22,
      "Med": 0,
      "KPM5": null,
      "HwG": 0,
      "KPM6": null,
      "Pyro": 0,
      "KPM7": null,
      "Spy": 0,
      "KPM8": null,
      "Eng": 0,
      "KPM9": null,
      "SG": 0,
      "KPM0": null
    },
    {
      "Name": "rspredator",
      "Sco": 0,
      "KPM1": null,
      "Sold": 0,
      "KPM3": null,
      "Demo": 0,
      "KPM4": null,
      "Med": 0,
      "KPM5": null,
      "HwG": 0,
      "KPM6": null,
      "Pyro": 15,
      "KPM7": 2.1,
      "Spy": 0,
      "KPM8": null,
      "Eng": 0,
      "KPM9": null,
      "SG": 0,
      "KPM0": null
    },
    {
      "Name": "zarnage",
      "Sco": 0,
      "KPM1": null,
      "Sold": 0,
      "KPM3": null,
      "Demo": 0,
      "KPM4": null,
      "Med": 0,
      "KPM5": null,
      "HwG": 0,
      "KPM6": null,
      "Pyro": 0,
      "KPM7": null,
      "Spy": 0,
      "KPM8": null,
      "Eng": 13,
      "KPM9": 1.82,
      "SG": 9,
      "KPM0": 1.26
    },
    {
      "Name": "bone",
      "Sco": 0,
      "KPM1": null,
      "Sold": 0,
      "KPM3": null,
      "Demo": 0,
      "KPM4": null,
      "Med": 0,
      "KPM5": null,
      "HwG": 0,
      "KPM6": null,
      "Pyro": 0,
      "KPM7": null,
      "Spy": 0,
      "KPM8": null,
      "Eng": 7,
      "KPM9": 0.7,
      "SG": 6,
      "KPM0": 0.6
    },
    {
      "Name": "lorenziniwwg",
      "Sco": 0,
      "KPM1": null,
      "Sold": 0,
      "KPM3": null,
      "Demo": 0,
      "KPM4": null,
      "Med": 0,
      "KPM5": null,
      "HwG": 0,
      "KPM6": null,
      "Pyro": 30,
      "KPM7": 3,
      "Spy": 0,
      "KPM8": null,
      "Eng": 0,
      "KPM9": null,
      "SG": 0,
      "KPM0": null
    },
    {
      "Name": "scottbotwwg",
      "Sco": 0,
      "KPM1": null,
      "Sold": 35,
      "KPM3": 3.5,
      "Demo": 0,
      "KPM4": null,
      "Med": 0,
      "KPM5": null,
      "HwG": 0,
      "KPM6": null,
      "Pyro": 0,
      "KPM7": null,
      "Spy": 0,
      "KPM8": null,
      "Eng": 0,
      "KPM9": null,
      "SG": 0,
      "KPM0": null
    },
    {
      "Name": "welsher.wwg",
      "Sco": 0,
      "KPM1": null,
      "Sold": 0,
      "KPM3": null,
      "Demo": 24,
      "KPM4": 2.4,
      "Med": 0,
      "KPM5": null,
      "HwG": 0,
      "KPM6": null,
      "Pyro": 0,
      "KPM7": null,
      "Spy": 0,
      "KPM8": null,
      "Eng": 0,
      "KPM9": null,
      "SG": 0,
      "KPM0": null
    }
  ],
  "ClassTimeAttack": [
    {
      "Name": "bgameoverb",
      "Sco": 0,
      "Sold": 0,
      "Demo": 0,
      "Med": 0,
      "HwG": 0,
      "Pyro": 600,
      "Spy": 0,
      "Eng": 0
    },
    {
      "Name": "justicewwg",
      "Sco": 0,
      "Sold": 0,
      "Demo": 0,
      "Med": 0,
      "HwG": 0,
      "Pyro": 0,
      "Spy": 600,
      "Eng": 0
    },
    {
      "Name": "rspredator",
      "Sco": 0,
      "Sold": 0,
      "Demo": 0,
      "Med": 600,
      "HwG": 0,
      "Pyro": 0,
      "Spy": 0,
      "Eng": 0
    },
    {
      "Name": "zarnage",
      "Sco": 0,
      "Sold": 600,
      "Demo": 0,
      "Med": 0,
      "HwG": 0,
      "Pyro": 0,
      "Spy": 0,
      "Eng": 0
    },
    {
      "Name": "bone",
      "Sco": 0,
      "Sold": 0,
      "Demo": 0,
      "Med": 0,
      "HwG": 0,
      "Pyro": 0,
      "Spy": 429,
      "Eng": 0
    },
    {
      "Name": "lorenziniwwg",
      "Sco": 0,
      "Sold": 0,
      "Demo": 0,
      "Med": 429,
      "HwG": 0,
      "Pyro": 0,
      "Spy": 0,
      "Eng": 0
    },
    {
      "Name": "scottbotwwg",
      "Sco": 0,
      "Sold": 429,
      "Demo": 0,
      "Med": 0,
      "HwG": 0,
      "Pyro": 0,
      "Spy": 0,
      "Eng": 0
    },
    {
      "Name": "welsher.wwg",
      "Sco": 0,
      "Sold": 0,
      "Demo": 0,
      "Med": 0,
      "HwG": 0,
      "Pyro": 429,
      "Spy": 0,
      "Eng": 0
    }
  ],
  "ClassTimeDefence": [
    {
      "Name": "bgameoverb",
      "Sco": 0,
      "Sold": 0,
      "Demo": 0,
      "Med": 0,
      "HwG": 429,
      "Pyro": 0,
      "Spy": 0,
      "Eng": 0
    },
    {
      "Name": "justicewwg",
      "Sco": 0,
      "Sold": 0,
      "Demo": 429,
      "Med": 0,
      "HwG": 0,
      "Pyro": 0,
      "Spy": 0,
      "Eng": 0
    },
    {
      "Name": "rspredator",
      "Sco": 0,
      "Sold": 0,
      "Demo": 0,
      "Med": 0,
      "HwG": 0,
      "Pyro": 429,
      "Spy": 0,
      "Eng": 0
    },
    {
      "Name": "zarnage",
      "Sco": 0,
      "Sold": 0,
      "Demo": 0,
      "Med": 0,
      "HwG": 0,
      "Pyro": 0,
      "Spy": 0,
      "Eng": 429
    },
    {
      "Name": "bone",
      "Sco": 0,
      "Sold": 0,
      "Demo": 0,
      "Med": 0,
      "HwG": 0,
      "Pyro": 0,
      "Spy": 0,
      "Eng": 600
    },
    {
      "Name": "lorenziniwwg",
      "Sco": 0,
      "Sold": 0,
      "Demo": 0,
      "Med": 0,
      "HwG": 0,
      "Pyro": 600,
      "Spy": 0,
      "Eng": 0
    },
    {
      "Name": "scottbotwwg",
      "Sco": 0,
      "Sold": 600,
      "Demo": 0,
      "Med": 0,
      "HwG": 0,
      "Pyro": 0,
      "Spy": 0,
      "Eng": 0
    },
    {
      "Name": "welsher.wwg",
      "Sco": 0,
      "Sold": 0,
      "Demo": 600,
      "Med": 0,
      "HwG": 0,
      "Pyro": 0,
      "Spy": 0,
      "Eng": 0
    }
  ]
}
