{
  "Matches": [
    {
      "Server": "virginia/staging",
      "Match": "2023-02-17-04-20-17_[ff-schtop]",
      "Winner": "Team2",
      "Rating": "45%",
      "Score1": 50,
      "Team1": "[nyxer]chicken,bredfox,buggattiwwg,ededdneddyfan",
      "Score2": 60,
      "Team2": "(1)4lvid,justricewwgr,rspredator,welsher.wwg"
    }
  ],
  "SummaryAttack": [
    {
      "Name": "[nyxer]chicken",
      "KPM": 1.1,
      "KD": 0.34,
      "Kills": 11,
      "Death": 32,
      "TKill": 2,
      "Dmg": 2423,
      "DPM": 242,
      "FlagCap": 1,
      "FlagTake": 2,
      "FlagTime": "0:02",
      "FlagStop": 0,
      "Win": 0,
      "Draw": 0,
      "Loss": 1,
      "TimePlayed": "10:00",
      "Classes": "Pyro 100%"
    },
    {
      "Name": "bredfox",
      "KPM": 1,
      "KD": 0.48,
      "Kills": 10,
      "Death": 21,
      "TKill": 2,
      "Dmg": 1300,
      "DPM": 130,
      "FlagCap": 3,
      "FlagTake": 9,
      "FlagTime": "1:11",
      "FlagStop": 0,
      "Win": 0,
      "Draw": 0,
      "Loss": 1,
      "TimePlayed": "10:00",
      "Classes": "Spy  100%"
    },
    {
      "Name": "buggattiwwg",
      "KPM": 3.5,
      "KD": 1.25,
      "Kills": 35,
      "Death": 28,
      "TKill": 1,
      "Dmg": 7113,
      "DPM": 711,
      "FlagCap": 1,
      "FlagTake": 8,
      "FlagTime": "0:51",
      "FlagStop": 0,
      "Win": 0,
      "Draw": 0,
      "Loss": 1,
      "TimePlayed": "10:00",
      "Classes": "Sold 100%"
    },
    {
      "Name": "ededdneddyfan",
      "KPM": 1,
      "KD": 0.36,
      "Kills": 10,
      "Death": 28,
      "TKill": 0,
      "Dmg": 2531,
      "DPM": 253,
      "FlagCap": 1,
      "FlagTake": 10,
      "FlagTime": "0:47",
      "FlagStop": 0,
      "Win": 0,
      "Draw": 0,
      "Loss": 1,
      "TimePlayed": "10:00",
      "Classes": "Med  100%"
    },
    {
      "Name": "(1)4lvid",
      "KPM": 1.63,
      "KD": 0.64,
      "Kills": 9,
      "Death": 14,
      "TKill": 1,
      "Dmg": 2479,
      "DPM": 448,
      "FlagCap": 1,
      "FlagTake": 4,
      "FlagTime": "0:07",
      "FlagStop": 0,
      "Win": 1,
      "Draw": 0,
      "Loss": 0,
      "TimePlayed": "5:32",
      "Classes": "Pyro 100%"
    },
    {
      "Name": "justricewwgr",
      "KPM": 1.81,
      "KD": 0.77,
      "Kills": 10,
      "Death": 13,
      "TKill": 1,
      "Dmg": 1993,
      "DPM": 360,
      "FlagCap": 1,
      "FlagTake": 3,
      "FlagTime": "0:12",
      "FlagStop": 0,
      "Win": 1,
      "Draw": 0,
      "Loss": 0,
      "TimePlayed": "5:32",
      "Classes": "Sold 100%"
    },
    {
      "Name": "rspredator",
      "KPM": 0.9,
      "KD": 0.45,
      "Kills": 5,
      "Death": 11,
      "TKill": 1,
      "Dmg": 1424,
      "DPM": 257,
      "FlagCap": 4,
      "FlagTake": 13,
      "FlagTime": "1:52",
      "FlagStop": 0,
      "Win": 1,
      "Draw": 0,
      "Loss": 0,
      "TimePlayed": "5:32",
      "Classes": "Med  100%"
    },
    {
      "Name": "welsher.wwg",
      "KPM": 1.99,
      "KD": 0.92,
      "Kills": 11,
      "Death": 12,
      "TKill": 0,
      "Dmg": 1780,
      "DPM": 322,
      "FlagCap": 1,
      "FlagTake": 1,
      "FlagTime": "0:26",
      "FlagStop": 0,
      "Win": 1,
      "Draw": 0,
      "Loss": 0,
      "TimePlayed": "5:32",
      "Classes": "Spy  100%"
    }
  ],
  "SummaryDefence": [
    {
      "Name": "[nyxer]chicken",
      "KPM": 1.27,
      "KD": 0.78,
      "Kills": 7,
      "Death": 9,
      "TKill": 4,
      "Dmg": 2341,
      "DPM": 423,
      "FlagCap": 0,
      "FlagTake": 0,
      "FlagTime": 0,
      "FlagStop": 1,
      "Win": 0,
      "Draw": 0,
      "Loss": 1,
      "TimePlayed": "5:32",
      "Classes": "HwG  68%|Pyro 32%"
    },
    {
      "Name": "bredfox",
      "KPM": 0.54,
      "KD": 0.23,
      "Kills": 3,
      "Death": 13,
      "TKill": 1,
      "Dmg": 1414,
      "DPM": 256,
      "FlagCap": 0,
      "FlagTake": 0,
      "FlagTime": 0,
      "FlagStop": 1,
      "Win": 0,
      "Draw": 0,
      "Loss": 1,
      "TimePlayed": "5:32",
      "Classes": "Eng  100%"
    },
    {
      "Name": "buggattiwwg",
      "KPM": 3.61,
      "KD": 1.33,
      "Kills": 20,
      "Death": 15,
      "TKill": 1,
      "Dmg": 4009,
      "DPM": 725,
      "FlagCap": 0,
      "FlagTake": 0,
      "FlagTime": 0,
      "FlagStop": 1,
      "Win": 0,
      "Draw": 0,
      "Loss": 1,
      "TimePlayed": "5:32",
      "Classes": "Sold 100%"
    },
    {
      "Name": "ededdneddyfan",
      "KPM": 2.35,
      "KD": 0.87,
      "Kills": 13,
      "Death": 15,
      "TKill": 4,
      "Dmg": 2303,
      "DPM": 416,
      "FlagCap": 0,
      "FlagTake": 0,
      "FlagTime": 0,
      "FlagStop": 2,
      "Win": 0,
      "Draw": 0,
      "Loss": 1,
      "TimePlayed": "5:32",
      "Classes": "Demo 100%"
    },
    {
      "Name": "(1)4lvid",
      "KPM": 2,
      "KD": 1.05,
      "Kills": 20,
      "Death": 19,
      "TKill": 4,
      "Dmg": 4703,
      "DPM": 470,
      "FlagCap": 0,
      "FlagTake": 0,
      "FlagTime": 0,
      "FlagStop": 1,
      "Win": 1,
      "Draw": 0,
      "Loss": 0,
      "TimePlayed": "10:00",
      "Classes": "Sold 100%"
    },
    {
      "Name": "justricewwgr",
      "KPM": 1.9,
      "KD": 1.19,
      "Kills": 19,
      "Death": 16,
      "TKill": 6,
      "Dmg": 4823,
      "DPM": 482,
      "FlagCap": 0,
      "FlagTake": 0,
      "FlagTime": 0,
      "FlagStop": 1,
      "Win": 1,
      "Draw": 0,
      "Loss": 0,
      "TimePlayed": "10:00",
      "Classes": "HwG  100%"
    },
    {
      "Name": "rspredator",
      "KPM": 2.7,
      "KD": 1,
      "Kills": 27,
      "Death": 27,
      "TKill": 12,
      "Dmg": 7346,
      "DPM": 735,
      "FlagCap": 0,
      "FlagTake": 0,
      "FlagTime": 0,
      "FlagStop": 4,
      "Win": 1,
      "Draw": 0,
      "Loss": 0,
      "TimePlayed": "10:00",
      "Classes": "Demo 100%"
    },
    {
      "Name": "welsher.wwg",
      "KPM": 3.3,
      "KD": 1.1,
      "Kills": 33,
      "Death": 30,
      "TKill": 5,
      "Dmg": 5724,
      "DPM": 572,
      "FlagCap": 0,
      "FlagTake": 0,
      "FlagTime": 0,
      "FlagStop": 2,
      "Win": 1,
      "Draw": 0,
      "Loss": 0,
      "TimePlayed": "10:00",
      "Classes": "Eng  100%"
    }
  ],
  "ClassFragAttack": [
    {
      "Name": "[nyxer]chicken",
      "Sco": 0,
      "KPM1": null,
      "Sold": 0,
      "KPM3": null,
      "Demo": 0,
      "KPM4": null,
      "Med": 0,
      "KPM5": null,
      "HwG": 0,
      "KPM6": null,
      "Pyro": 11,
      "KPM7": 1.1,
      "Spy": 0,
      "KPM8": null,
      "Eng": 0,
      "KPM9": null,
      "SG": 0,
      "KPM0": null
    },
    {
      "Name": "bredfox",
      "Sco": 0,
      "KPM1": null,
      "Sold": 0,
      "KPM3": null,
      "Demo": 0,
      "KPM4": null,
      "Med": 0,
      "KPM5": null,
      "HwG": 0,
      "KPM6": null,
      "Pyro": 0,
      "KPM7": null,
      "Spy": 10,
      "KPM8": 1,
      "Eng": 0,
      "KPM9": null,
      "SG": 0,
      "KPM0": null
    },
    {
      "Name": "buggattiwwg",
      "Sco": 0,
      "KPM1": null,
      "Sold": 35,
      "KPM3": 3.5,
      "Demo": 0,
      "KPM4": null,
      "Med": 0,
      "KPM5": null,
      "HwG": 0,
      "KPM6": null,
      "Pyro": 0,
      "KPM7": null,
      "Spy": 0,
      "KPM8": null,
      "Eng": 0,
      "KPM9": null,
      "SG": 0,
      "KPM0": null
    },
    {
      "Name": "ededdneddyfan",
      "Sco": 0,
      "KPM1": null,
      "Sold": 0,
      "KPM3": null,
      "Demo": 0,
      "KPM4": null,
      "Med": 10,
      "KPM5": 1,
      "HwG": 0,
      "KPM6": null,
      "Pyro": 0,
      "KPM7": null,
      "Spy": 0,
      "KPM8": null,
      "Eng": 0,
      "KPM9": null,
      "SG": 0,
      "KPM0": null
    },
    {
      "Name": "(1)4lvid",
      "Sco": 0,
      "KPM1": null,
      "Sold": 0,
      "KPM3": null,
      "Demo": 0,
      "KPM4": null,
      "Med": 0,
      "KPM5": null,
      "HwG": 0,
      "KPM6": null,
      "Pyro": 9,
      "KPM7": 1.63,
      "Spy": 0,
      "KPM8": null,
      "Eng": 0,
      "KPM9": null,
      "SG": 0,
      "KPM0": null
    },
    {
      "Name": "justricewwgr",
      "Sco": 0,
      "KPM1": null,
      "Sold": 10,
      "KPM3": 1.81,
      "Demo": 0,
      "KPM4": null,
      "Med": 0,
      "KPM5": null,
      "HwG": 0,
      "KPM6": null,
      "Pyro": 0,
      "KPM7": null,
      "Spy": 0,
      "KPM8": null,
      "Eng": 0,
      "KPM9": null,
      "SG": 0,
      "KPM0": null
    },
    {
      "Name": "rspredator",
      "Sco": 0,
      "KPM1": null,
      "Sold": 0,
      "KPM3": null,
      "Demo": 0,
      "KPM4": null,
      "Med": 5,
      "KPM5": 0.9,
      "HwG": 0,
      "KPM6": null,
      "Pyro": 0,
      "KPM7": null,
      "Spy": 0,
      "KPM8": null,
      "Eng": 0,
      "KPM9": null,
      "SG": 0,
      "KPM0": null
    },
    {
      "Name": "welsher.wwg",
      "Sco": 0,
      "KPM1": null,
      "Sold": 0,
      "KPM3": null,
      "Demo": 0,
      "KPM4": null,
      "Med": 0,
      "KPM5": null,
      "HwG": 0,
      "KPM6": null,
      "Pyro": 0,
      "KPM7": null,
      "Spy": 11,
      "KPM8": 1.99,
      "Eng": 0,
      "KPM9": null,
      "SG": 0,
      "KPM0": null
    }
  ],
  "ClassFragDefence": [
    {
      "Name": "[nyxer]chicken",
      "Sco": 0,
      "KPM1": null,
      "Sold": 0,
      "KPM3": null,
      "Demo": 0,
      "KPM4": null,
      "Med": 0,
      "KPM5": null,
      "HwG": 4,
      "KPM6": 1.06,
      "Pyro": 3,
      "KPM7": 1.7,
      "Spy": 0,
      "KPM8": null,
      "Eng": 0,
      "KPM9": null,
      "SG": 0,
      "KPM0": null
    },
    {
      "Name": "bredfox",
      "Sco": 0,
      "KPM1": null,
      "Sold": 0,
      "KPM3": null,
      "Demo": 0,
      "KPM4": null,
      "Med": 0,
      "KPM5": null,
      "HwG": 0,
      "KPM6": null,
      "Pyro": 0,
      "KPM7": null,
      "Spy": 0,
      "KPM8": null,
      "Eng": 2,
      "KPM9": 0.36,
      "SG": 1,
      "KPM0": 0.18
    },
    {
      "Name": "buggattiwwg",
      "Sco": 0,
      "KPM1": null,
      "Sold": 20,
      "KPM3": 3.61,
      "Demo": 0,
      "KPM4": null,
      "Med": 0,
      "KPM5": null,
      "HwG": 0,
      "KPM6": null,
      "Pyro": 0,
      "KPM7": null,
      "Spy": 0,
      "KPM8": null,
      "Eng": 0,
      "KPM9": null,
      "SG": 0,
      "KPM0": null
    },
    {
      "Name": "ededdneddyfan",
      "Sco": 0,
      "KPM1": null,
      "Sold": 0,
      "KPM3": null,
      "Demo": 13,
      "KPM4": 2.35,
      "Med": 0,
      "KPM5": null,
      "HwG": 0,
      "KPM6": null,
      "Pyro": 0,
      "KPM7": null,
      "Spy": 0,
      "KPM8": null,
      "Eng": 0,
      "KPM9": null,
      "SG": 0,
      "KPM0": null
    },
    {
      "Name": "(1)4lvid",
      "Sco": 0,
      "KPM1": null,
      "Sold": 20,
      "KPM3": 2,
      "Demo": 0,
      "KPM4": null,
      "Med": 0,
      "KPM5": null,
      "HwG": 0,
      "KPM6": null,
      "Pyro": 0,
      "KPM7": null,
      "Spy": 0,
      "KPM8": null,
      "Eng": 0,
      "KPM9": null,
      "SG": 0,
      "KPM0": null
    },
    {
      "Name": "justricewwgr",
      "Sco": 0,
      "KPM1": null,
      "Sold": 0,
      "KPM3": null,
      "Demo": 0,
      "KPM4": null,
      "Med": 0,
      "KPM5": null,
      "HwG": 19,
      "KPM6": 1.9,
      "Pyro": 0,
      "KPM7": null,
      "Spy": 0,
      "KPM8": null,
      "Eng": 0,
      "KPM9": null,
      "SG": 0,
      "KPM0": null
    },
    {
      "Name": "rspredator",
      "Sco": 0,
      "KPM1": null,
      "Sold": 0,
      "KPM3": null,
      "Demo": 27,
      "KPM4": 2.7,
      "Med": 0,
      "KPM5": null,
      "HwG": 0,
      "KPM6": null,
      "Pyro": 0,
      "KPM7": null,
      "Spy": 0,
      "KPM8": null,
      "Eng": 0,
      "KPM9": null,
      "SG": 0,
      "KPM0": null
    },
    {
      "Name": "welsher.wwg",
      "Sco": 0,
      "KPM1": null,
      "Sold": 0,
      "KPM3": null,
      "Demo": 0,
      "KPM4": null,
      "Med": 0,
      "KPM5": null,
      "HwG": 0,
      "KPM6": null,
      "Pyro": 0,
      "KPM7": null,
      "Spy": 0,
      "KPM8": null,
      "Eng": 21,
      "KPM9": 2.1,
      "SG": 12,
      "KPM0": 1.2
    }
  ],
  "ClassTimeAttack": [
    {
      "Name": "[nyxer]chicken",
      "Sco": 0,
      "Sold": 0,
      "Demo": 0,
      "Med": 0,
      "HwG": 0,
      "Pyro": 600,
      "Spy": 0,
      "Eng": 0
    },
    {
      "Name": "bredfox",
      "Sco": 0,
      "Sold": 0,
      "Demo": 0,
      "Med": 0,
      "HwG": 0,
      "Pyro": 0,
      "Spy": 600,
      "Eng": 0
    },
    {
      "Name": "buggattiwwg",
      "Sco": 0,
      "Sold": 600,
      "Demo": 0,
      "Med": 0,
      "HwG": 0,
      "Pyro": 0,
      "Spy": 0,
      "Eng": 0
    },
    {
      "Name": "ededdneddyfan",
      "Sco": 0,
      "Sold": 0,
      "Demo": 0,
      "Med": 600,
      "HwG": 0,
      "Pyro": 0,
      "Spy": 0,
      "Eng": 0
    },
    {
      "Name": "(1)4lvid",
      "Sco": 0,
      "Sold": 0,
      "Demo": 0,
      "Med": 0,
      "HwG": 0,
      "Pyro": 332,
      "Spy": 0,
      "Eng": 0
    },
    {
      "Name": "justricewwgr",
      "Sco": 0,
      "Sold": 332,
      "Demo": 0,
      "Med": 0,
      "HwG": 0,
      "Pyro": 0,
      "Spy": 0,
      "Eng": 0
    },
    {
      "Name": "rspredator",
      "Sco": 0,
      "Sold": 0,
      "Demo": 0,
      "Med": 332,
      "HwG": 0,
      "Pyro": 0,
      "Spy": 0,
      "Eng": 0
    },
    {
      "Name": "welsher.wwg",
      "Sco": 0,
      "Sold": 0,
      "Demo": 0,
      "Med": 0,
      "HwG": 0,
      "Pyro": 0,
      "Spy": 332,
      "Eng": 0
    }
  ],
  "ClassTimeDefence": [
    {
      "Name": "[nyxer]chicken",
      "Sco": 0,
      "Sold": 0,
      "Demo": 0,
      "Med": 0,
      "HwG": 226,
      "Pyro": 106,
      "Spy": 0,
      "Eng": 0
    },
    {
      "Name": "bredfox",
      "Sco": 0,
      "Sold": 0,
      "Demo": 0,
      "Med": 0,
      "HwG": 0,
      "Pyro": 0,
      "Spy": 0,
      "Eng": 332
    },
    {
      "Name": "buggattiwwg",
      "Sco": 0,
      "Sold": 332,
      "Demo": 0,
      "Med": 0,
      "HwG": 0,
      "Pyro": 0,
      "Spy": 0,
      "Eng": 0
    },
    {
      "Name": "ededdneddyfan",
      "Sco": 0,
      "Sold": 0,
      "Demo": 332,
      "Med": 0,
      "HwG": 0,
      "Pyro": 0,
      "Spy": 0,
      "Eng": 0
    },
    {
      "Name": "(1)4lvid",
      "Sco": 0,
      "Sold": 600,
      "Demo": 0,
      "Med": 0,
      "HwG": 0,
      "Pyro": 0,
      "Spy": 0,
      "Eng": 0
    },
    {
      "Name": "justricewwgr",
      "Sco": 0,
      "Sold": 0,
      "Demo": 0,
      "Med": 0,
      "HwG": 600,
      "Pyro": 0,
      "Spy": 0,
      "Eng": 0
    },
    {
      "Name": "rspredator",
      "Sco": 0,
      "Sold": 0,
      "Demo": 600,
      "Med": 0,
      "HwG": 0,
      "Pyro": 0,
      "Spy": 0,
      "Eng": 0
    },
    {
      "Name": "welsher.wwg",
      "Sco": 0,
      "Sold": 0,
      "Demo": 0,
      "Med": 0,
      "HwG": 0,
      "Pyro": 0,
      "Spy": 0,
      "Eng": 600
    }
  ]
}
