{
  "Matches": [
    {
      "Server": "virginia/staging",
      "Match": "2023-04-12-03-25-37_[japanc]",
      "Winner": "Team2",
      "Rating": "15 %",
      "Score1": 80,
      "Team1": "4lgonadsandstrife,hue-wos,justicewwg,welsherwwg",
      "Score2": 90,
      "Team2": "haunter,hulkaswwg,scotty,w1ggy"
    }
  ],
  "SummaryAttack": [
    {
      "Name": "4lgonadsandstrife",
      "KPM": 2.6,
      "KD": 0.81,
      "Kills": 26,
      "Death": 32,
      "TKill": 3,
      "Dmg": 4593.0,
      "DPM": 459.0,
      "FlagCap": 3.0,
      "FlagTake": 11.0,
      "FlagTime": "0:20",
      "FlagStop": 0,
      "Win": 0,
      "Draw": 0,
      "Loss": 1,
      "TimePlayed": "10:00",
      "Classes": "Pyro 100 %"
    },
    {
      "Name": "hue-wos",
      "KPM": 1.1,
      "KD": 0.39,
      "Kills": 11,
      "Death": 28,
      "TKill": 1,
      "Dmg": 2787.0,
      "DPM": 279.0,
      "FlagCap": 1,
      "FlagTake": 12.0,
      "FlagTime": "0:34",
      "FlagStop": 0,
      "Win": 0,
      "Draw": 0,
      "Loss": 1,
      "TimePlayed": "10:00",
      "Classes": "Spy  96 %|Sco  4 %"
    },
    {
      "Name": "justicewwg",
      "KPM": 1.9,
      "KD": 0.58,
      "Kills": 19,
      "Death": 33,
      "TKill": 2,
      "Dmg": 3310.0,
      "DPM": 331.0,
      "FlagCap": 3.0,
      "FlagTake": 15.0,
      "FlagTime": "1:10",
      "FlagStop": 0,
      "Win": 0,
      "Draw": 0,
      "Loss": 1,
      "TimePlayed": "10:00",
      "Classes": "Med  100 %"
    },
    {
      "Name": "welsherwwg",
      "KPM": 3.6,
      "KD": 1.16,
      "Kills": 36,
      "Death": 31,
      "TKill": 1,
      "Dmg": 6770.0,
      "DPM": 677.0,
      "FlagCap": 2.0,
      "FlagTake": 10.0,
      "FlagTime": "0:40",
      "FlagStop": 0,
      "Win": 0,
      "Draw": 0,
      "Loss": 1,
      "TimePlayed": "10:00",
      "Classes": "Sold 100 %"
    },
    {
      "Name": "haunter",
      "KPM": 0.7,
      "KD": 0.19,
      "Kills": 6,
      "Death": 31,
      "TKill": 0,
      "Dmg": 1081.0,
      "DPM": 127.0,
      "FlagCap": 3.0,
      "FlagTake": 16.0,
      "FlagTime": "1:19",
      "FlagStop": 0,
      "Win": 1,
      "Draw": 0,
      "Loss": 0,
      "TimePlayed": "8:31",
      "Classes": "Med  100 %"
    },
    {
      "Name": "hulkaswwg",
      "KPM": 1.88,
      "KD": 0.48,
      "Kills": 16,
      "Death": 33,
      "TKill": 0,
      "Dmg": 4396.0,
      "DPM": 516.0,
      "FlagCap": 1.0,
      "FlagTake": 7.0,
      "FlagTime": "0:24",
      "FlagStop": 0,
      "Win": 1,
      "Draw": 0,
      "Loss": 0,
      "TimePlayed": "8:31",
      "Classes": "Pyro 100 %"
    },
    {
      "Name": "scotty",
      "KPM": 3.52,
      "KD": 1.2,
      "Kills": 30,
      "Death": 25,
      "TKill": 1,
      "Dmg": 7685.0,
      "DPM": 902.0,
      "FlagCap": 3.0,
      "FlagTake": 10.0,
      "FlagTime": "0:49",
      "FlagStop": 0,
      "Win": 1,
      "Draw": 0,
      "Loss": 0,
      "TimePlayed": "8:31",
      "Classes": "Sold 100 %"
    },
    {
      "Name": "w1ggy",
      "KPM": 2.0,
      "KD": 0.81,
      "Kills": 17,
      "Death": 21,
      "TKill": 3,
      "Dmg": 3787.0,
      "DPM": 445.0,
      "FlagCap": 2.0,
      "FlagTake": 12.0,
      "FlagTime": "0:55",
      "FlagStop": 0,
      "Win": 1,
      "Draw": 0,
      "Loss": 0,
      "TimePlayed": "8:31",
      "Classes": "Spy  100 %"
    }
  ],
  "SummaryDefence": [
    {
      "Name": "4lgonadsandstrife",
      "KPM": 2.7,
      "KD": 1.05,
      "Kills": 23,
      "Death": 22,
      "TKill": 4,
      "Dmg": 5431.0,
      "DPM": 638.0,
      "FlagCap": 0,
      "FlagTake": 0,
      "FlagTime": 0,
      "FlagStop": 4.0,
      "Win": 0,
      "Draw": 0,
      "Loss": 1,
      "TimePlayed": "8:31",
      "Classes": "Pyro 100 %"
    },
    {
      "Name": "hue-wos",
      "KPM": 2.58,
      "KD": 0.76,
      "Kills": 22,
      "Death": 29,
      "TKill": 5,
      "Dmg": 5307.0,
      "DPM": 623.0,
      "FlagCap": 0,
      "FlagTake": 0,
      "FlagTime": 0,
      "FlagStop": 2.0,
      "Win": 0,
      "Draw": 0,
      "Loss": 1,
      "TimePlayed": "8:31",
      "Classes": "Eng  100 %"
    },
    {
      "Name": "justicewwg",
      "KPM": 2.82,
      "KD": 0.75,
      "Kills": 24,
      "Death": 32,
      "TKill": 13,
      "Dmg": 4163.0,
      "DPM": 489.0,
      "FlagCap": 0,
      "FlagTake": 0,
      "FlagTime": 0,
      "FlagStop": 1,
      "Win": 0,
      "Draw": 0,
      "Loss": 1,
      "TimePlayed": "8:31",
      "Classes": "Demo 100 %"
    },
    {
      "Name": "welsherwwg",
      "KPM": 3.52,
      "KD": 1.11,
      "Kills": 30,
      "Death": 27,
      "TKill": 7,
      "Dmg": 7132.0,
      "DPM": 837.0,
      "FlagCap": 0,
      "FlagTake": 0,
      "FlagTime": 0,
      "FlagStop": 1,
      "Win": 0,
      "Draw": 0,
      "Loss": 1,
      "TimePlayed": "8:31",
      "Classes": "HwG  100 %"
    },
    {
      "Name": "haunter",
      "KPM": 3.7,
      "KD": 1.16,
      "Kills": 37,
      "Death": 32,
      "TKill": 14,
      "Dmg": 7332.0,
      "DPM": 733.0,
      "FlagCap": 0,
      "FlagTake": 0,
      "FlagTime": 0,
      "FlagStop": 5.0,
      "Win": 1,
      "Draw": 0,
      "Loss": 0,
      "TimePlayed": "10:00",
      "Classes": "Demo 100 %"
    },
    {
      "Name": "hulkaswwg",
      "KPM": 2.2,
      "KD": 0.96,
      "Kills": 22,
      "Death": 23,
      "TKill": 4,
      "Dmg": 5685.0,
      "DPM": 568.0,
      "FlagCap": 0,
      "FlagTake": 0,
      "FlagTime": 0,
      "FlagStop": 1,
      "Win": 1,
      "Draw": 0,
      "Loss": 0,
      "TimePlayed": "10:00",
      "Classes": "HwG  62 %|Pyro 38 %"
    },
    {
      "Name": "scotty",
      "KPM": 2.2,
      "KD": 0.69,
      "Kills": 22,
      "Death": 32,
      "TKill": 6,
      "Dmg": 5318.0,
      "DPM": 532.0,
      "FlagCap": 0,
      "FlagTake": 0,
      "FlagTime": 0,
      "FlagStop": 1,
      "Win": 1,
      "Draw": 0,
      "Loss": 0,
      "TimePlayed": "10:00",
      "Classes": "Sold 100 %"
    },
    {
      "Name": "w1ggy",
      "KPM": 2.9,
      "KD": 0.81,
      "Kills": 29,
      "Death": 36,
      "TKill": 6,
      "Dmg": 7073.0,
      "DPM": 707.0,
      "FlagCap": 0,
      "FlagTake": 0,
      "FlagTime": 0,
      "FlagStop": 2.0,
      "Win": 1,
      "Draw": 0,
      "Loss": 0,
      "TimePlayed": "10:00",
      "Classes": "Eng  100 %"
    }
  ],
  "ClassFragAttack": [
    {
      "Name": "4lgonadsandstrife",
      "Sco": 0,
      "KPM1": null,
      "Sold": 0,
      "KPM3": null,
      "Demo": 0,
      "KPM4": null,
      "Med": 0,
      "KPM5": null,
      "HwG": 0,
      "KPM6": null,
      "Pyro": 26.0,
      "KPM7": 2.6,
      "Spy": 0,
      "KPM8": null,
      "Eng": 0,
      "KPM9": null,
      "SG": 0,
      "KPM0": null
    },
    {
      "Name": "hue-wos",
      "Sco": 0,
      "KPM1": null,
      "Sold": 0,
      "KPM3": null,
      "Demo": 0,
      "KPM4": null,
      "Med": 0,
      "KPM5": null,
      "HwG": 0,
      "KPM6": null,
      "Pyro": 0,
      "KPM7": null,
      "Spy": 11.0,
      "KPM8": 1.15,
      "Eng": 0,
      "KPM9": null,
      "SG": 0,
      "KPM0": null
    },
    {
      "Name": "justicewwg",
      "Sco": 0,
      "KPM1": null,
      "Sold": 0,
      "KPM3": null,
      "Demo": 0,
      "KPM4": null,
      "Med": 19.0,
      "KPM5": 1.9,
      "HwG": 0,
      "KPM6": null,
      "Pyro": 0,
      "KPM7": null,
      "Spy": 0,
      "KPM8": null,
      "Eng": 0,
      "KPM9": null,
      "SG": 0,
      "KPM0": null
    },
    {
      "Name": "welsherwwg",
      "Sco": 0,
      "KPM1": null,
      "Sold": 36.0,
      "KPM3": 3.6,
      "Demo": 0,
      "KPM4": null,
      "Med": 0,
      "KPM5": null,
      "HwG": 0,
      "KPM6": null,
      "Pyro": 0,
      "KPM7": null,
      "Spy": 0,
      "KPM8": null,
      "Eng": 0,
      "KPM9": null,
      "SG": 0,
      "KPM0": null
    },
    {
      "Name": "haunter",
      "Sco": 0,
      "KPM1": null,
      "Sold": 0,
      "KPM3": null,
      "Demo": 0,
      "KPM4": null,
      "Med": 6.0,
      "KPM5": 0.7,
      "HwG": 0,
      "KPM6": null,
      "Pyro": 0,
      "KPM7": null,
      "Spy": 0,
      "KPM8": null,
      "Eng": 0,
      "KPM9": null,
      "SG": 0,
      "KPM0": null
    },
    {
      "Name": "hulkaswwg",
      "Sco": 0,
      "KPM1": null,
      "Sold": 0,
      "KPM3": null,
      "Demo": 0,
      "KPM4": null,
      "Med": 0,
      "KPM5": null,
      "HwG": 0,
      "KPM6": null,
      "Pyro": 16.0,
      "KPM7": 1.88,
      "Spy": 0,
      "KPM8": null,
      "Eng": 0,
      "KPM9": null,
      "SG": 0,
      "KPM0": null
    },
    {
      "Name": "scotty",
      "Sco": 0,
      "KPM1": null,
      "Sold": 30.0,
      "KPM3": 3.52,
      "Demo": 0,
      "KPM4": null,
      "Med": 0,
      "KPM5": null,
      "HwG": 0,
      "KPM6": null,
      "Pyro": 0,
      "KPM7": null,
      "Spy": 0,
      "KPM8": null,
      "Eng": 0,
      "KPM9": null,
      "SG": 0,
      "KPM0": null
    },
    {
      "Name": "w1ggy",
      "Sco": 0,
      "KPM1": null,
      "Sold": 0,
      "KPM3": null,
      "Demo": 0,
      "KPM4": null,
      "Med": 0,
      "KPM5": null,
      "HwG": 0,
      "KPM6": null,
      "Pyro": 0,
      "KPM7": null,
      "Spy": 17.0,
      "KPM8": 2.0,
      "Eng": 0,
      "KPM9": null,
      "SG": 0,
      "KPM0": null
    }
  ],
  "ClassFragDefence": [
    {
      "Name": "4lgonadsandstrife",
      "Sco": 0,
      "KPM1": null,
      "Sold": 0,
      "KPM3": null,
      "Demo": 0,
      "KPM4": null,
      "Med": 0,
      "KPM5": null,
      "HwG": 0,
      "KPM6": null,
      "Pyro": 23.0,
      "KPM7": 2.7,
      "Spy": 0,
      "KPM8": null,
      "Eng": 0,
      "KPM9": null,
      "SG": 0,
      "KPM0": null
    },
    {
      "Name": "hue-wos",
      "Sco": 0,
      "KPM1": null,
      "Sold": 0,
      "KPM3": null,
      "Demo": 0,
      "KPM4": null,
      "Med": 0,
      "KPM5": null,
      "HwG": 0,
      "KPM6": null,
      "Pyro": 0,
      "KPM7": null,
      "Spy": 0,
      "KPM8": null,
      "Eng": 7.0,
      "KPM9": 0.82,
      "SG": 15.0,
      "KPM0": 1.76
    },
    {
      "Name": "justicewwg",
      "Sco": 0,
      "KPM1": null,
      "Sold": 0,
      "KPM3": null,
      "Demo": 24.0,
      "KPM4": 2.82,
      "Med": 0,
      "KPM5": null,
      "HwG": 0,
      "KPM6": null,
      "Pyro": 0,
      "KPM7": null,
      "Spy": 0,
      "KPM8": null,
      "Eng": 0,
      "KPM9": null,
      "SG": 0,
      "KPM0": null
    },
    {
      "Name": "welsherwwg",
      "Sco": 0,
      "KPM1": null,
      "Sold": 0,
      "KPM3": null,
      "Demo": 0,
      "KPM4": null,
      "Med": 0,
      "KPM5": null,
      "HwG": 30.0,
      "KPM6": 3.52,
      "Pyro": 0,
      "KPM7": null,
      "Spy": 0,
      "KPM8": null,
      "Eng": 0,
      "KPM9": null,
      "SG": 0,
      "KPM0": null
    },
    {
      "Name": "haunter",
      "Sco": 0,
      "KPM1": null,
      "Sold": 0,
      "KPM3": null,
      "Demo": 37.0,
      "KPM4": 3.7,
      "Med": 0,
      "KPM5": null,
      "HwG": 0,
      "KPM6": null,
      "Pyro": 0,
      "KPM7": null,
      "Spy": 0,
      "KPM8": null,
      "Eng": 0,
      "KPM9": null,
      "SG": 0,
      "KPM0": null
    },
    {
      "Name": "hulkaswwg",
      "Sco": 0,
      "KPM1": null,
      "Sold": 0,
      "KPM3": null,
      "Demo": 0,
      "KPM4": null,
      "Med": 0,
      "KPM5": null,
      "HwG": 12.0,
      "KPM6": 1.95,
      "Pyro": 10.0,
      "KPM7": 2.61,
      "Spy": 0,
      "KPM8": null,
      "Eng": 0,
      "KPM9": null,
      "SG": 0,
      "KPM0": null
    },
    {
      "Name": "scotty",
      "Sco": 0,
      "KPM1": null,
      "Sold": 22.0,
      "KPM3": 2.2,
      "Demo": 0,
      "KPM4": null,
      "Med": 0,
      "KPM5": null,
      "HwG": 0,
      "KPM6": null,
      "Pyro": 0,
      "KPM7": null,
      "Spy": 0,
      "KPM8": null,
      "Eng": 0,
      "KPM9": null,
      "SG": 0,
      "KPM0": null
    },
    {
      "Name": "w1ggy",
      "Sco": 0,
      "KPM1": null,
      "Sold": 0,
      "KPM3": null,
      "Demo": 0,
      "KPM4": null,
      "Med": 0,
      "KPM5": null,
      "HwG": 0,
      "KPM6": null,
      "Pyro": 0,
      "KPM7": null,
      "Spy": 0,
      "KPM8": null,
      "Eng": 17.0,
      "KPM9": 1.7,
      "SG": 12.0,
      "KPM0": 1.2
    }
  ],
  "ClassTimeAttack": [
    {
      "Name": "4lgonadsandstrife",
      "Sco": 0,
      "Sold": 0,
      "Demo": 0,
      "Med": 0,
      "HwG": 0,
      "Pyro": 600,
      "Spy": 0,
      "Eng": 0
    },
    {
      "Name": "hue-wos",
      "Sco": 26,
      "Sold": 0,
      "Demo": 0,
      "Med": 0,
      "HwG": 0,
      "Pyro": 0,
      "Spy": 574,
      "Eng": 0
    },
    {
      "Name": "justicewwg",
      "Sco": 0,
      "Sold": 0,
      "Demo": 0,
      "Med": 600,
      "HwG": 0,
      "Pyro": 0,
      "Spy": 0,
      "Eng": 0
    },
    {
      "Name": "welsherwwg",
      "Sco": 0,
      "Sold": 600,
      "Demo": 0,
      "Med": 0,
      "HwG": 0,
      "Pyro": 0,
      "Spy": 0,
      "Eng": 0
    },
    {
      "Name": "haunter",
      "Sco": 0,
      "Sold": 0,
      "Demo": 0,
      "Med": 511,
      "HwG": 0,
      "Pyro": 0,
      "Spy": 0,
      "Eng": 0
    },
    {
      "Name": "hulkaswwg",
      "Sco": 0,
      "Sold": 0,
      "Demo": 0,
      "Med": 0,
      "HwG": 0,
      "Pyro": 511,
      "Spy": 0,
      "Eng": 0
    },
    {
      "Name": "scotty",
      "Sco": 0,
      "Sold": 511,
      "Demo": 0,
      "Med": 0,
      "HwG": 0,
      "Pyro": 0,
      "Spy": 0,
      "Eng": 0
    },
    {
      "Name": "w1ggy",
      "Sco": 0,
      "Sold": 0,
      "Demo": 0,
      "Med": 0,
      "HwG": 0,
      "Pyro": 0,
      "Spy": 511,
      "Eng": 0
    }
  ],
  "ClassTimeDefence": [
    {
      "Name": "4lgonadsandstrife",
      "Sco": 0,
      "Sold": 0,
      "Demo": 0,
      "Med": 0,
      "HwG": 0,
      "Pyro": 511,
      "Spy": 0,
      "Eng": 0
    },
    {
      "Name": "hue-wos",
      "Sco": 0,
      "Sold": 0,
      "Demo": 0,
      "Med": 0,
      "HwG": 0,
      "Pyro": 0,
      "Spy": 0,
      "Eng": 511
    },
    {
      "Name": "justicewwg",
      "Sco": 0,
      "Sold": 0,
      "Demo": 511,
      "Med": 0,
      "HwG": 0,
      "Pyro": 0,
      "Spy": 0,
      "Eng": 0
    },
    {
      "Name": "welsherwwg",
      "Sco": 0,
      "Sold": 0,
      "Demo": 0,
      "Med": 0,
      "HwG": 511,
      "Pyro": 0,
      "Spy": 0,
      "Eng": 0
    },
    {
      "Name": "haunter",
      "Sco": 0,
      "Sold": 0,
      "Demo": 600,
      "Med": 0,
      "HwG": 0,
      "Pyro": 0,
      "Spy": 0,
      "Eng": 0
    },
    {
      "Name": "hulkaswwg",
      "Sco": 0,
      "Sold": 0,
      "Demo": 0,
      "Med": 0,
      "HwG": 370,
      "Pyro": 230,
      "Spy": 0,
      "Eng": 0
    },
    {
      "Name": "scotty",
      "Sco": 0,
      "Sold": 600,
      "Demo": 0,
      "Med": 0,
      "HwG": 0,
      "Pyro": 0,
      "Spy": 0,
      "Eng": 0
    },
    {
      "Name": "w1ggy",
      "Sco": 0,
      "Sold": 0,
      "Demo": 0,
      "Med": 0,
      "HwG": 0,
      "Pyro": 0,
      "Spy": 0,
      "Eng": 600
    }
  ]
}
