{
  "Matches": [
    {
      "Server": "virginia/staging",
      "Match": "2023-03-22-02-54-49_[ff-swoop]",
      "Winner": "Team2",
      "Rating": "7 %",
      "Score1": 20,
      "Team1": "4lgonadsandstrife,justicewwg,rspredator,t]shock",
      "Score2": 30,
      "Team2": "[t]chickenlord,4lbone,lorenzini.wwg,scottywwg"
    }
  ],
  "SummaryAttack": [
    {
      "Name": "4lgonadsandstrife",
      "KPM": 1.8,
      "KD": 0.58,
      "Kills": 18,
      "Death": 31,
      "TKill": 1,
      "Dmg": 3681.0,
      "DPM": 368.0,
      "FlagCap": 1.0,
      "FlagTake": 7.0,
      "FlagTime": "0:18",
      "FlagStop": 0,
      "Win": 0,
      "Draw": 0,
      "Loss": 1,
      "TimePlayed": "10:00",
      "Classes": "Sold 100 %"
    },
    {
      "Name": "justicewwg",
      "KPM": 0.5,
      "KD": 0.14,
      "Kills": 5,
      "Death": 36,
      "TKill": 3,
      "Dmg": 839.0,
      "DPM": 84.0,
      "FlagCap": 1,
      "FlagTake": 9.0,
      "FlagTime": "0:11",
      "FlagStop": 0,
      "Win": 0,
      "Draw": 0,
      "Loss": 1,
      "TimePlayed": "10:00",
      "Classes": "Spy  100 %"
    },
    {
      "Name": "rspredator",
      "KPM": 1.2,
      "KD": 0.32,
      "Kills": 12,
      "Death": 37,
      "TKill": 2,
      "Dmg": 3319.0,
      "DPM": 332.0,
      "FlagCap": 1,
      "FlagTake": 5.0,
      "FlagTime": "0:08",
      "FlagStop": 0,
      "Win": 0,
      "Draw": 0,
      "Loss": 1,
      "TimePlayed": "10:00",
      "Classes": "Pyro 54 %|Med  46 %"
    },
    {
      "Name": "t]shock",
      "KPM": 1.5,
      "KD": 0.52,
      "Kills": 15,
      "Death": 29,
      "TKill": 2,
      "Dmg": 3921.0,
      "DPM": 392.0,
      "FlagCap": 1.0,
      "FlagTake": 2.0,
      "FlagTime": "0:21",
      "FlagStop": 0,
      "Win": 0,
      "Draw": 0,
      "Loss": 1,
      "TimePlayed": "10:00",
      "Classes": "Med  53 %|Pyro 47 %"
    },
    {
      "Name": "[t]chickenlord",
      "KPM": 0.65,
      "KD": 0.25,
      "Kills": 6,
      "Death": 24,
      "TKill": 0,
      "Dmg": 1151.0,
      "DPM": 125.0,
      "FlagCap": 1,
      "FlagTake": 3.0,
      "FlagTime": "0:03",
      "FlagStop": 0,
      "Win": 1,
      "Draw": 0,
      "Loss": 0,
      "TimePlayed": "9:13",
      "Classes": "Spy  94 %|Sold 6 %"
    },
    {
      "Name": "4lbone",
      "KPM": 0.97,
      "KD": 0.29,
      "Kills": 9,
      "Death": 31,
      "TKill": 0,
      "Dmg": 2592.0,
      "DPM": 280.0,
      "FlagCap": 1,
      "FlagTake": 4.0,
      "FlagTime": "0:06",
      "FlagStop": 0,
      "Win": 1,
      "Draw": 0,
      "Loss": 0,
      "TimePlayed": "9:15",
      "Classes": "Pyro 100 %"
    },
    {
      "Name": "lorenzini.wwg",
      "KPM": 1.19,
      "KD": 0.44,
      "Kills": 11,
      "Death": 25,
      "TKill": 0,
      "Dmg": 2680.0,
      "DPM": 290.0,
      "FlagCap": 2.0,
      "FlagTake": 7.0,
      "FlagTime": "1:03",
      "FlagStop": 0,
      "Win": 1,
      "Draw": 0,
      "Loss": 0,
      "TimePlayed": "9:15",
      "Classes": "Med  100 %"
    },
    {
      "Name": "scottywwg",
      "KPM": 2.38,
      "KD": 0.73,
      "Kills": 22,
      "Death": 30,
      "TKill": 1,
      "Dmg": 5628.0,
      "DPM": 608.0,
      "FlagCap": 1.0,
      "FlagTake": 4.0,
      "FlagTime": "0:28",
      "FlagStop": 0,
      "Win": 1,
      "Draw": 0,
      "Loss": 0,
      "TimePlayed": "9:15",
      "Classes": "Sold 100 %"
    }
  ],
  "SummaryDefence": [
    {
      "Name": "4lgonadsandstrife",
      "KPM": 2.38,
      "KD": 1.47,
      "Kills": 22,
      "Death": 15,
      "TKill": 3,
      "Dmg": 3560.0,
      "DPM": 385.0,
      "FlagCap": 0,
      "FlagTake": 0,
      "FlagTime": 0,
      "FlagStop": 1,
      "Win": 0,
      "Draw": 0,
      "Loss": 1,
      "TimePlayed": "9:15",
      "Classes": "Eng  100 %"
    },
    {
      "Name": "justicewwg",
      "KPM": 3.89,
      "KD": 3.27,
      "Kills": 36,
      "Death": 11,
      "TKill": 12,
      "Dmg": 6098.0,
      "DPM": 659.0,
      "FlagCap": 0,
      "FlagTake": 0,
      "FlagTime": 0,
      "FlagStop": 1,
      "Win": 0,
      "Draw": 0,
      "Loss": 1,
      "TimePlayed": "9:15",
      "Classes": "Demo 100 %"
    },
    {
      "Name": "rspredator",
      "KPM": 3.68,
      "KD": 1.42,
      "Kills": 34,
      "Death": 24,
      "TKill": 4,
      "Dmg": 6221.0,
      "DPM": 673.0,
      "FlagCap": 0,
      "FlagTake": 0,
      "FlagTime": 0,
      "FlagStop": 1,
      "Win": 0,
      "Draw": 0,
      "Loss": 1,
      "TimePlayed": "9:15",
      "Classes": "HwG  100 %"
    },
    {
      "Name": "t]shock",
      "KPM": 1.3,
      "KD": 0.55,
      "Kills": 12,
      "Death": 22,
      "TKill": 4,
      "Dmg": 3635.0,
      "DPM": 393.0,
      "FlagCap": 0,
      "FlagTake": 0,
      "FlagTime": 0,
      "FlagStop": 1,
      "Win": 0,
      "Draw": 0,
      "Loss": 1,
      "TimePlayed": "9:15",
      "Classes": "Pyro 100 %"
    },
    {
      "Name": "[t]chickenlord",
      "KPM": 1.8,
      "KD": 1.29,
      "Kills": 18,
      "Death": 14,
      "TKill": 2,
      "Dmg": 3231.0,
      "DPM": 323.0,
      "FlagCap": 0,
      "FlagTake": 0,
      "FlagTime": 0,
      "FlagStop": 1,
      "Win": 1,
      "Draw": 0,
      "Loss": 0,
      "TimePlayed": "10:00",
      "Classes": "HwG  100 %"
    },
    {
      "Name": "4lbone",
      "KPM": 2.5,
      "KD": 1.79,
      "Kills": 25,
      "Death": 14,
      "TKill": 3,
      "Dmg": 4178.0,
      "DPM": 418.0,
      "FlagCap": 0,
      "FlagTake": 0,
      "FlagTime": 0,
      "FlagStop": 1.0,
      "Win": 1,
      "Draw": 0,
      "Loss": 0,
      "TimePlayed": "10:00",
      "Classes": "Eng  100 %"
    },
    {
      "Name": "lorenzini.wwg",
      "KPM": 3.2,
      "KD": 1.1,
      "Kills": 32,
      "Death": 29,
      "TKill": 2,
      "Dmg": 7093.0,
      "DPM": 709.0,
      "FlagCap": 0,
      "FlagTake": 0,
      "FlagTime": 0,
      "FlagStop": 1,
      "Win": 1,
      "Draw": 0,
      "Loss": 0,
      "TimePlayed": "10:00",
      "Classes": "Pyro 100 %"
    },
    {
      "Name": "scottywwg",
      "KPM": 3.4,
      "KD": 1.31,
      "Kills": 34,
      "Death": 26,
      "TKill": 14,
      "Dmg": 8869.0,
      "DPM": 887.0,
      "FlagCap": 0,
      "FlagTake": 0,
      "FlagTime": 0,
      "FlagStop": 1,
      "Win": 1,
      "Draw": 0,
      "Loss": 0,
      "TimePlayed": "10:00",
      "Classes": "Demo 100 %"
    }
  ],
  "ClassFragAttack": [
    {
      "Name": "4lgonadsandstrife",
      "Sco": 0,
      "KPM1": null,
      "Sold": 18.0,
      "KPM3": 1.8,
      "Demo": 0,
      "KPM4": null,
      "Med": 0,
      "KPM5": null,
      "HwG": 0,
      "KPM6": null,
      "Pyro": 0,
      "KPM7": null,
      "Spy": 0,
      "KPM8": null,
      "Eng": 0,
      "KPM9": null,
      "SG": 0,
      "KPM0": null
    },
    {
      "Name": "justicewwg",
      "Sco": 0,
      "KPM1": null,
      "Sold": 0,
      "KPM3": null,
      "Demo": 0,
      "KPM4": null,
      "Med": 0,
      "KPM5": null,
      "HwG": 0,
      "KPM6": null,
      "Pyro": 0,
      "KPM7": null,
      "Spy": 5.0,
      "KPM8": 0.5,
      "Eng": 0,
      "KPM9": null,
      "SG": 0,
      "KPM0": null
    },
    {
      "Name": "rspredator",
      "Sco": 0,
      "KPM1": null,
      "Sold": 0,
      "KPM3": null,
      "Demo": 0,
      "KPM4": null,
      "Med": 6.0,
      "KPM5": 1.31,
      "HwG": 0,
      "KPM6": null,
      "Pyro": 6.0,
      "KPM7": 1.1,
      "Spy": 0,
      "KPM8": null,
      "Eng": 0,
      "KPM9": null,
      "SG": 0,
      "KPM0": null
    },
    {
      "Name": "t]shock",
      "Sco": 0,
      "KPM1": null,
      "Sold": 0,
      "KPM3": null,
      "Demo": 0,
      "KPM4": null,
      "Med": 7.0,
      "KPM5": 1.33,
      "HwG": 0,
      "KPM6": null,
      "Pyro": 8.0,
      "KPM7": 1.68,
      "Spy": 0,
      "KPM8": null,
      "Eng": 0,
      "KPM9": null,
      "SG": 0,
      "KPM0": null
    },
    {
      "Name": "[t]chickenlord",
      "Sco": 0,
      "KPM1": null,
      "Sold": 0,
      "KPM3": null,
      "Demo": 0,
      "KPM4": null,
      "Med": 0,
      "KPM5": null,
      "HwG": 0,
      "KPM6": null,
      "Pyro": 0,
      "KPM7": null,
      "Spy": 6.0,
      "KPM8": 0.69,
      "Eng": 0,
      "KPM9": null,
      "SG": 0,
      "KPM0": null
    },
    {
      "Name": "4lbone",
      "Sco": 0,
      "KPM1": null,
      "Sold": 0,
      "KPM3": null,
      "Demo": 0,
      "KPM4": null,
      "Med": 0,
      "KPM5": null,
      "HwG": 0,
      "KPM6": null,
      "Pyro": 9.0,
      "KPM7": 0.97,
      "Spy": 0,
      "KPM8": null,
      "Eng": 0,
      "KPM9": null,
      "SG": 0,
      "KPM0": null
    },
    {
      "Name": "lorenzini.wwg",
      "Sco": 0,
      "KPM1": null,
      "Sold": 0,
      "KPM3": null,
      "Demo": 0,
      "KPM4": null,
      "Med": 11.0,
      "KPM5": 1.19,
      "HwG": 0,
      "KPM6": null,
      "Pyro": 0,
      "KPM7": null,
      "Spy": 0,
      "KPM8": null,
      "Eng": 0,
      "KPM9": null,
      "SG": 0,
      "KPM0": null
    },
    {
      "Name": "scottywwg",
      "Sco": 0,
      "KPM1": null,
      "Sold": 22.0,
      "KPM3": 2.38,
      "Demo": 0,
      "KPM4": null,
      "Med": 0,
      "KPM5": null,
      "HwG": 0,
      "KPM6": null,
      "Pyro": 0,
      "KPM7": null,
      "Spy": 0,
      "KPM8": null,
      "Eng": 0,
      "KPM9": null,
      "SG": 0,
      "KPM0": null
    }
  ],
  "ClassFragDefence": [
    {
      "Name": "4lgonadsandstrife",
      "Sco": 0,
      "KPM1": null,
      "Sold": 0,
      "KPM3": null,
      "Demo": 0,
      "KPM4": null,
      "Med": 0,
      "KPM5": null,
      "HwG": 0,
      "KPM6": null,
      "Pyro": 0,
      "KPM7": null,
      "Spy": 0,
      "KPM8": null,
      "Eng": 11.0,
      "KPM9": 1.19,
      "SG": 11.0,
      "KPM0": 1.19
    },
    {
      "Name": "justicewwg",
      "Sco": 0,
      "KPM1": null,
      "Sold": 0,
      "KPM3": null,
      "Demo": 36.0,
      "KPM4": 3.89,
      "Med": 0,
      "KPM5": null,
      "HwG": 0,
      "KPM6": null,
      "Pyro": 0,
      "KPM7": null,
      "Spy": 0,
      "KPM8": null,
      "Eng": 0,
      "KPM9": null,
      "SG": 0,
      "KPM0": null
    },
    {
      "Name": "rspredator",
      "Sco": 0,
      "KPM1": null,
      "Sold": 0,
      "KPM3": null,
      "Demo": 0,
      "KPM4": null,
      "Med": 0,
      "KPM5": null,
      "HwG": 34.0,
      "KPM6": 3.68,
      "Pyro": 0,
      "KPM7": null,
      "Spy": 0,
      "KPM8": null,
      "Eng": 0,
      "KPM9": null,
      "SG": 0,
      "KPM0": null
    },
    {
      "Name": "t]shock",
      "Sco": 0,
      "KPM1": null,
      "Sold": 0,
      "KPM3": null,
      "Demo": 0,
      "KPM4": null,
      "Med": 0,
      "KPM5": null,
      "HwG": 0,
      "KPM6": null,
      "Pyro": 12.0,
      "KPM7": 1.3,
      "Spy": 0,
      "KPM8": null,
      "Eng": 0,
      "KPM9": null,
      "SG": 0,
      "KPM0": null
    },
    {
      "Name": "[t]chickenlord",
      "Sco": 0,
      "KPM1": null,
      "Sold": 0,
      "KPM3": null,
      "Demo": 0,
      "KPM4": null,
      "Med": 0,
      "KPM5": null,
      "HwG": 18.0,
      "KPM6": 1.8,
      "Pyro": 0,
      "KPM7": null,
      "Spy": 0,
      "KPM8": null,
      "Eng": 0,
      "KPM9": null,
      "SG": 0,
      "KPM0": null
    },
    {
      "Name": "4lbone",
      "Sco": 0,
      "KPM1": null,
      "Sold": 0,
      "KPM3": null,
      "Demo": 0,
      "KPM4": null,
      "Med": 0,
      "KPM5": null,
      "HwG": 0,
      "KPM6": null,
      "Pyro": 0,
      "KPM7": null,
      "Spy": 0,
      "KPM8": null,
      "Eng": 15.0,
      "KPM9": 1.5,
      "SG": 10.0,
      "KPM0": 1.0
    },
    {
      "Name": "lorenzini.wwg",
      "Sco": 0,
      "KPM1": null,
      "Sold": 0,
      "KPM3": null,
      "Demo": 0,
      "KPM4": null,
      "Med": 0,
      "KPM5": null,
      "HwG": 0,
      "KPM6": null,
      "Pyro": 32.0,
      "KPM7": 3.2,
      "Spy": 0,
      "KPM8": null,
      "Eng": 0,
      "KPM9": null,
      "SG": 0,
      "KPM0": null
    },
    {
      "Name": "scottywwg",
      "Sco": 0,
      "KPM1": null,
      "Sold": 0,
      "KPM3": null,
      "Demo": 34.0,
      "KPM4": 3.4,
      "Med": 0,
      "KPM5": null,
      "HwG": 0,
      "KPM6": null,
      "Pyro": 0,
      "KPM7": null,
      "Spy": 0,
      "KPM8": null,
      "Eng": 0,
      "KPM9": null,
      "SG": 0,
      "KPM0": null
    }
  ],
  "ClassTimeAttack": [
    {
      "Name": "4lgonadsandstrife",
      "Sco": 0,
      "Sold": 600,
      "Demo": 0,
      "Med": 0,
      "HwG": 0,
      "Pyro": 0,
      "Spy": 0,
      "Eng": 0
    },
    {
      "Name": "justicewwg",
      "Sco": 0,
      "Sold": 0,
      "Demo": 0,
      "Med": 0,
      "HwG": 0,
      "Pyro": 0,
      "Spy": 600,
      "Eng": 0
    },
    {
      "Name": "rspredator",
      "Sco": 0,
      "Sold": 0,
      "Demo": 0,
      "Med": 274,
      "HwG": 0,
      "Pyro": 326,
      "Spy": 0,
      "Eng": 0
    },
    {
      "Name": "t]shock",
      "Sco": 0,
      "Sold": 0,
      "Demo": 0,
      "Med": 315,
      "HwG": 0,
      "Pyro": 285,
      "Spy": 0,
      "Eng": 0
    },
    {
      "Name": "[t]chickenlord",
      "Sco": 0,
      "Sold": 33,
      "Demo": 0,
      "Med": 0,
      "HwG": 0,
      "Pyro": 0,
      "Spy": 520,
      "Eng": 0
    },
    {
      "Name": "4lbone",
      "Sco": 0,
      "Sold": 0,
      "Demo": 0,
      "Med": 0,
      "HwG": 0,
      "Pyro": 555,
      "Spy": 0,
      "Eng": 0
    },
    {
      "Name": "lorenzini.wwg",
      "Sco": 0,
      "Sold": 0,
      "Demo": 0,
      "Med": 555,
      "HwG": 0,
      "Pyro": 0,
      "Spy": 0,
      "Eng": 0
    },
    {
      "Name": "scottywwg",
      "Sco": 0,
      "Sold": 555,
      "Demo": 0,
      "Med": 0,
      "HwG": 0,
      "Pyro": 0,
      "Spy": 0,
      "Eng": 0
    }
  ],
  "ClassTimeDefence": [
    {
      "Name": "4lgonadsandstrife",
      "Sco": 0,
      "Sold": 0,
      "Demo": 0,
      "Med": 0,
      "HwG": 0,
      "Pyro": 0,
      "Spy": 0,
      "Eng": 555
    },
    {
      "Name": "justicewwg",
      "Sco": 0,
      "Sold": 0,
      "Demo": 555,
      "Med": 0,
      "HwG": 0,
      "Pyro": 0,
      "Spy": 0,
      "Eng": 0
    },
    {
      "Name": "rspredator",
      "Sco": 0,
      "Sold": 0,
      "Demo": 0,
      "Med": 0,
      "HwG": 555,
      "Pyro": 0,
      "Spy": 0,
      "Eng": 0
    },
    {
      "Name": "t]shock",
      "Sco": 0,
      "Sold": 0,
      "Demo": 0,
      "Med": 0,
      "HwG": 0,
      "Pyro": 555,
      "Spy": 0,
      "Eng": 0
    },
    {
      "Name": "[t]chickenlord",
      "Sco": 0,
      "Sold": 0,
      "Demo": 0,
      "Med": 0,
      "HwG": 600,
      "Pyro": 0,
      "Spy": 0,
      "Eng": 0
    },
    {
      "Name": "4lbone",
      "Sco": 0,
      "Sold": 0,
      "Demo": 0,
      "Med": 0,
      "HwG": 0,
      "Pyro": 0,
      "Spy": 0,
      "Eng": 600
    },
    {
      "Name": "lorenzini.wwg",
      "Sco": 0,
      "Sold": 0,
      "Demo": 0,
      "Med": 0,
      "HwG": 0,
      "Pyro": 600,
      "Spy": 0,
      "Eng": 0
    },
    {
      "Name": "scottywwg",
      "Sco": 0,
      "Sold": 0,
      "Demo": 600,
      "Med": 0,
      "HwG": 0,
      "Pyro": 0,
      "Spy": 0,
      "Eng": 0
    }
  ]
}
