{
  "Matches": [
    {
      "Server": "virginia/staging",
      "Match": "2023-04-02-05-01-39_[xpress3]",
      "Winner": null,
      "Rating": "",
      "Score1": null,
      "Team1": "justicewwg,tulkaswwg",
      "Score2": null,
      "Team2": "scottywwg,welsherwwg"
    }
  ],
  "SummaryAttack": [
    {
      "Name": "justicewwg",
      "KPM": null,
      "KD": 0.0,
      "Kills": 0,
      "Death": 36,
      "TKill": 0,
      "Dmg": 672.0,
      "DPM": 80.0,
      "FlagCap": 5.0,
      "FlagTake": 24.0,
      "FlagTime": "1:39",
      "FlagStop": 0,
      "Win": 0,
      "Draw": 0,
      "Loss": 1,
      "TimePlayed": "8:26",
      "Classes": "Med  100 %"
    },
    {
      "Name": "tulkaswwg",
      "KPM": 0.95,
      "KD": 0.2,
      "Kills": 8,
      "Death": 40,
      "TKill": 1,
      "Dmg": 4041.0,
      "DPM": 482.0,
      "FlagCap": 4.0,
      "FlagTake": 22.0,
      "FlagTime": "1:09",
      "FlagStop": 0,
      "Win": 0,
      "Draw": 0,
      "Loss": 1,
      "TimePlayed": "8:23",
      "Classes": "Sold 100 %"
    }
  ],
  "SummaryDefence": [
    {
      "Name": "scottywwg",
      "KPM": 2.59,
      "KD": 0.81,
      "Kills": 22,
      "Death": 27,
      "TKill": 0,
      "Dmg": 5901.0,
      "DPM": 696.0,
      "FlagCap": 0,
      "FlagTake": 0,
      "FlagTime": 0,
      "FlagStop": 1,
      "Win": 0,
      "Draw": 0,
      "Loss": 1,
      "TimePlayed": "8:29",
      "Classes": "Sold 100 %"
    },
    {
      "Name": "welsherwwg",
      "KPM": 4.62,
      "KD": 2.71,
      "Kills": 38,
      "Death": 14,
      "TKill": 4,
      "Dmg": 6873.0,
      "DPM": 835.0,
      "FlagCap": 0,
      "FlagTake": 0,
      "FlagTime": 0,
      "FlagStop": 1,
      "Win": 0,
      "Draw": 0,
      "Loss": 1,
      "TimePlayed": "8:14",
      "Classes": "Demo 100 %"
    }
  ],
  "ClassFragAttack": {
    "Name": "tulkaswwg",
    "Sco": 0,
    "KPM1": null,
    "Sold": 8.0,
    "KPM3": 0.95,
    "Demo": 0,
    "KPM4": null,
    "Med": 0,
    "KPM5": null,
    "HwG": 0,
    "KPM6": null,
    "Pyro": 0,
    "KPM7": null,
    "Spy": 0,
    "KPM8": null,
    "Eng": 0,
    "KPM9": null,
    "SG": 0,
    "KPM0": null
  },
  "ClassFragDefence": [
    {
      "Name": "scottywwg",
      "Sco": 0,
      "KPM1": null,
      "Sold": 22.0,
      "KPM3": 2.59,
      "Demo": 0,
      "KPM4": null,
      "Med": 0,
      "KPM5": null,
      "HwG": 0,
      "KPM6": null,
      "Pyro": 0,
      "KPM7": null,
      "Spy": 0,
      "KPM8": null,
      "Eng": 0,
      "KPM9": null,
      "SG": 0,
      "KPM0": null
    },
    {
      "Name": "welsherwwg",
      "Sco": 0,
      "KPM1": null,
      "Sold": 0,
      "KPM3": null,
      "Demo": 38.0,
      "KPM4": 4.62,
      "Med": 0,
      "KPM5": null,
      "HwG": 0,
      "KPM6": null,
      "Pyro": 0,
      "KPM7": null,
      "Spy": 0,
      "KPM8": null,
      "Eng": 0,
      "KPM9": null,
      "SG": 0,
      "KPM0": null
    }
  ],
  "ClassTimeAttack": [
    {
      "Name": "justicewwg",
      "Sco": 0,
      "Sold": 0,
      "Demo": 0,
      "Med": 506,
      "HwG": 0,
      "Pyro": 0,
      "Spy": 0,
      "Eng": 0
    },
    {
      "Name": "tulkaswwg",
      "Sco": 0,
      "Sold": 503,
      "Demo": 0,
      "Med": 0,
      "HwG": 0,
      "Pyro": 0,
      "Spy": 0,
      "Eng": 0
    }
  ],
  "ClassTimeDefence": [
    {
      "Name": "scottywwg",
      "Sco": 0,
      "Sold": 509,
      "Demo": 0,
      "Med": 0,
      "HwG": 0,
      "Pyro": 0,
      "Spy": 0,
      "Eng": 0
    },
    {
      "Name": "welsherwwg",
      "Sco": 0,
      "Sold": 0,
      "Demo": 494,
      "Med": 0,
      "HwG": 0,
      "Pyro": 0,
      "Spy": 0,
      "Eng": 0
    }
  ]
}
