{
  "Matches": [
    {
      "Server": "virginia/staging",
      "Match": "2023-02-25-19-41-06_[tf2day_b2]",
      "Winner": "Team2",
      "Rating": "9 %",
      "Score1": 20,
      "Team1": "4lbone,4lgonadsandstrife,4lvid,l",
      "Score2": 30,
      "Team2": "haunter,hybridpanda,paincreator,sharky"
    }
  ],
  "SummaryAttack": [
    {
      "Name": "4lbone",
      "KPM": 0.8,
      "KD": 0.47,
      "Kills": 8,
      "Death": 17,
      "TKill": 0,
      "Dmg": 2393.0,
      "DPM": 239.0,
      "FlagCap": 1.0,
      "FlagTake": 6.0,
      "FlagTime": "0:45",
      "FlagStop": 0,
      "Win": 0,
      "Draw": 0,
      "Loss": 1,
      "TimePlayed": "10:00",
      "Classes": "Spy  100 %"
    },
    {
      "Name": "4lgonadsandstrife",
      "KPM": 2.7,
      "KD": 1.23,
      "Kills": 27,
      "Death": 22,
      "TKill": 0,
      "Dmg": 4899.0,
      "DPM": 490.0,
      "FlagCap": 1.0,
      "FlagTake": 2.0,
      "FlagTime": "0:38",
      "FlagStop": 0,
      "Win": 0,
      "Draw": 0,
      "Loss": 1,
      "TimePlayed": "10:00",
      "Classes": "Sold 100 %"
    },
    {
      "Name": "4lvid",
      "KPM": 2.3,
      "KD": 0.79,
      "Kills": 23,
      "Death": 29,
      "TKill": 1,
      "Dmg": 3896.0,
      "DPM": 390.0,
      "FlagCap": 1,
      "FlagTake": 10.0,
      "FlagTime": "0:25",
      "FlagStop": 0,
      "Win": 0,
      "Draw": 0,
      "Loss": 1,
      "TimePlayed": "10:00",
      "Classes": "Pyro 100 %"
    },
    {
      "Name": "l",
      "KPM": 0.9,
      "KD": 0.39,
      "Kills": 9,
      "Death": 23,
      "TKill": 0,
      "Dmg": 2305.0,
      "DPM": 230.0,
      "FlagCap": 1,
      "FlagTake": 6.0,
      "FlagTime": "0:13",
      "FlagStop": 0,
      "Win": 0,
      "Draw": 0,
      "Loss": 1,
      "TimePlayed": "10:00",
      "Classes": "Med  100 %"
    },
    {
      "Name": "haunter",
      "KPM": 2.73,
      "KD": 1.04,
      "Kills": 25,
      "Death": 24,
      "TKill": 2,
      "Dmg": 3648.0,
      "DPM": 399.0,
      "FlagCap": 2.0,
      "FlagTake": 10.0,
      "FlagTime": "0:45",
      "FlagStop": 0,
      "Win": 1,
      "Draw": 0,
      "Loss": 0,
      "TimePlayed": "9:09",
      "Classes": "Sold 100 %"
    },
    {
      "Name": "hybridpanda",
      "KPM": 0.66,
      "KD": 0.3,
      "Kills": 6,
      "Death": 20,
      "TKill": 3,
      "Dmg": 1193.0,
      "DPM": 130.0,
      "FlagCap": 1,
      "FlagTake": 2.0,
      "FlagTime": "0:14",
      "FlagStop": 0,
      "Win": 1,
      "Draw": 0,
      "Loss": 0,
      "TimePlayed": "9:09",
      "Classes": "Spy  68 %|Sco  32 %"
    },
    {
      "Name": "paincreator",
      "KPM": 1.86,
      "KD": 0.81,
      "Kills": 17,
      "Death": 21,
      "TKill": 0,
      "Dmg": 2921.0,
      "DPM": 319.0,
      "FlagCap": 1.0,
      "FlagTake": 5.0,
      "FlagTime": "0:52",
      "FlagStop": 0,
      "Win": 1,
      "Draw": 0,
      "Loss": 0,
      "TimePlayed": "9:09",
      "Classes": "Pyro 100 %"
    },
    {
      "Name": "sharky",
      "KPM": 0.98,
      "KD": 0.45,
      "Kills": 9,
      "Death": 20,
      "TKill": 0,
      "Dmg": 2854.0,
      "DPM": 312.0,
      "FlagCap": 1,
      "FlagTake": 2.0,
      "FlagTime": "0:08",
      "FlagStop": 0,
      "Win": 1,
      "Draw": 0,
      "Loss": 0,
      "TimePlayed": "9:09",
      "Classes": "Med  100 %"
    }
  ],
  "SummaryDefence": [
    {
      "Name": "4lbone",
      "KPM": 1.64,
      "KD": 1.67,
      "Kills": 15,
      "Death": 9,
      "TKill": 1,
      "Dmg": 2297.0,
      "DPM": 251.0,
      "FlagCap": 0,
      "FlagTake": 0,
      "FlagTime": 0,
      "FlagStop": 1.0,
      "Win": 0,
      "Draw": 0,
      "Loss": 1,
      "TimePlayed": "9:09",
      "Classes": "Demo 100 %"
    },
    {
      "Name": "4lgonadsandstrife",
      "KPM": 2.73,
      "KD": 1.14,
      "Kills": 25,
      "Death": 22,
      "TKill": 5,
      "Dmg": 6101.0,
      "DPM": 667.0,
      "FlagCap": 0,
      "FlagTake": 0,
      "FlagTime": 0,
      "FlagStop": 2.0,
      "Win": 0,
      "Draw": 0,
      "Loss": 1,
      "TimePlayed": "9:09",
      "Classes": "Sold 100 %"
    },
    {
      "Name": "4lvid",
      "KPM": 2.08,
      "KD": 0.9,
      "Kills": 19,
      "Death": 21,
      "TKill": 1,
      "Dmg": 4083.0,
      "DPM": 446.0,
      "FlagCap": 0,
      "FlagTake": 0,
      "FlagTime": 0,
      "FlagStop": 2.0,
      "Win": 0,
      "Draw": 0,
      "Loss": 1,
      "TimePlayed": "9:09",
      "Classes": "Eng  100 %"
    },
    {
      "Name": "l",
      "KPM": 1.75,
      "KD": 0.84,
      "Kills": 16,
      "Death": 19,
      "TKill": 6,
      "Dmg": 3931.0,
      "DPM": 430.0,
      "FlagCap": 0,
      "FlagTake": 0,
      "FlagTime": 0,
      "FlagStop": 1,
      "Win": 0,
      "Draw": 0,
      "Loss": 1,
      "TimePlayed": "9:09",
      "Classes": "Pyro 100 %"
    },
    {
      "Name": "haunter",
      "KPM": 2.5,
      "KD": 0.78,
      "Kills": 25,
      "Death": 32,
      "TKill": 3,
      "Dmg": 8145.0,
      "DPM": 814.0,
      "FlagCap": 0,
      "FlagTake": 0,
      "FlagTime": 0,
      "FlagStop": 2.0,
      "Win": 1,
      "Draw": 0,
      "Loss": 0,
      "TimePlayed": "10:00",
      "Classes": "Sold 100 %"
    },
    {
      "Name": "hybridpanda",
      "KPM": 2.0,
      "KD": 0.95,
      "Kills": 20,
      "Death": 21,
      "TKill": 4,
      "Dmg": 4545.0,
      "DPM": 454.0,
      "FlagCap": 0,
      "FlagTake": 0,
      "FlagTime": 0,
      "FlagStop": 1,
      "Win": 1,
      "Draw": 0,
      "Loss": 0,
      "TimePlayed": "10:00",
      "Classes": "Demo 100 %"
    },
    {
      "Name": "paincreator",
      "KPM": 2.1,
      "KD": 1.05,
      "Kills": 21,
      "Death": 20,
      "TKill": 6,
      "Dmg": 4514.0,
      "DPM": 451.0,
      "FlagCap": 0,
      "FlagTake": 0,
      "FlagTime": 0,
      "FlagStop": 2.0,
      "Win": 1,
      "Draw": 0,
      "Loss": 0,
      "TimePlayed": "10:00",
      "Classes": "Pyro 100 %"
    },
    {
      "Name": "sharky",
      "KPM": 2.0,
      "KD": 0.87,
      "Kills": 20,
      "Death": 23,
      "TKill": 3,
      "Dmg": 4893.0,
      "DPM": 489.0,
      "FlagCap": 0,
      "FlagTake": 0,
      "FlagTime": 0,
      "FlagStop": 3.0,
      "Win": 1,
      "Draw": 0,
      "Loss": 0,
      "TimePlayed": "10:00",
      "Classes": "Eng  100 %"
    }
  ],
  "ClassFragAttack": [
    {
      "Name": "4lbone",
      "Sco": 0,
      "KPM1": null,
      "Sold": 0,
      "KPM3": null,
      "Demo": 0,
      "KPM4": null,
      "Med": 0,
      "KPM5": null,
      "HwG": 0,
      "KPM6": null,
      "Pyro": 0,
      "KPM7": null,
      "Spy": 8.0,
      "KPM8": 0.8,
      "Eng": 0,
      "KPM9": null,
      "SG": 0,
      "KPM0": null
    },
    {
      "Name": "4lgonadsandstrife",
      "Sco": 0,
      "KPM1": null,
      "Sold": 27.0,
      "KPM3": 2.7,
      "Demo": 0,
      "KPM4": null,
      "Med": 0,
      "KPM5": null,
      "HwG": 0,
      "KPM6": null,
      "Pyro": 0,
      "KPM7": null,
      "Spy": 0,
      "KPM8": null,
      "Eng": 0,
      "KPM9": null,
      "SG": 0,
      "KPM0": null
    },
    {
      "Name": "4lvid",
      "Sco": 0,
      "KPM1": null,
      "Sold": 0,
      "KPM3": null,
      "Demo": 0,
      "KPM4": null,
      "Med": 0,
      "KPM5": null,
      "HwG": 0,
      "KPM6": null,
      "Pyro": 23.0,
      "KPM7": 2.3,
      "Spy": 0,
      "KPM8": null,
      "Eng": 0,
      "KPM9": null,
      "SG": 0,
      "KPM0": null
    },
    {
      "Name": "l",
      "Sco": 0,
      "KPM1": null,
      "Sold": 0,
      "KPM3": null,
      "Demo": 0,
      "KPM4": null,
      "Med": 9.0,
      "KPM5": 0.9,
      "HwG": 0,
      "KPM6": null,
      "Pyro": 0,
      "KPM7": null,
      "Spy": 0,
      "KPM8": null,
      "Eng": 0,
      "KPM9": null,
      "SG": 0,
      "KPM0": null
    },
    {
      "Name": "haunter",
      "Sco": 0,
      "KPM1": null,
      "Sold": 25.0,
      "KPM3": 2.73,
      "Demo": 0,
      "KPM4": null,
      "Med": 0,
      "KPM5": null,
      "HwG": 0,
      "KPM6": null,
      "Pyro": 0,
      "KPM7": null,
      "Spy": 0,
      "KPM8": null,
      "Eng": 0,
      "KPM9": null,
      "SG": 0,
      "KPM0": null
    },
    {
      "Name": "hybridpanda",
      "Sco": 1.0,
      "KPM1": 0.35,
      "Sold": 0,
      "KPM3": null,
      "Demo": 0,
      "KPM4": null,
      "Med": 0,
      "KPM5": null,
      "HwG": 0,
      "KPM6": null,
      "Pyro": 0,
      "KPM7": null,
      "Spy": 5.0,
      "KPM8": 0.8,
      "Eng": 0,
      "KPM9": null,
      "SG": 0,
      "KPM0": null
    },
    {
      "Name": "paincreator",
      "Sco": 0,
      "KPM1": null,
      "Sold": 0,
      "KPM3": null,
      "Demo": 0,
      "KPM4": null,
      "Med": 0,
      "KPM5": null,
      "HwG": 0,
      "KPM6": null,
      "Pyro": 17.0,
      "KPM7": 1.86,
      "Spy": 0,
      "KPM8": null,
      "Eng": 0,
      "KPM9": null,
      "SG": 0,
      "KPM0": null
    },
    {
      "Name": "sharky",
      "Sco": 0,
      "KPM1": null,
      "Sold": 0,
      "KPM3": null,
      "Demo": 0,
      "KPM4": null,
      "Med": 9.0,
      "KPM5": 0.98,
      "HwG": 0,
      "KPM6": null,
      "Pyro": 0,
      "KPM7": null,
      "Spy": 0,
      "KPM8": null,
      "Eng": 0,
      "KPM9": null,
      "SG": 0,
      "KPM0": null
    }
  ],
  "ClassFragDefence": [
    {
      "Name": "4lbone",
      "Sco": 0,
      "KPM1": null,
      "Sold": 0,
      "KPM3": null,
      "Demo": 15.0,
      "KPM4": 1.64,
      "Med": 0,
      "KPM5": null,
      "HwG": 0,
      "KPM6": null,
      "Pyro": 0,
      "KPM7": null,
      "Spy": 0,
      "KPM8": null,
      "Eng": 0,
      "KPM9": null,
      "SG": 0,
      "KPM0": null
    },
    {
      "Name": "4lgonadsandstrife",
      "Sco": 0,
      "KPM1": null,
      "Sold": 25.0,
      "KPM3": 2.73,
      "Demo": 0,
      "KPM4": null,
      "Med": 0,
      "KPM5": null,
      "HwG": 0,
      "KPM6": null,
      "Pyro": 0,
      "KPM7": null,
      "Spy": 0,
      "KPM8": null,
      "Eng": 0,
      "KPM9": null,
      "SG": 0,
      "KPM0": null
    },
    {
      "Name": "4lvid",
      "Sco": 0,
      "KPM1": null,
      "Sold": 0,
      "KPM3": null,
      "Demo": 0,
      "KPM4": null,
      "Med": 0,
      "KPM5": null,
      "HwG": 0,
      "KPM6": null,
      "Pyro": 0,
      "KPM7": null,
      "Spy": 0,
      "KPM8": null,
      "Eng": 8.0,
      "KPM9": 0.87,
      "SG": 11.0,
      "KPM0": 1.2
    },
    {
      "Name": "l",
      "Sco": 0,
      "KPM1": null,
      "Sold": 0,
      "KPM3": null,
      "Demo": 0,
      "KPM4": null,
      "Med": 0,
      "KPM5": null,
      "HwG": 0,
      "KPM6": null,
      "Pyro": 16.0,
      "KPM7": 1.75,
      "Spy": 0,
      "KPM8": null,
      "Eng": 0,
      "KPM9": null,
      "SG": 0,
      "KPM0": null
    },
    {
      "Name": "haunter",
      "Sco": 0,
      "KPM1": null,
      "Sold": 25.0,
      "KPM3": 2.5,
      "Demo": 0,
      "KPM4": null,
      "Med": 0,
      "KPM5": null,
      "HwG": 0,
      "KPM6": null,
      "Pyro": 0,
      "KPM7": null,
      "Spy": 0,
      "KPM8": null,
      "Eng": 0,
      "KPM9": null,
      "SG": 0,
      "KPM0": null
    },
    {
      "Name": "hybridpanda",
      "Sco": 0,
      "KPM1": null,
      "Sold": 0,
      "KPM3": null,
      "Demo": 20.0,
      "KPM4": 2.0,
      "Med": 0,
      "KPM5": null,
      "HwG": 0,
      "KPM6": null,
      "Pyro": 0,
      "KPM7": null,
      "Spy": 0,
      "KPM8": null,
      "Eng": 0,
      "KPM9": null,
      "SG": 0,
      "KPM0": null
    },
    {
      "Name": "paincreator",
      "Sco": 0,
      "KPM1": null,
      "Sold": 0,
      "KPM3": null,
      "Demo": 0,
      "KPM4": null,
      "Med": 0,
      "KPM5": null,
      "HwG": 0,
      "KPM6": null,
      "Pyro": 21.0,
      "KPM7": 2.1,
      "Spy": 0,
      "KPM8": null,
      "Eng": 0,
      "KPM9": null,
      "SG": 0,
      "KPM0": null
    },
    {
      "Name": "sharky",
      "Sco": 0,
      "KPM1": null,
      "Sold": 0,
      "KPM3": null,
      "Demo": 0,
      "KPM4": null,
      "Med": 0,
      "KPM5": null,
      "HwG": 0,
      "KPM6": null,
      "Pyro": 0,
      "KPM7": null,
      "Spy": 0,
      "KPM8": null,
      "Eng": 10.0,
      "KPM9": 1.0,
      "SG": 10.0,
      "KPM0": 1.0
    }
  ],
  "ClassTimeAttack": [
    {
      "Name": "4lbone",
      "Sco": 0,
      "Sold": 0,
      "Demo": 0,
      "Med": 0,
      "HwG": 0,
      "Pyro": 0,
      "Spy": 600,
      "Eng": 0
    },
    {
      "Name": "4lgonadsandstrife",
      "Sco": 0,
      "Sold": 600,
      "Demo": 0,
      "Med": 0,
      "HwG": 0,
      "Pyro": 0,
      "Spy": 0,
      "Eng": 0
    },
    {
      "Name": "4lvid",
      "Sco": 0,
      "Sold": 0,
      "Demo": 0,
      "Med": 0,
      "HwG": 0,
      "Pyro": 600,
      "Spy": 0,
      "Eng": 0
    },
    {
      "Name": "l",
      "Sco": 0,
      "Sold": 0,
      "Demo": 0,
      "Med": 600,
      "HwG": 0,
      "Pyro": 0,
      "Spy": 0,
      "Eng": 0
    },
    {
      "Name": "haunter",
      "Sco": 0,
      "Sold": 549,
      "Demo": 0,
      "Med": 0,
      "HwG": 0,
      "Pyro": 0,
      "Spy": 0,
      "Eng": 0
    },
    {
      "Name": "hybridpanda",
      "Sco": 173,
      "Sold": 0,
      "Demo": 0,
      "Med": 0,
      "HwG": 0,
      "Pyro": 0,
      "Spy": 376,
      "Eng": 0
    },
    {
      "Name": "paincreator",
      "Sco": 0,
      "Sold": 0,
      "Demo": 0,
      "Med": 0,
      "HwG": 0,
      "Pyro": 549,
      "Spy": 0,
      "Eng": 0
    },
    {
      "Name": "sharky",
      "Sco": 0,
      "Sold": 0,
      "Demo": 0,
      "Med": 549,
      "HwG": 0,
      "Pyro": 0,
      "Spy": 0,
      "Eng": 0
    }
  ],
  "ClassTimeDefence": [
    {
      "Name": "4lbone",
      "Sco": 0,
      "Sold": 0,
      "Demo": 549,
      "Med": 0,
      "HwG": 0,
      "Pyro": 0,
      "Spy": 0,
      "Eng": 0
    },
    {
      "Name": "4lgonadsandstrife",
      "Sco": 0,
      "Sold": 549,
      "Demo": 0,
      "Med": 0,
      "HwG": 0,
      "Pyro": 0,
      "Spy": 0,
      "Eng": 0
    },
    {
      "Name": "4lvid",
      "Sco": 0,
      "Sold": 0,
      "Demo": 0,
      "Med": 0,
      "HwG": 0,
      "Pyro": 0,
      "Spy": 0,
      "Eng": 549
    },
    {
      "Name": "l",
      "Sco": 0,
      "Sold": 0,
      "Demo": 0,
      "Med": 0,
      "HwG": 0,
      "Pyro": 549,
      "Spy": 0,
      "Eng": 0
    },
    {
      "Name": "haunter",
      "Sco": 0,
      "Sold": 600,
      "Demo": 0,
      "Med": 0,
      "HwG": 0,
      "Pyro": 0,
      "Spy": 0,
      "Eng": 0
    },
    {
      "Name": "hybridpanda",
      "Sco": 0,
      "Sold": 0,
      "Demo": 600,
      "Med": 0,
      "HwG": 0,
      "Pyro": 0,
      "Spy": 0,
      "Eng": 0
    },
    {
      "Name": "paincreator",
      "Sco": 0,
      "Sold": 0,
      "Demo": 0,
      "Med": 0,
      "HwG": 0,
      "Pyro": 600,
      "Spy": 0,
      "Eng": 0
    },
    {
      "Name": "sharky",
      "Sco": 0,
      "Sold": 0,
      "Demo": 0,
      "Med": 0,
      "HwG": 0,
      "Pyro": 0,
      "Spy": 0,
      "Eng": 600
    }
  ]
}
