{
  "Matches": [
    {
      "Server": "virginia/staging",
      "Match": "2023-02-28-02-50-04_[ff-swoop]",
      "Winner": null,
      "Rating": "",
      "Score1": null,
      "Team1": "wos!",
      "Score2": null,
      "Team2": ""
    }
  ],
  "SummaryAttack": [
    {
      "Name": "wos!",
      "KPM": null,
      "KD": 0.0,
      "Kills": 0,
      "Death": 1,
      "TKill": 0,
      "Dmg": 1,
      "DPM": 2.0,
      "FlagCap": 1,
      "FlagTake": 1,
      "FlagTime": "0:01",
      "FlagStop": 0,
      "Win": 0,
      "Draw": 0,
      "Loss": 1,
      "TimePlayed": "0:30",
      "Classes": "Sold 100 %"
    }
  ],
  "SummaryDefence": [],
  "ClassFragAttack": null,
  "ClassFragDefence": null,
  "ClassTimeAttack": {
    "Name": "wos!",
    "Sco": 0,
    "Sold": 30,
    "Demo": 0,
    "Med": 0,
    "HwG": 0,
    "Pyro": 0,
    "Spy": 0,
    "Eng": 0
  },
  "ClassTimeDefence": null
}
