{
  "Matches": [
    {
      "Server": "virginia/staging",
      "Match": "2023-01-20-03-31-07_[ff-schtop]",
      "Winner": "Team2",
      "Rating": "14%",
      "Score1": 50,
      "Team1": "b(..)b,gonadsandstrife,player,predator",
      "Score2": 60,
      "Team2": "haunter,hybridpanda,stmearth-2156,w1ggy"
    }
  ],
  "SummaryAttack": [
    {
      "Name": "b(..)b",
      "KPM": 1,
      "KD": 0.4,
      "Kills": 10,
      "Death": 25,
      "TKill": 1,
      "Dmg": 1889,
      "DPM": 189,
      "FlagCap": 1,
      "FlagTake": 6,
      "FlagTime": "0:28",
      "FlagStop": 0,
      "Win": 0,
      "Draw": 0,
      "Loss": 1,
      "TimePlayed": "10:00",
      "Classes": "Spy  100%"
    },
    {
      "Name": "gonadsandstrife",
      "KPM": 2.2,
      "KD": 0.88,
      "Kills": 22,
      "Death": 25,
      "TKill": 1,
      "Dmg": 5268,
      "DPM": 527,
      "FlagCap": 1,
      "FlagTake": 5,
      "FlagTime": "0:24",
      "FlagStop": 0,
      "Win": 0,
      "Draw": 0,
      "Loss": 1,
      "TimePlayed": "10:00",
      "Classes": "Sold 100%"
    },
    {
      "Name": "player",
      "KPM": 1.8,
      "KD": 0.56,
      "Kills": 18,
      "Death": 32,
      "TKill": 1,
      "Dmg": 3037,
      "DPM": 304,
      "FlagCap": 1,
      "FlagTake": 12,
      "FlagTime": "0:39",
      "FlagStop": 0,
      "Win": 0,
      "Draw": 0,
      "Loss": 1,
      "TimePlayed": "10:00",
      "Classes": "Med  100%"
    },
    {
      "Name": "predator",
      "KPM": 3.4,
      "KD": 1.1,
      "Kills": 34,
      "Death": 31,
      "TKill": 4,
      "Dmg": 6724,
      "DPM": 672,
      "FlagCap": 2,
      "FlagTake": 13,
      "FlagTime": "0:55",
      "FlagStop": 0,
      "Win": 0,
      "Draw": 0,
      "Loss": 1,
      "TimePlayed": "10:00",
      "Classes": "Demo 100%"
    },
    {
      "Name": "haunter",
      "KPM": 2.08,
      "KD": 0.78,
      "Kills": 18,
      "Death": 23,
      "TKill": 2,
      "Dmg": 3743,
      "DPM": 434,
      "FlagCap": 4,
      "FlagTake": 12,
      "FlagTime": "1:38",
      "FlagStop": 0,
      "Win": 1,
      "Draw": 0,
      "Loss": 0,
      "TimePlayed": "8:38",
      "Classes": "Sold 100%"
    },
    {
      "Name": "hybridpanda",
      "KPM": 2.66,
      "KD": 0.74,
      "Kills": 23,
      "Death": 31,
      "TKill": 0,
      "Dmg": 3364,
      "DPM": 390,
      "FlagCap": 1,
      "FlagTake": 3,
      "FlagTime": "0:06",
      "FlagStop": 0,
      "Win": 1,
      "Draw": 0,
      "Loss": 0,
      "TimePlayed": "8:38",
      "Classes": "Pyro 100%"
    },
    {
      "Name": "stmearth-2156",
      "KPM": 1.39,
      "KD": 0.46,
      "Kills": 12,
      "Death": 26,
      "TKill": 0,
      "Dmg": 2405,
      "DPM": 279,
      "FlagCap": 1,
      "FlagTake": 12,
      "FlagTime": "0:26",
      "FlagStop": 0,
      "Win": 1,
      "Draw": 0,
      "Loss": 0,
      "TimePlayed": "8:38",
      "Classes": "Med  100%"
    },
    {
      "Name": "w1ggy",
      "KPM": 1.04,
      "KD": 0.39,
      "Kills": 9,
      "Death": 23,
      "TKill": 1,
      "Dmg": 2639,
      "DPM": 306,
      "FlagCap": 1,
      "FlagTake": 9,
      "FlagTime": "0:37",
      "FlagStop": 0,
      "Win": 1,
      "Draw": 0,
      "Loss": 0,
      "TimePlayed": "8:38",
      "Classes": "Spy  100%"
    }
  ],
  "SummaryDefence": [
    {
      "Name": "b(..)b",
      "KPM": 3.01,
      "KD": 1.04,
      "Kills": 26,
      "Death": 25,
      "TKill": 4,
      "Dmg": 4759,
      "DPM": 551,
      "FlagCap": 0,
      "FlagTake": 0,
      "FlagTime": 0,
      "FlagStop": 1,
      "Win": 0,
      "Draw": 0,
      "Loss": 1,
      "TimePlayed": "8:38",
      "Classes": "Eng  100%"
    },
    {
      "Name": "gonadsandstrife",
      "KPM": 2.55,
      "KD": 1.57,
      "Kills": 22,
      "Death": 14,
      "TKill": 6,
      "Dmg": 3826,
      "DPM": 443,
      "FlagCap": 0,
      "FlagTake": 0,
      "FlagTime": 0,
      "FlagStop": 2,
      "Win": 0,
      "Draw": 0,
      "Loss": 1,
      "TimePlayed": "8:38",
      "Classes": "HwG  100%"
    },
    {
      "Name": "player",
      "KPM": 2.08,
      "KD": 0.75,
      "Kills": 18,
      "Death": 24,
      "TKill": 2,
      "Dmg": 4213,
      "DPM": 488,
      "FlagCap": 0,
      "FlagTake": 0,
      "FlagTime": 0,
      "FlagStop": 1,
      "Win": 0,
      "Draw": 0,
      "Loss": 1,
      "TimePlayed": "8:38",
      "Classes": "Sold 100%"
    },
    {
      "Name": "predator",
      "KPM": 3.01,
      "KD": 0.96,
      "Kills": 26,
      "Death": 27,
      "TKill": 12,
      "Dmg": 5869,
      "DPM": 680,
      "FlagCap": 0,
      "FlagTake": 0,
      "FlagTime": 0,
      "FlagStop": 6,
      "Win": 0,
      "Draw": 0,
      "Loss": 1,
      "TimePlayed": "8:38",
      "Classes": "Demo 100%"
    },
    {
      "Name": "haunter",
      "KPM": 2.6,
      "KD": 0.93,
      "Kills": 26,
      "Death": 28,
      "TKill": 15,
      "Dmg": 5553,
      "DPM": 555,
      "FlagCap": 0,
      "FlagTake": 0,
      "FlagTime": 0,
      "FlagStop": 2,
      "Win": 1,
      "Draw": 0,
      "Loss": 0,
      "TimePlayed": "10:00",
      "Classes": "Demo 100%"
    },
    {
      "Name": "hybridpanda",
      "KPM": 2.3,
      "KD": 0.88,
      "Kills": 23,
      "Death": 26,
      "TKill": 8,
      "Dmg": 5027,
      "DPM": 503,
      "FlagCap": 0,
      "FlagTake": 0,
      "FlagTime": 0,
      "FlagStop": 1,
      "Win": 1,
      "Draw": 0,
      "Loss": 0,
      "TimePlayed": "10:00",
      "Classes": "HwG  100%"
    },
    {
      "Name": "stmearth-2156",
      "KPM": 3.4,
      "KD": 0.94,
      "Kills": 34,
      "Death": 36,
      "TKill": 3,
      "Dmg": 7227,
      "DPM": 723,
      "FlagCap": 0,
      "FlagTake": 0,
      "FlagTime": 0,
      "FlagStop": 3,
      "Win": 1,
      "Draw": 0,
      "Loss": 0,
      "TimePlayed": "10:00",
      "Classes": "Pyro 100%"
    },
    {
      "Name": "w1ggy",
      "KPM": 1.5,
      "KD": 0.5,
      "Kills": 15,
      "Death": 30,
      "TKill": 4,
      "Dmg": 3881,
      "DPM": 388,
      "FlagCap": 0,
      "FlagTake": 0,
      "FlagTime": 0,
      "FlagStop": 1,
      "Win": 1,
      "Draw": 0,
      "Loss": 0,
      "TimePlayed": "10:00",
      "Classes": "Eng  100%"
    }
  ],
  "ClassFragAttack": [
    {
      "Name": "b(..)b",
      "Sco": 0,
      "KPM1": null,
      "Sold": 0,
      "KPM3": null,
      "Demo": 0,
      "KPM4": null,
      "Med": 0,
      "KPM5": null,
      "HwG": 0,
      "KPM6": null,
      "Pyro": 0,
      "KPM7": null,
      "Spy": 10,
      "KPM8": 1,
      "Eng": 0,
      "KPM9": null,
      "SG": 0,
      "KPM0": null
    },
    {
      "Name": "gonadsandstrife",
      "Sco": 0,
      "KPM1": null,
      "Sold": 22,
      "KPM3": 2.2,
      "Demo": 0,
      "KPM4": null,
      "Med": 0,
      "KPM5": null,
      "HwG": 0,
      "KPM6": null,
      "Pyro": 0,
      "KPM7": null,
      "Spy": 0,
      "KPM8": null,
      "Eng": 0,
      "KPM9": null,
      "SG": 0,
      "KPM0": null
    },
    {
      "Name": "player",
      "Sco": 0,
      "KPM1": null,
      "Sold": 0,
      "KPM3": null,
      "Demo": 0,
      "KPM4": null,
      "Med": 18,
      "KPM5": 1.8,
      "HwG": 0,
      "KPM6": null,
      "Pyro": 0,
      "KPM7": null,
      "Spy": 0,
      "KPM8": null,
      "Eng": 0,
      "KPM9": null,
      "SG": 0,
      "KPM0": null
    },
    {
      "Name": "predator",
      "Sco": 0,
      "KPM1": null,
      "Sold": 0,
      "KPM3": null,
      "Demo": 34,
      "KPM4": 3.4,
      "Med": 0,
      "KPM5": null,
      "HwG": 0,
      "KPM6": null,
      "Pyro": 0,
      "KPM7": null,
      "Spy": 0,
      "KPM8": null,
      "Eng": 0,
      "KPM9": null,
      "SG": 0,
      "KPM0": null
    },
    {
      "Name": "haunter",
      "Sco": 0,
      "KPM1": null,
      "Sold": 18,
      "KPM3": 2.08,
      "Demo": 0,
      "KPM4": null,
      "Med": 0,
      "KPM5": null,
      "HwG": 0,
      "KPM6": null,
      "Pyro": 0,
      "KPM7": null,
      "Spy": 0,
      "KPM8": null,
      "Eng": 0,
      "KPM9": null,
      "SG": 0,
      "KPM0": null
    },
    {
      "Name": "hybridpanda",
      "Sco": 0,
      "KPM1": null,
      "Sold": 0,
      "KPM3": null,
      "Demo": 0,
      "KPM4": null,
      "Med": 0,
      "KPM5": null,
      "HwG": 0,
      "KPM6": null,
      "Pyro": 23,
      "KPM7": 2.66,
      "Spy": 0,
      "KPM8": null,
      "Eng": 0,
      "KPM9": null,
      "SG": 0,
      "KPM0": null
    },
    {
      "Name": "stmearth-2156",
      "Sco": 0,
      "KPM1": null,
      "Sold": 0,
      "KPM3": null,
      "Demo": 0,
      "KPM4": null,
      "Med": 12,
      "KPM5": 1.39,
      "HwG": 0,
      "KPM6": null,
      "Pyro": 0,
      "KPM7": null,
      "Spy": 0,
      "KPM8": null,
      "Eng": 0,
      "KPM9": null,
      "SG": 0,
      "KPM0": null
    },
    {
      "Name": "w1ggy",
      "Sco": 0,
      "KPM1": null,
      "Sold": 0,
      "KPM3": null,
      "Demo": 0,
      "KPM4": null,
      "Med": 0,
      "KPM5": null,
      "HwG": 0,
      "KPM6": null,
      "Pyro": 0,
      "KPM7": null,
      "Spy": 9,
      "KPM8": 1.04,
      "Eng": 0,
      "KPM9": null,
      "SG": 0,
      "KPM0": null
    }
  ],
  "ClassFragDefence": [
    {
      "Name": "b(..)b",
      "Sco": 0,
      "KPM1": null,
      "Sold": 0,
      "KPM3": null,
      "Demo": 0,
      "KPM4": null,
      "Med": 0,
      "KPM5": null,
      "HwG": 0,
      "KPM6": null,
      "Pyro": 0,
      "KPM7": null,
      "Spy": 0,
      "KPM8": null,
      "Eng": 14,
      "KPM9": 1.62,
      "SG": 12,
      "KPM0": 1.39
    },
    {
      "Name": "gonadsandstrife",
      "Sco": 0,
      "KPM1": null,
      "Sold": 0,
      "KPM3": null,
      "Demo": 0,
      "KPM4": null,
      "Med": 0,
      "KPM5": null,
      "HwG": 22,
      "KPM6": 2.55,
      "Pyro": 0,
      "KPM7": null,
      "Spy": 0,
      "KPM8": null,
      "Eng": 0,
      "KPM9": null,
      "SG": 0,
      "KPM0": null
    },
    {
      "Name": "player",
      "Sco": 0,
      "KPM1": null,
      "Sold": 18,
      "KPM3": 2.08,
      "Demo": 0,
      "KPM4": null,
      "Med": 0,
      "KPM5": null,
      "HwG": 0,
      "KPM6": null,
      "Pyro": 0,
      "KPM7": null,
      "Spy": 0,
      "KPM8": null,
      "Eng": 0,
      "KPM9": null,
      "SG": 0,
      "KPM0": null
    },
    {
      "Name": "predator",
      "Sco": 0,
      "KPM1": null,
      "Sold": 0,
      "KPM3": null,
      "Demo": 26,
      "KPM4": 3.01,
      "Med": 0,
      "KPM5": null,
      "HwG": 0,
      "KPM6": null,
      "Pyro": 0,
      "KPM7": null,
      "Spy": 0,
      "KPM8": null,
      "Eng": 0,
      "KPM9": null,
      "SG": 0,
      "KPM0": null
    },
    {
      "Name": "haunter",
      "Sco": 0,
      "KPM1": null,
      "Sold": 0,
      "KPM3": null,
      "Demo": 26,
      "KPM4": 2.6,
      "Med": 0,
      "KPM5": null,
      "HwG": 0,
      "KPM6": null,
      "Pyro": 0,
      "KPM7": null,
      "Spy": 0,
      "KPM8": null,
      "Eng": 0,
      "KPM9": null,
      "SG": 0,
      "KPM0": null
    },
    {
      "Name": "hybridpanda",
      "Sco": 0,
      "KPM1": null,
      "Sold": 0,
      "KPM3": null,
      "Demo": 0,
      "KPM4": null,
      "Med": 0,
      "KPM5": null,
      "HwG": 23,
      "KPM6": 2.3,
      "Pyro": 0,
      "KPM7": null,
      "Spy": 0,
      "KPM8": null,
      "Eng": 0,
      "KPM9": null,
      "SG": 0,
      "KPM0": null
    },
    {
      "Name": "stmearth-2156",
      "Sco": 0,
      "KPM1": null,
      "Sold": 0,
      "KPM3": null,
      "Demo": 0,
      "KPM4": null,
      "Med": 0,
      "KPM5": null,
      "HwG": 0,
      "KPM6": null,
      "Pyro": 34,
      "KPM7": 3.4,
      "Spy": 0,
      "KPM8": null,
      "Eng": 0,
      "KPM9": null,
      "SG": 0,
      "KPM0": null
    },
    {
      "Name": "w1ggy",
      "Sco": 0,
      "KPM1": null,
      "Sold": 0,
      "KPM3": null,
      "Demo": 0,
      "KPM4": null,
      "Med": 0,
      "KPM5": null,
      "HwG": 0,
      "KPM6": null,
      "Pyro": 0,
      "KPM7": null,
      "Spy": 0,
      "KPM8": null,
      "Eng": 10,
      "KPM9": 1,
      "SG": 5,
      "KPM0": 0.5
    }
  ],
  "ClassTimeAttack": [
    {
      "Name": "b(..)b",
      "Sco": 0,
      "Sold": 0,
      "Demo": 0,
      "Med": 0,
      "HwG": 0,
      "Pyro": 0,
      "Spy": 600,
      "Eng": 0
    },
    {
      "Name": "gonadsandstrife",
      "Sco": 0,
      "Sold": 600,
      "Demo": 0,
      "Med": 0,
      "HwG": 0,
      "Pyro": 0,
      "Spy": 0,
      "Eng": 0
    },
    {
      "Name": "player",
      "Sco": 0,
      "Sold": 0,
      "Demo": 0,
      "Med": 600,
      "HwG": 0,
      "Pyro": 0,
      "Spy": 0,
      "Eng": 0
    },
    {
      "Name": "predator",
      "Sco": 0,
      "Sold": 0,
      "Demo": 600,
      "Med": 0,
      "HwG": 0,
      "Pyro": 0,
      "Spy": 0,
      "Eng": 0
    },
    {
      "Name": "haunter",
      "Sco": 0,
      "Sold": 518,
      "Demo": 0,
      "Med": 0,
      "HwG": 0,
      "Pyro": 0,
      "Spy": 0,
      "Eng": 0
    },
    {
      "Name": "hybridpanda",
      "Sco": 0,
      "Sold": 0,
      "Demo": 0,
      "Med": 0,
      "HwG": 0,
      "Pyro": 518,
      "Spy": 0,
      "Eng": 0
    },
    {
      "Name": "stmearth-2156",
      "Sco": 0,
      "Sold": 0,
      "Demo": 0,
      "Med": 518,
      "HwG": 0,
      "Pyro": 0,
      "Spy": 0,
      "Eng": 0
    },
    {
      "Name": "w1ggy",
      "Sco": 0,
      "Sold": 0,
      "Demo": 0,
      "Med": 0,
      "HwG": 0,
      "Pyro": 0,
      "Spy": 518,
      "Eng": 0
    }
  ],
  "ClassTimeDefence": [
    {
      "Name": "b(..)b",
      "Sco": 0,
      "Sold": 0,
      "Demo": 0,
      "Med": 0,
      "HwG": 0,
      "Pyro": 0,
      "Spy": 0,
      "Eng": 518
    },
    {
      "Name": "gonadsandstrife",
      "Sco": 0,
      "Sold": 0,
      "Demo": 0,
      "Med": 0,
      "HwG": 518,
      "Pyro": 0,
      "Spy": 0,
      "Eng": 0
    },
    {
      "Name": "player",
      "Sco": 0,
      "Sold": 518,
      "Demo": 0,
      "Med": 0,
      "HwG": 0,
      "Pyro": 0,
      "Spy": 0,
      "Eng": 0
    },
    {
      "Name": "predator",
      "Sco": 0,
      "Sold": 0,
      "Demo": 518,
      "Med": 0,
      "HwG": 0,
      "Pyro": 0,
      "Spy": 0,
      "Eng": 0
    },
    {
      "Name": "haunter",
      "Sco": 0,
      "Sold": 0,
      "Demo": 600,
      "Med": 0,
      "HwG": 0,
      "Pyro": 0,
      "Spy": 0,
      "Eng": 0
    },
    {
      "Name": "hybridpanda",
      "Sco": 0,
      "Sold": 0,
      "Demo": 0,
      "Med": 0,
      "HwG": 600,
      "Pyro": 0,
      "Spy": 0,
      "Eng": 0
    },
    {
      "Name": "stmearth-2156",
      "Sco": 0,
      "Sold": 0,
      "Demo": 0,
      "Med": 0,
      "HwG": 0,
      "Pyro": 600,
      "Spy": 0,
      "Eng": 0
    },
    {
      "Name": "w1ggy",
      "Sco": 0,
      "Sold": 0,
      "Demo": 0,
      "Med": 0,
      "HwG": 0,
      "Pyro": 0,
      "Spy": 0,
      "Eng": 600
    }
  ]
}
