{
  "Matches": [
    {
      "Server": "virginia/staging",
      "Match": "2023-07-07-20-07-11_[japanc]",
      "Winner": "Team2",
      "Rating": "6 %",
      "Score1": 130,
      "Team1": "eub4s1c.fi,euhaunter.pt,eupaincreator.pl,eusharky.de",
      "Score2": 140,
      "Team2": "bugattiwwg,justicewwg,tulkaswwg,welsherwwg"
    }
  ],
  "SummaryAttack": [
    {
      "Name": "eub4s1c.fi",
      "KPM": 2.0,
      "KD": 0.67,
      "Kills": 20,
      "Death": 30,
      "TKill": 3,
      "Dmg": 4247.0,
      "DPM": 425.0,
      "FlagCap": 3.0,
      "FlagTake": 12.0,
      "FlagTime": "0:42",
      "FlagStop": 0,
      "Win": 0,
      "Draw": 0,
      "Loss": 1,
      "TimePlayed": "10:00",
      "Classes": "Pyro 100 %"
    },
    {
      "Name": "euhaunter.pt",
      "KPM": 2.9,
      "KD": 0.88,
      "Kills": 29,
      "Death": 33,
      "TKill": 2,
      "Dmg": 7329.0,
      "DPM": 733.0,
      "FlagCap": 3.0,
      "FlagTake": 12.0,
      "FlagTime": "1:13",
      "FlagStop": 0,
      "Win": 0,
      "Draw": 0,
      "Loss": 1,
      "TimePlayed": "10:00",
      "Classes": "Sold 100 %"
    },
    {
      "Name": "eupaincreator.pl",
      "KPM": 0.4,
      "KD": 0.12,
      "Kills": 4,
      "Death": 33,
      "TKill": 2,
      "Dmg": 1589.0,
      "DPM": 159.0,
      "FlagCap": 2.0,
      "FlagTake": 15.0,
      "FlagTime": "0:47",
      "FlagStop": 0,
      "Win": 0,
      "Draw": 0,
      "Loss": 1,
      "TimePlayed": "10:00",
      "Classes": "Sco  72 %|Spy  28 %"
    },
    {
      "Name": "eusharky.de",
      "KPM": 1.2,
      "KD": 0.38,
      "Kills": 12,
      "Death": 32,
      "TKill": 0,
      "Dmg": 3550.0,
      "DPM": 355.0,
      "FlagCap": 5.0,
      "FlagTake": 18.0,
      "FlagTime": "1:56",
      "FlagStop": 0,
      "Win": 0,
      "Draw": 0,
      "Loss": 1,
      "TimePlayed": "10:00",
      "Classes": "Med  100 %"
    },
    {
      "Name": "bugattiwwg",
      "KPM": 0.64,
      "KD": 0.18,
      "Kills": 6,
      "Death": 33,
      "TKill": 0,
      "Dmg": 884.0,
      "DPM": 94.0,
      "FlagCap": 5.0,
      "FlagTake": 24.0,
      "FlagTime": "1:25",
      "FlagStop": 0,
      "Win": 1,
      "Draw": 0,
      "Loss": 0,
      "TimePlayed": "9:25",
      "Classes": "Med  100 %"
    },
    {
      "Name": "justicewwg",
      "KPM": 2.23,
      "KD": 0.81,
      "Kills": 21,
      "Death": 26,
      "TKill": 1,
      "Dmg": 3388.0,
      "DPM": 360.0,
      "FlagCap": 2.0,
      "FlagTake": 10.0,
      "FlagTime": "0:51",
      "FlagStop": 0,
      "Win": 1,
      "Draw": 0,
      "Loss": 0,
      "TimePlayed": "9:25",
      "Classes": "Spy  100 %"
    },
    {
      "Name": "tulkaswwg",
      "KPM": 1.59,
      "KD": 0.43,
      "Kills": 15,
      "Death": 35,
      "TKill": 2,
      "Dmg": 2958.0,
      "DPM": 314.0,
      "FlagCap": 3.0,
      "FlagTake": 13.0,
      "FlagTime": "0:50",
      "FlagStop": 0,
      "Win": 1,
      "Draw": 0,
      "Loss": 0,
      "TimePlayed": "9:25",
      "Classes": "Pyro 100 %"
    },
    {
      "Name": "welsherwwg",
      "KPM": 1.91,
      "KD": 0.58,
      "Kills": 18,
      "Death": 31,
      "TKill": 2,
      "Dmg": 2806.0,
      "DPM": 298.0,
      "FlagCap": 4.0,
      "FlagTake": 17.0,
      "FlagTime": "1:07",
      "FlagStop": 0,
      "Win": 1,
      "Draw": 0,
      "Loss": 0,
      "TimePlayed": "9:25",
      "Classes": "Sold 100 %"
    }
  ],
  "SummaryDefence": [
    {
      "Name": "eub4s1c.fi",
      "KPM": 0.85,
      "KD": 0.8,
      "Kills": 8,
      "Death": 10,
      "TKill": 5,
      "Dmg": 4264.0,
      "DPM": 453.0,
      "FlagCap": 0,
      "FlagTake": 0,
      "FlagTime": 0,
      "FlagStop": 1,
      "Win": 0,
      "Draw": 0,
      "Loss": 1,
      "TimePlayed": "9:25",
      "Classes": "HwG  100 %"
    },
    {
      "Name": "euhaunter.pt",
      "KPM": 5.31,
      "KD": 1.72,
      "Kills": 50,
      "Death": 29,
      "TKill": 19,
      "Dmg": 10076.0,
      "DPM": 1070.0,
      "FlagCap": 0,
      "FlagTake": 0,
      "FlagTime": 0,
      "FlagStop": 1,
      "Win": 0,
      "Draw": 0,
      "Loss": 1,
      "TimePlayed": "9:25",
      "Classes": "Demo 100 %"
    },
    {
      "Name": "eupaincreator.pl",
      "KPM": 1.91,
      "KD": 0.56,
      "Kills": 18,
      "Death": 32,
      "TKill": 4,
      "Dmg": 4879.0,
      "DPM": 518.0,
      "FlagCap": 0,
      "FlagTake": 0,
      "FlagTime": 0,
      "FlagStop": 1,
      "Win": 0,
      "Draw": 0,
      "Loss": 1,
      "TimePlayed": "9:25",
      "Classes": "Pyro 100 %"
    },
    {
      "Name": "eusharky.de",
      "KPM": 3.4,
      "KD": 1.03,
      "Kills": 32,
      "Death": 31,
      "TKill": 3,
      "Dmg": 6149.0,
      "DPM": 653.0,
      "FlagCap": 0,
      "FlagTake": 0,
      "FlagTime": 0,
      "FlagStop": 1,
      "Win": 0,
      "Draw": 0,
      "Loss": 1,
      "TimePlayed": "9:25",
      "Classes": "Eng  100 %"
    },
    {
      "Name": "bugattiwwg",
      "KPM": 2.8,
      "KD": 1.04,
      "Kills": 28,
      "Death": 27,
      "TKill": 5,
      "Dmg": 6204.0,
      "DPM": 620.0,
      "FlagCap": 0,
      "FlagTake": 0,
      "FlagTime": 0,
      "FlagStop": 1,
      "Win": 1,
      "Draw": 0,
      "Loss": 0,
      "TimePlayed": "10:00",
      "Classes": "Sold 100 %"
    },
    {
      "Name": "justicewwg",
      "KPM": 2.9,
      "KD": 0.94,
      "Kills": 29,
      "Death": 31,
      "TKill": 18,
      "Dmg": 8031.0,
      "DPM": 803.0,
      "FlagCap": 0,
      "FlagTake": 0,
      "FlagTime": 0,
      "FlagStop": 1,
      "Win": 1,
      "Draw": 0,
      "Loss": 0,
      "TimePlayed": "10:00",
      "Classes": "Demo 100 %"
    },
    {
      "Name": "tulkaswwg",
      "KPM": 2.6,
      "KD": 0.62,
      "Kills": 26,
      "Death": 42,
      "TKill": 5,
      "Dmg": 6773.0,
      "DPM": 677.0,
      "FlagCap": 0,
      "FlagTake": 0,
      "FlagTime": 0,
      "FlagStop": 1,
      "Win": 1,
      "Draw": 0,
      "Loss": 0,
      "TimePlayed": "10:00",
      "Classes": "Pyro 100 %"
    },
    {
      "Name": "welsherwwg",
      "KPM": 2.3,
      "KD": 0.88,
      "Kills": 23,
      "Death": 26,
      "TKill": 5,
      "Dmg": 5183.0,
      "DPM": 518.0,
      "FlagCap": 0,
      "FlagTake": 0,
      "FlagTime": 0,
      "FlagStop": 1,
      "Win": 1,
      "Draw": 0,
      "Loss": 0,
      "TimePlayed": "10:00",
      "Classes": "HwG  52 %|Eng  48 %"
    }
  ],
  "ClassFragAttack": [
    {
      "Name": "eub4s1c.fi",
      "Sco": 0,
      "KPM1": null,
      "Sold": 0,
      "KPM3": null,
      "Demo": 0,
      "KPM4": null,
      "Med": 0,
      "KPM5": null,
      "HwG": 0,
      "KPM6": null,
      "Pyro": 20.0,
      "KPM7": 2.0,
      "Spy": 0,
      "KPM8": null,
      "Eng": 0,
      "KPM9": null,
      "SG": 0,
      "KPM0": null
    },
    {
      "Name": "euhaunter.pt",
      "Sco": 0,
      "KPM1": null,
      "Sold": 29.0,
      "KPM3": 2.9,
      "Demo": 0,
      "KPM4": null,
      "Med": 0,
      "KPM5": null,
      "HwG": 0,
      "KPM6": null,
      "Pyro": 0,
      "KPM7": null,
      "Spy": 0,
      "KPM8": null,
      "Eng": 0,
      "KPM9": null,
      "SG": 0,
      "KPM0": null
    },
    {
      "Name": "eupaincreator.pl",
      "Sco": 1.0,
      "KPM1": 0.14,
      "Sold": 0,
      "KPM3": null,
      "Demo": 0,
      "KPM4": null,
      "Med": 0,
      "KPM5": null,
      "HwG": 0,
      "KPM6": null,
      "Pyro": 0,
      "KPM7": null,
      "Spy": 3.0,
      "KPM8": 1.06,
      "Eng": 0,
      "KPM9": null,
      "SG": 0,
      "KPM0": null
    },
    {
      "Name": "eusharky.de",
      "Sco": 0,
      "KPM1": null,
      "Sold": 0,
      "KPM3": null,
      "Demo": 0,
      "KPM4": null,
      "Med": 12.0,
      "KPM5": 1.2,
      "HwG": 0,
      "KPM6": null,
      "Pyro": 0,
      "KPM7": null,
      "Spy": 0,
      "KPM8": null,
      "Eng": 0,
      "KPM9": null,
      "SG": 0,
      "KPM0": null
    },
    {
      "Name": "bugattiwwg",
      "Sco": 0,
      "KPM1": null,
      "Sold": 0,
      "KPM3": null,
      "Demo": 0,
      "KPM4": null,
      "Med": 6.0,
      "KPM5": 0.64,
      "HwG": 0,
      "KPM6": null,
      "Pyro": 0,
      "KPM7": null,
      "Spy": 0,
      "KPM8": null,
      "Eng": 0,
      "KPM9": null,
      "SG": 0,
      "KPM0": null
    },
    {
      "Name": "justicewwg",
      "Sco": 0,
      "KPM1": null,
      "Sold": 0,
      "KPM3": null,
      "Demo": 0,
      "KPM4": null,
      "Med": 0,
      "KPM5": null,
      "HwG": 0,
      "KPM6": null,
      "Pyro": 0,
      "KPM7": null,
      "Spy": 21.0,
      "KPM8": 2.23,
      "Eng": 0,
      "KPM9": null,
      "SG": 0,
      "KPM0": null
    },
    {
      "Name": "tulkaswwg",
      "Sco": 0,
      "KPM1": null,
      "Sold": 0,
      "KPM3": null,
      "Demo": 0,
      "KPM4": null,
      "Med": 0,
      "KPM5": null,
      "HwG": 0,
      "KPM6": null,
      "Pyro": 15.0,
      "KPM7": 1.59,
      "Spy": 0,
      "KPM8": null,
      "Eng": 0,
      "KPM9": null,
      "SG": 0,
      "KPM0": null
    },
    {
      "Name": "welsherwwg",
      "Sco": 0,
      "KPM1": null,
      "Sold": 18.0,
      "KPM3": 1.91,
      "Demo": 0,
      "KPM4": null,
      "Med": 0,
      "KPM5": null,
      "HwG": 0,
      "KPM6": null,
      "Pyro": 0,
      "KPM7": null,
      "Spy": 0,
      "KPM8": null,
      "Eng": 0,
      "KPM9": null,
      "SG": 0,
      "KPM0": null
    }
  ],
  "ClassFragDefence": [
    {
      "Name": "eub4s1c.fi",
      "Sco": 0,
      "KPM1": null,
      "Sold": 0,
      "KPM3": null,
      "Demo": 0,
      "KPM4": null,
      "Med": 0,
      "KPM5": null,
      "HwG": 8.0,
      "KPM6": 0.85,
      "Pyro": 0,
      "KPM7": null,
      "Spy": 0,
      "KPM8": null,
      "Eng": 0,
      "KPM9": null,
      "SG": 0,
      "KPM0": null
    },
    {
      "Name": "euhaunter.pt",
      "Sco": 0,
      "KPM1": null,
      "Sold": 0,
      "KPM3": null,
      "Demo": 50.0,
      "KPM4": 5.31,
      "Med": 0,
      "KPM5": null,
      "HwG": 0,
      "KPM6": null,
      "Pyro": 0,
      "KPM7": null,
      "Spy": 0,
      "KPM8": null,
      "Eng": 0,
      "KPM9": null,
      "SG": 0,
      "KPM0": null
    },
    {
      "Name": "eupaincreator.pl",
      "Sco": 0,
      "KPM1": null,
      "Sold": 0,
      "KPM3": null,
      "Demo": 0,
      "KPM4": null,
      "Med": 0,
      "KPM5": null,
      "HwG": 0,
      "KPM6": null,
      "Pyro": 18.0,
      "KPM7": 1.91,
      "Spy": 0,
      "KPM8": null,
      "Eng": 0,
      "KPM9": null,
      "SG": 0,
      "KPM0": null
    },
    {
      "Name": "eusharky.de",
      "Sco": 0,
      "KPM1": null,
      "Sold": 0,
      "KPM3": null,
      "Demo": 0,
      "KPM4": null,
      "Med": 0,
      "KPM5": null,
      "HwG": 0,
      "KPM6": null,
      "Pyro": 0,
      "KPM7": null,
      "Spy": 0,
      "KPM8": null,
      "Eng": 22.0,
      "KPM9": 2.34,
      "SG": 10.0,
      "KPM0": 1.06
    },
    {
      "Name": "bugattiwwg",
      "Sco": 0,
      "KPM1": null,
      "Sold": 28.0,
      "KPM3": 2.8,
      "Demo": 0,
      "KPM4": null,
      "Med": 0,
      "KPM5": null,
      "HwG": 0,
      "KPM6": null,
      "Pyro": 0,
      "KPM7": null,
      "Spy": 0,
      "KPM8": null,
      "Eng": 0,
      "KPM9": null,
      "SG": 0,
      "KPM0": null
    },
    {
      "Name": "justicewwg",
      "Sco": 0,
      "KPM1": null,
      "Sold": 0,
      "KPM3": null,
      "Demo": 29.0,
      "KPM4": 2.9,
      "Med": 0,
      "KPM5": null,
      "HwG": 0,
      "KPM6": null,
      "Pyro": 0,
      "KPM7": null,
      "Spy": 0,
      "KPM8": null,
      "Eng": 0,
      "KPM9": null,
      "SG": 0,
      "KPM0": null
    },
    {
      "Name": "tulkaswwg",
      "Sco": 0,
      "KPM1": null,
      "Sold": 0,
      "KPM3": null,
      "Demo": 0,
      "KPM4": null,
      "Med": 0,
      "KPM5": null,
      "HwG": 0,
      "KPM6": null,
      "Pyro": 26.0,
      "KPM7": 2.6,
      "Spy": 0,
      "KPM8": null,
      "Eng": 0,
      "KPM9": null,
      "SG": 0,
      "KPM0": null
    },
    {
      "Name": "welsherwwg",
      "Sco": 0,
      "KPM1": null,
      "Sold": 0,
      "KPM3": null,
      "Demo": 0,
      "KPM4": null,
      "Med": 0,
      "KPM5": null,
      "HwG": 9.0,
      "KPM6": 1.74,
      "Pyro": 0,
      "KPM7": null,
      "Spy": 0,
      "KPM8": null,
      "Eng": 8.0,
      "KPM9": 1.66,
      "SG": 6.0,
      "KPM0": 1.25
    }
  ],
  "ClassTimeAttack": [
    {
      "Name": "eub4s1c.fi",
      "Sco": 0,
      "Sold": 0,
      "Demo": 0,
      "Med": 0,
      "HwG": 0,
      "Pyro": 600,
      "Spy": 0,
      "Eng": 0
    },
    {
      "Name": "euhaunter.pt",
      "Sco": 0,
      "Sold": 600,
      "Demo": 0,
      "Med": 0,
      "HwG": 0,
      "Pyro": 0,
      "Spy": 0,
      "Eng": 0
    },
    {
      "Name": "eupaincreator.pl",
      "Sco": 430,
      "Sold": 0,
      "Demo": 0,
      "Med": 0,
      "HwG": 0,
      "Pyro": 0,
      "Spy": 170,
      "Eng": 0
    },
    {
      "Name": "eusharky.de",
      "Sco": 0,
      "Sold": 0,
      "Demo": 0,
      "Med": 600,
      "HwG": 0,
      "Pyro": 0,
      "Spy": 0,
      "Eng": 0
    },
    {
      "Name": "bugattiwwg",
      "Sco": 0,
      "Sold": 0,
      "Demo": 0,
      "Med": 565,
      "HwG": 0,
      "Pyro": 0,
      "Spy": 0,
      "Eng": 0
    },
    {
      "Name": "justicewwg",
      "Sco": 0,
      "Sold": 0,
      "Demo": 0,
      "Med": 0,
      "HwG": 0,
      "Pyro": 0,
      "Spy": 565,
      "Eng": 0
    },
    {
      "Name": "tulkaswwg",
      "Sco": 0,
      "Sold": 0,
      "Demo": 0,
      "Med": 0,
      "HwG": 0,
      "Pyro": 565,
      "Spy": 0,
      "Eng": 0
    },
    {
      "Name": "welsherwwg",
      "Sco": 0,
      "Sold": 565,
      "Demo": 0,
      "Med": 0,
      "HwG": 0,
      "Pyro": 0,
      "Spy": 0,
      "Eng": 0
    }
  ],
  "ClassTimeDefence": [
    {
      "Name": "eub4s1c.fi",
      "Sco": 0,
      "Sold": 0,
      "Demo": 0,
      "Med": 0,
      "HwG": 565,
      "Pyro": 0,
      "Spy": 0,
      "Eng": 0
    },
    {
      "Name": "euhaunter.pt",
      "Sco": 0,
      "Sold": 0,
      "Demo": 565,
      "Med": 0,
      "HwG": 0,
      "Pyro": 0,
      "Spy": 0,
      "Eng": 0
    },
    {
      "Name": "eupaincreator.pl",
      "Sco": 0,
      "Sold": 0,
      "Demo": 0,
      "Med": 0,
      "HwG": 0,
      "Pyro": 565,
      "Spy": 0,
      "Eng": 0
    },
    {
      "Name": "eusharky.de",
      "Sco": 0,
      "Sold": 0,
      "Demo": 0,
      "Med": 0,
      "HwG": 0,
      "Pyro": 0,
      "Spy": 0,
      "Eng": 565
    },
    {
      "Name": "bugattiwwg",
      "Sco": 0,
      "Sold": 600,
      "Demo": 0,
      "Med": 0,
      "HwG": 0,
      "Pyro": 0,
      "Spy": 0,
      "Eng": 0
    },
    {
      "Name": "justicewwg",
      "Sco": 0,
      "Sold": 0,
      "Demo": 600,
      "Med": 0,
      "HwG": 0,
      "Pyro": 0,
      "Spy": 0,
      "Eng": 0
    },
    {
      "Name": "tulkaswwg",
      "Sco": 0,
      "Sold": 0,
      "Demo": 0,
      "Med": 0,
      "HwG": 0,
      "Pyro": 600,
      "Spy": 0,
      "Eng": 0
    },
    {
      "Name": "welsherwwg",
      "Sco": 0,
      "Sold": 0,
      "Demo": 0,
      "Med": 0,
      "HwG": 311,
      "Pyro": 0,
      "Spy": 0,
      "Eng": 289
    }
  ]
}
