{
  "Matches": [
    {
      "Server": "virginia/staging",
      "Match": "2023-01-20-02-59-20_[openfirer]",
      "Winner": "Team2",
      "Rating": "69%",
      "Score1": 30,
      "Team1": "ciabrice,hybridpanda,predator,wos!",
      "Score2": 40,
      "Team2": "b(..)b,haunter,tech,vid"
    }
  ],
  "SummaryAttack": [
    {
      "Name": "ciabrice",
      "KPM": 2.2,
      "KD": 0.71,
      "Kills": 22,
      "Death": 31,
      "TKill": 1,
      "Dmg": 4537,
      "DPM": 454,
      "FlagCap": 1,
      "FlagTake": 8,
      "FlagTime": "0:27",
      "FlagStop": 0,
      "Win": 0,
      "Draw": 0,
      "Loss": 1,
      "TimePlayed": "10:00",
      "Classes": "Pyro 100%"
    },
    {
      "Name": "hybridpanda",
      "KPM": 0.5,
      "KD": 0.15,
      "Kills": 5,
      "Death": 33,
      "TKill": 3,
      "Dmg": 1808,
      "DPM": 181,
      "FlagCap": 1,
      "FlagTake": 6,
      "FlagTime": "0:07",
      "FlagStop": 0,
      "Win": 0,
      "Draw": 0,
      "Loss": 1,
      "TimePlayed": "10:00",
      "Classes": "Spy  100%"
    },
    {
      "Name": "predator",
      "KPM": 1.2,
      "KD": 0.38,
      "Kills": 12,
      "Death": 32,
      "TKill": 1,
      "Dmg": 2570,
      "DPM": 257,
      "FlagCap": 1,
      "FlagTake": 10,
      "FlagTime": "0:39",
      "FlagStop": 0,
      "Win": 0,
      "Draw": 0,
      "Loss": 1,
      "TimePlayed": "10:00",
      "Classes": "Med  100%"
    },
    {
      "Name": "wos!",
      "KPM": 2.4,
      "KD": 0.73,
      "Kills": 24,
      "Death": 33,
      "TKill": 1,
      "Dmg": 4787,
      "DPM": 479,
      "FlagCap": 1,
      "FlagTake": 6,
      "FlagTime": "0:24",
      "FlagStop": 0,
      "Win": 0,
      "Draw": 0,
      "Loss": 1,
      "TimePlayed": "10:00",
      "Classes": "Sold 100%"
    },
    {
      "Name": "b(..)b",
      "KPM": 0.64,
      "KD": 0.29,
      "Kills": 2,
      "Death": 7,
      "TKill": 0,
      "Dmg": 390,
      "DPM": 125,
      "FlagCap": 2,
      "FlagTake": 2,
      "FlagTime": "0:36",
      "FlagStop": 0,
      "Win": 1,
      "Draw": 0,
      "Loss": 0,
      "TimePlayed": "3:07",
      "Classes": "Spy  100%"
    },
    {
      "Name": "haunter",
      "KPM": 3.21,
      "KD": 1.25,
      "Kills": 10,
      "Death": 8,
      "TKill": 0,
      "Dmg": 1912,
      "DPM": 613,
      "FlagCap": 1,
      "FlagTake": 4,
      "FlagTime": "0:30",
      "FlagStop": 0,
      "Win": 1,
      "Draw": 0,
      "Loss": 0,
      "TimePlayed": "3:07",
      "Classes": "Sold 100%"
    },
    {
      "Name": "tech",
      "KPM": 0.64,
      "KD": 0.22,
      "Kills": 2,
      "Death": 9,
      "TKill": 0,
      "Dmg": 617,
      "DPM": 198,
      "FlagCap": 1,
      "FlagTake": 2,
      "FlagTime": "0:02",
      "FlagStop": 0,
      "Win": 1,
      "Draw": 0,
      "Loss": 0,
      "TimePlayed": "3:07",
      "Classes": "Med  100%"
    },
    {
      "Name": "vid",
      "KPM": 2.57,
      "KD": 1,
      "Kills": 8,
      "Death": 8,
      "TKill": 0,
      "Dmg": 1896,
      "DPM": 608,
      "FlagCap": 1,
      "FlagTake": 2,
      "FlagTime": "0:14",
      "FlagStop": 0,
      "Win": 1,
      "Draw": 0,
      "Loss": 0,
      "TimePlayed": "3:07",
      "Classes": "Pyro 100%"
    }
  ],
  "SummaryDefence": [
    {
      "Name": "ciabrice",
      "KPM": 1.93,
      "KD": 0.86,
      "Kills": 6,
      "Death": 7,
      "TKill": 1,
      "Dmg": 1377,
      "DPM": 442,
      "FlagCap": 0,
      "FlagTake": 0,
      "FlagTime": 0,
      "FlagStop": 1,
      "Win": 0,
      "Draw": 0,
      "Loss": 1,
      "TimePlayed": "3:07",
      "Classes": "HwG  100%"
    },
    {
      "Name": "hybridpanda",
      "KPM": 1.6,
      "KD": 1.67,
      "Kills": 5,
      "Death": 3,
      "TKill": 1,
      "Dmg": 1001,
      "DPM": 321,
      "FlagCap": 0,
      "FlagTake": 0,
      "FlagTime": 0,
      "FlagStop": 1,
      "Win": 0,
      "Draw": 0,
      "Loss": 1,
      "TimePlayed": "3:07",
      "Classes": "Eng  100%"
    },
    {
      "Name": "predator",
      "KPM": 1.93,
      "KD": 0.67,
      "Kills": 6,
      "Death": 9,
      "TKill": 2,
      "Dmg": 1719,
      "DPM": 552,
      "FlagCap": 0,
      "FlagTake": 0,
      "FlagTime": 0,
      "FlagStop": 1,
      "Win": 0,
      "Draw": 0,
      "Loss": 1,
      "TimePlayed": "3:07",
      "Classes": "Sold 86%|HwG  14%"
    },
    {
      "Name": "wos!",
      "KPM": 3.67,
      "KD": 1,
      "Kills": 11,
      "Death": 11,
      "TKill": 2,
      "Dmg": 2181,
      "DPM": 727,
      "FlagCap": 0,
      "FlagTake": 0,
      "FlagTime": 0,
      "FlagStop": 4,
      "Win": 0,
      "Draw": 0,
      "Loss": 1,
      "TimePlayed": "3:00",
      "Classes": "Demo 100%"
    },
    {
      "Name": "b(..)b",
      "KPM": 3.5,
      "KD": 2.5,
      "Kills": 35,
      "Death": 14,
      "TKill": 1,
      "Dmg": 6291,
      "DPM": 629,
      "FlagCap": 0,
      "FlagTake": 0,
      "FlagTime": 0,
      "FlagStop": 1,
      "Win": 1,
      "Draw": 0,
      "Loss": 0,
      "TimePlayed": "10:00",
      "Classes": "HwG  100%"
    },
    {
      "Name": "haunter",
      "KPM": 3.2,
      "KD": 1.52,
      "Kills": 32,
      "Death": 21,
      "TKill": 9,
      "Dmg": 7143,
      "DPM": 714,
      "FlagCap": 0,
      "FlagTake": 0,
      "FlagTime": 0,
      "FlagStop": 2,
      "Win": 1,
      "Draw": 0,
      "Loss": 0,
      "TimePlayed": "10:00",
      "Classes": "Demo 100%"
    },
    {
      "Name": "tech",
      "KPM": 2.2,
      "KD": 1.05,
      "Kills": 22,
      "Death": 21,
      "TKill": 2,
      "Dmg": 5437,
      "DPM": 544,
      "FlagCap": 0,
      "FlagTake": 0,
      "FlagTime": 0,
      "FlagStop": 1,
      "Win": 1,
      "Draw": 0,
      "Loss": 0,
      "TimePlayed": "10:00",
      "Classes": "Sold 100%"
    },
    {
      "Name": "vid",
      "KPM": 1.9,
      "KD": 1.06,
      "Kills": 19,
      "Death": 18,
      "TKill": 0,
      "Dmg": 4317,
      "DPM": 432,
      "FlagCap": 0,
      "FlagTake": 0,
      "FlagTime": 0,
      "FlagStop": 1,
      "Win": 1,
      "Draw": 0,
      "Loss": 0,
      "TimePlayed": "10:00",
      "Classes": "Eng  100%"
    }
  ],
  "ClassFragAttack": [
    {
      "Name": "ciabrice",
      "Sco": 0,
      "KPM1": null,
      "Sold": 0,
      "KPM3": null,
      "Demo": 0,
      "KPM4": null,
      "Med": 0,
      "KPM5": null,
      "HwG": 0,
      "KPM6": null,
      "Pyro": 22,
      "KPM7": 2.2,
      "Spy": 0,
      "KPM8": null,
      "Eng": 0,
      "KPM9": null,
      "SG": 0,
      "KPM0": null
    },
    {
      "Name": "hybridpanda",
      "Sco": 0,
      "KPM1": null,
      "Sold": 0,
      "KPM3": null,
      "Demo": 0,
      "KPM4": null,
      "Med": 0,
      "KPM5": null,
      "HwG": 0,
      "KPM6": null,
      "Pyro": 0,
      "KPM7": null,
      "Spy": 5,
      "KPM8": 0.5,
      "Eng": 0,
      "KPM9": null,
      "SG": 0,
      "KPM0": null
    },
    {
      "Name": "predator",
      "Sco": 0,
      "KPM1": null,
      "Sold": 0,
      "KPM3": null,
      "Demo": 0,
      "KPM4": null,
      "Med": 12,
      "KPM5": 1.2,
      "HwG": 0,
      "KPM6": null,
      "Pyro": 0,
      "KPM7": null,
      "Spy": 0,
      "KPM8": null,
      "Eng": 0,
      "KPM9": null,
      "SG": 0,
      "KPM0": null
    },
    {
      "Name": "wos!",
      "Sco": 0,
      "KPM1": null,
      "Sold": 24,
      "KPM3": 2.4,
      "Demo": 0,
      "KPM4": null,
      "Med": 0,
      "KPM5": null,
      "HwG": 0,
      "KPM6": null,
      "Pyro": 0,
      "KPM7": null,
      "Spy": 0,
      "KPM8": null,
      "Eng": 0,
      "KPM9": null,
      "SG": 0,
      "KPM0": null
    },
    {
      "Name": "b(..)b",
      "Sco": 0,
      "KPM1": null,
      "Sold": 0,
      "KPM3": null,
      "Demo": 0,
      "KPM4": null,
      "Med": 0,
      "KPM5": null,
      "HwG": 0,
      "KPM6": null,
      "Pyro": 0,
      "KPM7": null,
      "Spy": 2,
      "KPM8": 0.64,
      "Eng": 0,
      "KPM9": null,
      "SG": 0,
      "KPM0": null
    },
    {
      "Name": "haunter",
      "Sco": 0,
      "KPM1": null,
      "Sold": 10,
      "KPM3": 3.21,
      "Demo": 0,
      "KPM4": null,
      "Med": 0,
      "KPM5": null,
      "HwG": 0,
      "KPM6": null,
      "Pyro": 0,
      "KPM7": null,
      "Spy": 0,
      "KPM8": null,
      "Eng": 0,
      "KPM9": null,
      "SG": 0,
      "KPM0": null
    },
    {
      "Name": "tech",
      "Sco": 0,
      "KPM1": null,
      "Sold": 0,
      "KPM3": null,
      "Demo": 0,
      "KPM4": null,
      "Med": 2,
      "KPM5": 0.64,
      "HwG": 0,
      "KPM6": null,
      "Pyro": 0,
      "KPM7": null,
      "Spy": 0,
      "KPM8": null,
      "Eng": 0,
      "KPM9": null,
      "SG": 0,
      "KPM0": null
    },
    {
      "Name": "vid",
      "Sco": 0,
      "KPM1": null,
      "Sold": 0,
      "KPM3": null,
      "Demo": 0,
      "KPM4": null,
      "Med": 0,
      "KPM5": null,
      "HwG": 0,
      "KPM6": null,
      "Pyro": 8,
      "KPM7": 2.57,
      "Spy": 0,
      "KPM8": null,
      "Eng": 0,
      "KPM9": null,
      "SG": 0,
      "KPM0": null
    }
  ],
  "ClassFragDefence": [
    {
      "Name": "ciabrice",
      "Sco": 0,
      "KPM1": null,
      "Sold": 0,
      "KPM3": null,
      "Demo": 0,
      "KPM4": null,
      "Med": 0,
      "KPM5": null,
      "HwG": 6,
      "KPM6": 1.93,
      "Pyro": 0,
      "KPM7": null,
      "Spy": 0,
      "KPM8": null,
      "Eng": 0,
      "KPM9": null,
      "SG": 0,
      "KPM0": null
    },
    {
      "Name": "hybridpanda",
      "Sco": 0,
      "KPM1": null,
      "Sold": 0,
      "KPM3": null,
      "Demo": 0,
      "KPM4": null,
      "Med": 0,
      "KPM5": null,
      "HwG": 0,
      "KPM6": null,
      "Pyro": 0,
      "KPM7": null,
      "Spy": 0,
      "KPM8": null,
      "Eng": 3,
      "KPM9": 0.96,
      "SG": 2,
      "KPM0": 0.64
    },
    {
      "Name": "predator",
      "Sco": 0,
      "KPM1": null,
      "Sold": 6,
      "KPM3": 2.24,
      "Demo": 0,
      "KPM4": null,
      "Med": 0,
      "KPM5": null,
      "HwG": 0,
      "KPM6": null,
      "Pyro": 0,
      "KPM7": null,
      "Spy": 0,
      "KPM8": null,
      "Eng": 0,
      "KPM9": null,
      "SG": 0,
      "KPM0": null
    },
    {
      "Name": "wos!",
      "Sco": 0,
      "KPM1": null,
      "Sold": 0,
      "KPM3": null,
      "Demo": 11,
      "KPM4": 3.67,
      "Med": 0,
      "KPM5": null,
      "HwG": 0,
      "KPM6": null,
      "Pyro": 0,
      "KPM7": null,
      "Spy": 0,
      "KPM8": null,
      "Eng": 0,
      "KPM9": null,
      "SG": 0,
      "KPM0": null
    },
    {
      "Name": "b(..)b",
      "Sco": 0,
      "KPM1": null,
      "Sold": 0,
      "KPM3": null,
      "Demo": 0,
      "KPM4": null,
      "Med": 0,
      "KPM5": null,
      "HwG": 35,
      "KPM6": 3.5,
      "Pyro": 0,
      "KPM7": null,
      "Spy": 0,
      "KPM8": null,
      "Eng": 0,
      "KPM9": null,
      "SG": 0,
      "KPM0": null
    },
    {
      "Name": "haunter",
      "Sco": 0,
      "KPM1": null,
      "Sold": 0,
      "KPM3": null,
      "Demo": 32,
      "KPM4": 3.2,
      "Med": 0,
      "KPM5": null,
      "HwG": 0,
      "KPM6": null,
      "Pyro": 0,
      "KPM7": null,
      "Spy": 0,
      "KPM8": null,
      "Eng": 0,
      "KPM9": null,
      "SG": 0,
      "KPM0": null
    },
    {
      "Name": "tech",
      "Sco": 0,
      "KPM1": null,
      "Sold": 22,
      "KPM3": 2.2,
      "Demo": 0,
      "KPM4": null,
      "Med": 0,
      "KPM5": null,
      "HwG": 0,
      "KPM6": null,
      "Pyro": 0,
      "KPM7": null,
      "Spy": 0,
      "KPM8": null,
      "Eng": 0,
      "KPM9": null,
      "SG": 0,
      "KPM0": null
    },
    {
      "Name": "vid",
      "Sco": 0,
      "KPM1": null,
      "Sold": 0,
      "KPM3": null,
      "Demo": 0,
      "KPM4": null,
      "Med": 0,
      "KPM5": null,
      "HwG": 0,
      "KPM6": null,
      "Pyro": 0,
      "KPM7": null,
      "Spy": 0,
      "KPM8": null,
      "Eng": 7,
      "KPM9": 0.7,
      "SG": 12,
      "KPM0": 1.2
    }
  ],
  "ClassTimeAttack": [
    {
      "Name": "ciabrice",
      "Sco": 0,
      "Sold": 0,
      "Demo": 0,
      "Med": 0,
      "HwG": 0,
      "Pyro": 600,
      "Spy": 0,
      "Eng": 0
    },
    {
      "Name": "hybridpanda",
      "Sco": 0,
      "Sold": 0,
      "Demo": 0,
      "Med": 0,
      "HwG": 0,
      "Pyro": 0,
      "Spy": 600,
      "Eng": 0
    },
    {
      "Name": "predator",
      "Sco": 0,
      "Sold": 0,
      "Demo": 0,
      "Med": 600,
      "HwG": 0,
      "Pyro": 0,
      "Spy": 0,
      "Eng": 0
    },
    {
      "Name": "wos!",
      "Sco": 0,
      "Sold": 600,
      "Demo": 0,
      "Med": 0,
      "HwG": 0,
      "Pyro": 0,
      "Spy": 0,
      "Eng": 0
    },
    {
      "Name": "b(..)b",
      "Sco": 0,
      "Sold": 0,
      "Demo": 0,
      "Med": 0,
      "HwG": 0,
      "Pyro": 0,
      "Spy": 187,
      "Eng": 0
    },
    {
      "Name": "haunter",
      "Sco": 0,
      "Sold": 187,
      "Demo": 0,
      "Med": 0,
      "HwG": 0,
      "Pyro": 0,
      "Spy": 0,
      "Eng": 0
    },
    {
      "Name": "tech",
      "Sco": 0,
      "Sold": 0,
      "Demo": 0,
      "Med": 187,
      "HwG": 0,
      "Pyro": 0,
      "Spy": 0,
      "Eng": 0
    },
    {
      "Name": "vid",
      "Sco": 0,
      "Sold": 0,
      "Demo": 0,
      "Med": 0,
      "HwG": 0,
      "Pyro": 187,
      "Spy": 0,
      "Eng": 0
    }
  ],
  "ClassTimeDefence": [
    {
      "Name": "ciabrice",
      "Sco": 0,
      "Sold": 0,
      "Demo": 0,
      "Med": 0,
      "HwG": 187,
      "Pyro": 0,
      "Spy": 0,
      "Eng": 0
    },
    {
      "Name": "hybridpanda",
      "Sco": 0,
      "Sold": 0,
      "Demo": 0,
      "Med": 0,
      "HwG": 0,
      "Pyro": 0,
      "Spy": 0,
      "Eng": 187
    },
    {
      "Name": "predator",
      "Sco": 0,
      "Sold": 161,
      "Demo": 0,
      "Med": 0,
      "HwG": 26,
      "Pyro": 0,
      "Spy": 0,
      "Eng": 0
    },
    {
      "Name": "wos!",
      "Sco": 0,
      "Sold": 0,
      "Demo": 180,
      "Med": 0,
      "HwG": 0,
      "Pyro": 0,
      "Spy": 0,
      "Eng": 0
    },
    {
      "Name": "b(..)b",
      "Sco": 0,
      "Sold": 0,
      "Demo": 0,
      "Med": 0,
      "HwG": 600,
      "Pyro": 0,
      "Spy": 0,
      "Eng": 0
    },
    {
      "Name": "haunter",
      "Sco": 0,
      "Sold": 0,
      "Demo": 600,
      "Med": 0,
      "HwG": 0,
      "Pyro": 0,
      "Spy": 0,
      "Eng": 0
    },
    {
      "Name": "tech",
      "Sco": 0,
      "Sold": 600,
      "Demo": 0,
      "Med": 0,
      "HwG": 0,
      "Pyro": 0,
      "Spy": 0,
      "Eng": 0
    },
    {
      "Name": "vid",
      "Sco": 0,
      "Sold": 0,
      "Demo": 0,
      "Med": 0,
      "HwG": 0,
      "Pyro": 0,
      "Spy": 0,
      "Eng": 600
    }
  ]
}
