{
  "Matches": [
    {
      "Server": "virginia/staging/",
      "Match": "2023-10-08-21-51-14_[openfirer]",
      "Winner": "Team2",
      "Rating": "23 %",
      "Score1": 50,
      "Team1": "Carp#478,newby#281,scottybugattiz#61,welsher#52",
      "Score2": 60,
      "Team2": "elsharko.tf#279,haunterpt#337,pecan#23,Predator#47"
    }
  ],
  "SummaryAttack": [
    {
      "Name": "Carp#478",
      "KPM": 2.0,
      "KD": 0.59,
      "Kills": 20,
      "Death": 34,
      "TKill": 0,
      "Dmg": 4718.0,
      "DPM": 472.0,
      "SGKills": 5.0,
      "SGDeath": 0,
      "FlagCap": 0,
      "FlagTake": 7.0,
      "FlagTime": "0:10",
      "FlagStop": 0,
      "Win": 0,
      "Draw": 0,
      "Loss": 1,
      "TimePlayed": "10:00",
      "Classes": "Sold 100 %"
    },
    {
      "Name": "newby#281",
      "KPM": 0.3,
      "KD": 0.09,
      "Kills": 3,
      "Death": 32,
      "TKill": 1,
      "Dmg": 1004.0,
      "DPM": 100.0,
      "SGKills": 3.0,
      "SGDeath": 0,
      "FlagCap": 2.0,
      "FlagTake": 13.0,
      "FlagTime": "0:36",
      "FlagStop": 0,
      "Win": 0,
      "Draw": 0,
      "Loss": 1,
      "TimePlayed": "10:00",
      "Classes": "Spy  100 %"
    },
    {
      "Name": "scottybugattiz#61",
      "KPM": 0.9,
      "KD": 0.27,
      "Kills": 9,
      "Death": 33,
      "TKill": 0,
      "Dmg": 2387.0,
      "DPM": 239.0,
      "SGKills": 0,
      "SGDeath": 0,
      "FlagCap": 3.0,
      "FlagTake": 14.0,
      "FlagTime": "0:56",
      "FlagStop": 0,
      "Win": 0,
      "Draw": 0,
      "Loss": 1,
      "TimePlayed": "10:00",
      "Classes": "Med  100 %"
    },
    {
      "Name": "welsher#52",
      "KPM": 2.7,
      "KD": 0.66,
      "Kills": 27,
      "Death": 41,
      "TKill": 2,
      "Dmg": 4023.0,
      "DPM": 402.0,
      "SGKills": 14.0,
      "SGDeath": 0,
      "FlagCap": 0,
      "FlagTake": 3.0,
      "FlagTime": "0:00",
      "FlagStop": 0,
      "Win": 0,
      "Draw": 0,
      "Loss": 1,
      "TimePlayed": "10:00",
      "Classes": "Pyro 100 %"
    },
    {
      "Name": "elsharko.tf#279",
      "KPM": 0.91,
      "KD": 0.27,
      "Kills": 7,
      "Death": 26,
      "TKill": 0,
      "Dmg": 1216.0,
      "DPM": 157.0,
      "SGKills": 2.0,
      "SGDeath": 0,
      "FlagCap": 2.0,
      "FlagTake": 12.0,
      "FlagTime": "0:39",
      "FlagStop": 0,
      "Win": 1,
      "Draw": 0,
      "Loss": 0,
      "TimePlayed": "7:44",
      "Classes": "Med  100 %"
    },
    {
      "Name": "haunterpt#337",
      "KPM": 3.23,
      "KD": 0.86,
      "Kills": 25,
      "Death": 29,
      "TKill": 2,
      "Dmg": 4587.0,
      "DPM": 593.0,
      "SGKills": 6.0,
      "SGDeath": 0,
      "FlagCap": 1.0,
      "FlagTake": 9.0,
      "FlagTime": "0:22",
      "FlagStop": 0,
      "Win": 1,
      "Draw": 0,
      "Loss": 0,
      "TimePlayed": "7:44",
      "Classes": "Pyro 100 %"
    },
    {
      "Name": "pecan#23",
      "KPM": 0.65,
      "KD": 0.22,
      "Kills": 5,
      "Death": 23,
      "TKill": 1,
      "Dmg": 1046.0,
      "DPM": 135.0,
      "SGKills": 1.0,
      "SGDeath": 0,
      "FlagCap": 3.0,
      "FlagTake": 15.0,
      "FlagTime": "0:46",
      "FlagStop": 0,
      "Win": 1,
      "Draw": 0,
      "Loss": 0,
      "TimePlayed": "7:44",
      "Classes": "Spy  100 %"
    },
    {
      "Name": "Predator#47",
      "KPM": 2.59,
      "KD": 0.67,
      "Kills": 20,
      "Death": 30,
      "TKill": 1,
      "Dmg": 3701.0,
      "DPM": 479.0,
      "SGKills": 4.0,
      "SGDeath": 0,
      "FlagCap": 0,
      "FlagTake": 9.0,
      "FlagTime": "0:10",
      "FlagStop": 0,
      "Win": 1,
      "Draw": 0,
      "Loss": 0,
      "TimePlayed": "7:44",
      "Classes": "Sold 100 %"
    }
  ],
  "SummaryDefence": [
    {
      "Name": "Carp#478",
      "KPM": 4.27,
      "KD": 2.06,
      "Kills": 33,
      "Death": 16,
      "TKill": 8,
      "Dmg": 5376.0,
      "DPM": 695.0,
      "SGKills": 0,
      "SGDeath": 0,
      "FlagCap": 0,
      "FlagTake": 0,
      "FlagTime": 0,
      "FlagStop": 14.0,
      "Win": 0,
      "Draw": 0,
      "Loss": 1,
      "TimePlayed": "7:44",
      "Classes": "Demo 100 %"
    },
    {
      "Name": "newby#281",
      "KPM": 3.49,
      "KD": 1.8,
      "Kills": 27,
      "Death": 15,
      "TKill": 10,
      "Dmg": 4667.0,
      "DPM": 603.0,
      "SGKills": 0,
      "SGDeath": 0,
      "FlagCap": 0,
      "FlagTake": 0,
      "FlagTime": 0,
      "FlagStop": 5.0,
      "Win": 0,
      "Draw": 0,
      "Loss": 1,
      "TimePlayed": "7:44",
      "Classes": "HwG  100 %"
    },
    {
      "Name": "scottybugattiz#61",
      "KPM": 2.33,
      "KD": 0.67,
      "Kills": 18,
      "Death": 27,
      "TKill": 3,
      "Dmg": 5175.0,
      "DPM": 669.0,
      "SGKills": 0,
      "SGDeath": 0,
      "FlagCap": 0,
      "FlagTake": 0,
      "FlagTime": 0,
      "FlagStop": 2.0,
      "Win": 0,
      "Draw": 0,
      "Loss": 1,
      "TimePlayed": "7:44",
      "Classes": "Pyro 100 %"
    },
    {
      "Name": "welsher#52",
      "KPM": 2.07,
      "KD": 0.89,
      "Kills": 16,
      "Death": 18,
      "TKill": 2,
      "Dmg": 5424.0,
      "DPM": 701.0,
      "SGKills": 0,
      "SGDeath": 13.0,
      "FlagCap": 0,
      "FlagTake": 0,
      "FlagTime": 0,
      "FlagStop": 1.0,
      "Win": 0,
      "Draw": 0,
      "Loss": 1,
      "TimePlayed": "7:44",
      "Classes": "Eng  100 %"
    },
    {
      "Name": "elsharko.tf#279",
      "KPM": 2.7,
      "KD": 1.59,
      "Kills": 27,
      "Death": 17,
      "TKill": 2,
      "Dmg": 5582.0,
      "DPM": 558.0,
      "SGKills": 0,
      "SGDeath": 22.0,
      "FlagCap": 0,
      "FlagTake": 0,
      "FlagTime": 0,
      "FlagStop": 0,
      "Win": 1,
      "Draw": 0,
      "Loss": 0,
      "TimePlayed": "10:00",
      "Classes": "Eng  100 %"
    },
    {
      "Name": "haunterpt#337",
      "KPM": 3.5,
      "KD": 1.3,
      "Kills": 35,
      "Death": 27,
      "TKill": 3,
      "Dmg": 6811.0,
      "DPM": 681.0,
      "SGKills": 0,
      "SGDeath": 0,
      "FlagCap": 0,
      "FlagTake": 0,
      "FlagTime": 0,
      "FlagStop": 3.0,
      "Win": 1,
      "Draw": 0,
      "Loss": 0,
      "TimePlayed": "10:00",
      "Classes": "Pyro 100 %"
    },
    {
      "Name": "pecan#23",
      "KPM": 3.3,
      "KD": 1.57,
      "Kills": 33,
      "Death": 21,
      "TKill": 13,
      "Dmg": 5763.0,
      "DPM": 576.0,
      "SGKills": 0,
      "SGDeath": 0,
      "FlagCap": 0,
      "FlagTake": 0,
      "FlagTime": 0,
      "FlagStop": 10.0,
      "Win": 1,
      "Draw": 0,
      "Loss": 0,
      "TimePlayed": "10:00",
      "Classes": "Demo 100 %"
    },
    {
      "Name": "Predator#47",
      "KPM": 3.4,
      "KD": 2.0,
      "Kills": 34,
      "Death": 17,
      "TKill": 8,
      "Dmg": 6633.0,
      "DPM": 663.0,
      "SGKills": 0,
      "SGDeath": 0,
      "FlagCap": 0,
      "FlagTake": 0,
      "FlagTime": 0,
      "FlagStop": 3.0,
      "Win": 1,
      "Draw": 0,
      "Loss": 0,
      "TimePlayed": "10:00",
      "Classes": "HwG  100 %"
    }
  ],
  "ClassFragAttack": [
    {
      "Name": "Carp#478",
      "Sco": 0,
      "KPM1": null,
      "Sold": 20.0,
      "KPM3": 2.0,
      "Demo": 0,
      "KPM4": null,
      "Med": 0,
      "KPM5": null,
      "HwG": 0,
      "KPM6": null,
      "Pyro": 0,
      "KPM7": null,
      "Spy": 0,
      "KPM8": null,
      "Eng": 0,
      "KPM9": null,
      "SG": 0,
      "KPM0": null
    },
    {
      "Name": "newby#281",
      "Sco": 0,
      "KPM1": null,
      "Sold": 0,
      "KPM3": null,
      "Demo": 0,
      "KPM4": null,
      "Med": 0,
      "KPM5": null,
      "HwG": 0,
      "KPM6": null,
      "Pyro": 0,
      "KPM7": null,
      "Spy": 3.0,
      "KPM8": 0.3,
      "Eng": 0,
      "KPM9": null,
      "SG": 0,
      "KPM0": null
    },
    {
      "Name": "scottybugattiz#61",
      "Sco": 0,
      "KPM1": null,
      "Sold": 0,
      "KPM3": null,
      "Demo": 0,
      "KPM4": null,
      "Med": 9.0,
      "KPM5": 0.9,
      "HwG": 0,
      "KPM6": null,
      "Pyro": 0,
      "KPM7": null,
      "Spy": 0,
      "KPM8": null,
      "Eng": 0,
      "KPM9": null,
      "SG": 0,
      "KPM0": null
    },
    {
      "Name": "welsher#52",
      "Sco": 0,
      "KPM1": null,
      "Sold": 0,
      "KPM3": null,
      "Demo": 0,
      "KPM4": null,
      "Med": 0,
      "KPM5": null,
      "HwG": 0,
      "KPM6": null,
      "Pyro": 27.0,
      "KPM7": 2.7,
      "Spy": 0,
      "KPM8": null,
      "Eng": 0,
      "KPM9": null,
      "SG": 0,
      "KPM0": null
    },
    {
      "Name": "elsharko.tf#279",
      "Sco": 0,
      "KPM1": null,
      "Sold": 0,
      "KPM3": null,
      "Demo": 0,
      "KPM4": null,
      "Med": 7.0,
      "KPM5": 0.91,
      "HwG": 0,
      "KPM6": null,
      "Pyro": 0,
      "KPM7": null,
      "Spy": 0,
      "KPM8": null,
      "Eng": 0,
      "KPM9": null,
      "SG": 0,
      "KPM0": null
    },
    {
      "Name": "haunterpt#337",
      "Sco": 0,
      "KPM1": null,
      "Sold": 0,
      "KPM3": null,
      "Demo": 0,
      "KPM4": null,
      "Med": 0,
      "KPM5": null,
      "HwG": 0,
      "KPM6": null,
      "Pyro": 25.0,
      "KPM7": 3.23,
      "Spy": 0,
      "KPM8": null,
      "Eng": 0,
      "KPM9": null,
      "SG": 0,
      "KPM0": null
    },
    {
      "Name": "pecan#23",
      "Sco": 0,
      "KPM1": null,
      "Sold": 0,
      "KPM3": null,
      "Demo": 0,
      "KPM4": null,
      "Med": 0,
      "KPM5": null,
      "HwG": 0,
      "KPM6": null,
      "Pyro": 0,
      "KPM7": null,
      "Spy": 5.0,
      "KPM8": 0.65,
      "Eng": 0,
      "KPM9": null,
      "SG": 0,
      "KPM0": null
    },
    {
      "Name": "Predator#47",
      "Sco": 0,
      "KPM1": null,
      "Sold": 20.0,
      "KPM3": 2.59,
      "Demo": 0,
      "KPM4": null,
      "Med": 0,
      "KPM5": null,
      "HwG": 0,
      "KPM6": null,
      "Pyro": 0,
      "KPM7": null,
      "Spy": 0,
      "KPM8": null,
      "Eng": 0,
      "KPM9": null,
      "SG": 0,
      "KPM0": null
    }
  ],
  "ClassFragDefence": [
    {
      "Name": "Carp#478",
      "Sco": 0,
      "KPM1": null,
      "Sold": 0,
      "KPM3": null,
      "Demo": 33.0,
      "KPM4": 4.27,
      "Med": 0,
      "KPM5": null,
      "HwG": 0,
      "KPM6": null,
      "Pyro": 0,
      "KPM7": null,
      "Spy": 0,
      "KPM8": null,
      "Eng": 0,
      "KPM9": null,
      "SG": 0,
      "KPM0": null
    },
    {
      "Name": "newby#281",
      "Sco": 0,
      "KPM1": null,
      "Sold": 0,
      "KPM3": null,
      "Demo": 0,
      "KPM4": null,
      "Med": 0,
      "KPM5": null,
      "HwG": 27.0,
      "KPM6": 3.49,
      "Pyro": 0,
      "KPM7": null,
      "Spy": 0,
      "KPM8": null,
      "Eng": 0,
      "KPM9": null,
      "SG": 0,
      "KPM0": null
    },
    {
      "Name": "scottybugattiz#61",
      "Sco": 0,
      "KPM1": null,
      "Sold": 0,
      "KPM3": null,
      "Demo": 0,
      "KPM4": null,
      "Med": 0,
      "KPM5": null,
      "HwG": 0,
      "KPM6": null,
      "Pyro": 18.0,
      "KPM7": 2.33,
      "Spy": 0,
      "KPM8": null,
      "Eng": 0,
      "KPM9": null,
      "SG": 0,
      "KPM0": null
    },
    {
      "Name": "welsher#52",
      "Sco": 0,
      "KPM1": null,
      "Sold": 0,
      "KPM3": null,
      "Demo": 0,
      "KPM4": null,
      "Med": 0,
      "KPM5": null,
      "HwG": 0,
      "KPM6": null,
      "Pyro": 0,
      "KPM7": null,
      "Spy": 0,
      "KPM8": null,
      "Eng": 8.0,
      "KPM9": 1.03,
      "SG": 8.0,
      "KPM0": 1.03
    },
    {
      "Name": "elsharko.tf#279",
      "Sco": 0,
      "KPM1": null,
      "Sold": 0,
      "KPM3": null,
      "Demo": 0,
      "KPM4": null,
      "Med": 0,
      "KPM5": null,
      "HwG": 0,
      "KPM6": null,
      "Pyro": 0,
      "KPM7": null,
      "Spy": 0,
      "KPM8": null,
      "Eng": 14.0,
      "KPM9": 1.4,
      "SG": 13.0,
      "KPM0": 1.3
    },
    {
      "Name": "haunterpt#337",
      "Sco": 0,
      "KPM1": null,
      "Sold": 0,
      "KPM3": null,
      "Demo": 0,
      "KPM4": null,
      "Med": 0,
      "KPM5": null,
      "HwG": 0,
      "KPM6": null,
      "Pyro": 35.0,
      "KPM7": 3.5,
      "Spy": 0,
      "KPM8": null,
      "Eng": 0,
      "KPM9": null,
      "SG": 0,
      "KPM0": null
    },
    {
      "Name": "pecan#23",
      "Sco": 0,
      "KPM1": null,
      "Sold": 0,
      "KPM3": null,
      "Demo": 33.0,
      "KPM4": 3.3,
      "Med": 0,
      "KPM5": null,
      "HwG": 0,
      "KPM6": null,
      "Pyro": 0,
      "KPM7": null,
      "Spy": 0,
      "KPM8": null,
      "Eng": 0,
      "KPM9": null,
      "SG": 0,
      "KPM0": null
    },
    {
      "Name": "Predator#47",
      "Sco": 0,
      "KPM1": null,
      "Sold": 0,
      "KPM3": null,
      "Demo": 0,
      "KPM4": null,
      "Med": 0,
      "KPM5": null,
      "HwG": 34.0,
      "KPM6": 3.4,
      "Pyro": 0,
      "KPM7": null,
      "Spy": 0,
      "KPM8": null,
      "Eng": 0,
      "KPM9": null,
      "SG": 0,
      "KPM0": null
    }
  ],
  "ClassTimeAttack": [
    {
      "Name": "Carp#478",
      "Sco": 0,
      "Sold": 600,
      "Demo": 0,
      "Med": 0,
      "HwG": 0,
      "Pyro": 0,
      "Spy": 0,
      "Eng": 0
    },
    {
      "Name": "newby#281",
      "Sco": 0,
      "Sold": 0,
      "Demo": 0,
      "Med": 0,
      "HwG": 0,
      "Pyro": 0,
      "Spy": 600,
      "Eng": 0
    },
    {
      "Name": "scottybugattiz#61",
      "Sco": 0,
      "Sold": 0,
      "Demo": 0,
      "Med": 600,
      "HwG": 0,
      "Pyro": 0,
      "Spy": 0,
      "Eng": 0
    },
    {
      "Name": "welsher#52",
      "Sco": 0,
      "Sold": 0,
      "Demo": 0,
      "Med": 0,
      "HwG": 0,
      "Pyro": 600,
      "Spy": 0,
      "Eng": 0
    },
    {
      "Name": "elsharko.tf#279",
      "Sco": 0,
      "Sold": 0,
      "Demo": 0,
      "Med": 464,
      "HwG": 0,
      "Pyro": 0,
      "Spy": 0,
      "Eng": 0
    },
    {
      "Name": "haunterpt#337",
      "Sco": 0,
      "Sold": 0,
      "Demo": 0,
      "Med": 0,
      "HwG": 0,
      "Pyro": 464,
      "Spy": 0,
      "Eng": 0
    },
    {
      "Name": "pecan#23",
      "Sco": 0,
      "Sold": 0,
      "Demo": 0,
      "Med": 0,
      "HwG": 0,
      "Pyro": 0,
      "Spy": 464,
      "Eng": 0
    },
    {
      "Name": "Predator#47",
      "Sco": 0,
      "Sold": 464,
      "Demo": 0,
      "Med": 0,
      "HwG": 0,
      "Pyro": 0,
      "Spy": 0,
      "Eng": 0
    }
  ],
  "ClassTimeDefence": [
    {
      "Name": "Carp#478",
      "Sco": 0,
      "Sold": 0,
      "Demo": 464,
      "Med": 0,
      "HwG": 0,
      "Pyro": 0,
      "Spy": 0,
      "Eng": 0
    },
    {
      "Name": "newby#281",
      "Sco": 0,
      "Sold": 0,
      "Demo": 0,
      "Med": 0,
      "HwG": 464,
      "Pyro": 0,
      "Spy": 0,
      "Eng": 0
    },
    {
      "Name": "scottybugattiz#61",
      "Sco": 0,
      "Sold": 0,
      "Demo": 0,
      "Med": 0,
      "HwG": 0,
      "Pyro": 464,
      "Spy": 0,
      "Eng": 0
    },
    {
      "Name": "welsher#52",
      "Sco": 0,
      "Sold": 0,
      "Demo": 0,
      "Med": 0,
      "HwG": 0,
      "Pyro": 0,
      "Spy": 0,
      "Eng": 464
    },
    {
      "Name": "elsharko.tf#279",
      "Sco": 0,
      "Sold": 0,
      "Demo": 0,
      "Med": 0,
      "HwG": 0,
      "Pyro": 0,
      "Spy": 0,
      "Eng": 600
    },
    {
      "Name": "haunterpt#337",
      "Sco": 0,
      "Sold": 0,
      "Demo": 0,
      "Med": 0,
      "HwG": 0,
      "Pyro": 600,
      "Spy": 0,
      "Eng": 0
    },
    {
      "Name": "pecan#23",
      "Sco": 0,
      "Sold": 0,
      "Demo": 600,
      "Med": 0,
      "HwG": 0,
      "Pyro": 0,
      "Spy": 0,
      "Eng": 0
    },
    {
      "Name": "Predator#47",
      "Sco": 0,
      "Sold": 0,
      "Demo": 0,
      "Med": 0,
      "HwG": 600,
      "Pyro": 0,
      "Spy": 0,
      "Eng": 0
    }
  ]
}
