{
  "Matches": [
    {
      "Server": "virginia/staging",
      "Match": "2023-06-30-23-10-47_[ff-schtop]",
      "Winner": "Draw",
      "Rating": "0 %",
      "Score1": 70,
      "Team1": "b4s1c,driz,wolverine",
      "Score2": 70,
      "Team2": "fragged,haunter,sharky"
    }
  ],
  "SummaryAttack": [
    {
      "Name": "b4s1c",
      "KPM": 2.5,
      "KD": 1.19,
      "Kills": 25,
      "Death": 21,
      "TKill": 0,
      "Dmg": 2773.0,
      "DPM": 277.0,
      "FlagCap": 2.0,
      "FlagTake": 8.0,
      "FlagTime": "0:50",
      "FlagStop": 0,
      "Win": 0,
      "Draw": 1,
      "Loss": 0,
      "TimePlayed": "10:00",
      "Classes": "Med  100 %"
    },
    {
      "Name": "driz",
      "KPM": 2.2,
      "KD": 1.1,
      "Kills": 22,
      "Death": 20,
      "TKill": 2,
      "Dmg": 4466.0,
      "DPM": 447.0,
      "FlagCap": 1.0,
      "FlagTake": 6.0,
      "FlagTime": "0:29",
      "FlagStop": 0,
      "Win": 0,
      "Draw": 1,
      "Loss": 0,
      "TimePlayed": "10:00",
      "Classes": "Sold 100 %"
    },
    {
      "Name": "wolverine",
      "KPM": 1.8,
      "KD": 0.72,
      "Kills": 18,
      "Death": 25,
      "TKill": 2,
      "Dmg": 3069.0,
      "DPM": 307.0,
      "FlagCap": 4.0,
      "FlagTake": 9.0,
      "FlagTime": "1:53",
      "FlagStop": 0,
      "Win": 0,
      "Draw": 1,
      "Loss": 0,
      "TimePlayed": "10:00",
      "Classes": "Pyro 100 %"
    },
    {
      "Name": "fragged",
      "KPM": 0.2,
      "KD": 0.07,
      "Kills": 2,
      "Death": 27,
      "TKill": 0,
      "Dmg": 2204.0,
      "DPM": 220.0,
      "FlagCap": 1,
      "FlagTake": 3.0,
      "FlagTime": "0:03",
      "FlagStop": 0,
      "Win": 0,
      "Draw": 1,
      "Loss": 0,
      "TimePlayed": "10:00",
      "Classes": "Pyro 100 %"
    },
    {
      "Name": "haunter",
      "KPM": 1.7,
      "KD": 0.65,
      "Kills": 17,
      "Death": 26,
      "TKill": 1,
      "Dmg": 4918.0,
      "DPM": 492.0,
      "FlagCap": 4.0,
      "FlagTake": 15.0,
      "FlagTime": "1:45",
      "FlagStop": 0,
      "Win": 0,
      "Draw": 1,
      "Loss": 0,
      "TimePlayed": "10:00",
      "Classes": "Sold 100 %"
    },
    {
      "Name": "sharky",
      "KPM": 1.1,
      "KD": 0.41,
      "Kills": 11,
      "Death": 27,
      "TKill": 0,
      "Dmg": 4313.0,
      "DPM": 431.0,
      "FlagCap": 3.0,
      "FlagTake": 14.0,
      "FlagTime": "1:11",
      "FlagStop": 0,
      "Win": 0,
      "Draw": 1,
      "Loss": 0,
      "TimePlayed": "10:00",
      "Classes": "Med  100 %"
    }
  ],
  "SummaryDefence": [
    {
      "Name": "b4s1c",
      "KPM": 1.9,
      "KD": 0.95,
      "Kills": 19,
      "Death": 20,
      "TKill": 5,
      "Dmg": 4742.0,
      "DPM": 474.0,
      "FlagCap": 0,
      "FlagTake": 0,
      "FlagTime": 0,
      "FlagStop": 1.0,
      "Win": 0,
      "Draw": 1,
      "Loss": 0,
      "TimePlayed": "10:00",
      "Classes": "HwG  84 %|Pyro 16 %"
    },
    {
      "Name": "driz",
      "KPM": 2.3,
      "KD": 1.0,
      "Kills": 23,
      "Death": 23,
      "TKill": 2,
      "Dmg": 5538.0,
      "DPM": 554.0,
      "FlagCap": 0,
      "FlagTake": 0,
      "FlagTime": 0,
      "FlagStop": 3.0,
      "Win": 0,
      "Draw": 1,
      "Loss": 0,
      "TimePlayed": "10:00",
      "Classes": "Sold 100 %"
    },
    {
      "Name": "wolverine",
      "KPM": 2.6,
      "KD": 1.24,
      "Kills": 26,
      "Death": 21,
      "TKill": 10,
      "Dmg": 6110.0,
      "DPM": 611.0,
      "FlagCap": 0,
      "FlagTake": 0,
      "FlagTime": 0,
      "FlagStop": 6.0,
      "Win": 0,
      "Draw": 1,
      "Loss": 0,
      "TimePlayed": "10:00",
      "Classes": "Demo 100 %"
    },
    {
      "Name": "fragged",
      "KPM": 1.1,
      "KD": 0.31,
      "Kills": 11,
      "Death": 35,
      "TKill": 2,
      "Dmg": 2645.0,
      "DPM": 264.0,
      "FlagCap": 0,
      "FlagTake": 0,
      "FlagTime": 0,
      "FlagStop": 1.0,
      "Win": 0,
      "Draw": 1,
      "Loss": 0,
      "TimePlayed": "10:00",
      "Classes": "Eng  100 %"
    },
    {
      "Name": "haunter",
      "KPM": 2.5,
      "KD": 1.09,
      "Kills": 25,
      "Death": 23,
      "TKill": 11,
      "Dmg": 6060.0,
      "DPM": 606.0,
      "FlagCap": 0,
      "FlagTake": 0,
      "FlagTime": 0,
      "FlagStop": 3.0,
      "Win": 0,
      "Draw": 1,
      "Loss": 0,
      "TimePlayed": "10:00",
      "Classes": "Demo 100 %"
    },
    {
      "Name": "sharky",
      "KPM": 1.5,
      "KD": 0.54,
      "Kills": 15,
      "Death": 28,
      "TKill": 3,
      "Dmg": 5041.0,
      "DPM": 504.0,
      "FlagCap": 0,
      "FlagTake": 0,
      "FlagTime": 0,
      "FlagStop": 3.0,
      "Win": 0,
      "Draw": 1,
      "Loss": 0,
      "TimePlayed": "10:00",
      "Classes": "Sold 100 %"
    }
  ],
  "ClassFragAttack": [
    {
      "Name": "b4s1c",
      "Sco": 0,
      "KPM1": null,
      "Sold": 0,
      "KPM3": null,
      "Demo": 0,
      "KPM4": null,
      "Med": 25.0,
      "KPM5": 2.5,
      "HwG": 0,
      "KPM6": null,
      "Pyro": 0,
      "KPM7": null,
      "Spy": 0,
      "KPM8": null,
      "Eng": 0,
      "KPM9": null,
      "SG": 0,
      "KPM0": null
    },
    {
      "Name": "driz",
      "Sco": 0,
      "KPM1": null,
      "Sold": 22.0,
      "KPM3": 2.2,
      "Demo": 0,
      "KPM4": null,
      "Med": 0,
      "KPM5": null,
      "HwG": 0,
      "KPM6": null,
      "Pyro": 0,
      "KPM7": null,
      "Spy": 0,
      "KPM8": null,
      "Eng": 0,
      "KPM9": null,
      "SG": 0,
      "KPM0": null
    },
    {
      "Name": "wolverine",
      "Sco": 0,
      "KPM1": null,
      "Sold": 0,
      "KPM3": null,
      "Demo": 0,
      "KPM4": null,
      "Med": 0,
      "KPM5": null,
      "HwG": 0,
      "KPM6": null,
      "Pyro": 18.0,
      "KPM7": 1.8,
      "Spy": 0,
      "KPM8": null,
      "Eng": 0,
      "KPM9": null,
      "SG": 0,
      "KPM0": null
    },
    {
      "Name": "fragged",
      "Sco": 0,
      "KPM1": null,
      "Sold": 0,
      "KPM3": null,
      "Demo": 0,
      "KPM4": null,
      "Med": 0,
      "KPM5": null,
      "HwG": 0,
      "KPM6": null,
      "Pyro": 2.0,
      "KPM7": 0.2,
      "Spy": 0,
      "KPM8": null,
      "Eng": 0,
      "KPM9": null,
      "SG": 0,
      "KPM0": null
    },
    {
      "Name": "haunter",
      "Sco": 0,
      "KPM1": null,
      "Sold": 17.0,
      "KPM3": 1.7,
      "Demo": 0,
      "KPM4": null,
      "Med": 0,
      "KPM5": null,
      "HwG": 0,
      "KPM6": null,
      "Pyro": 0,
      "KPM7": null,
      "Spy": 0,
      "KPM8": null,
      "Eng": 0,
      "KPM9": null,
      "SG": 0,
      "KPM0": null
    },
    {
      "Name": "sharky",
      "Sco": 0,
      "KPM1": null,
      "Sold": 0,
      "KPM3": null,
      "Demo": 0,
      "KPM4": null,
      "Med": 11.0,
      "KPM5": 1.1,
      "HwG": 0,
      "KPM6": null,
      "Pyro": 0,
      "KPM7": null,
      "Spy": 0,
      "KPM8": null,
      "Eng": 0,
      "KPM9": null,
      "SG": 0,
      "KPM0": null
    }
  ],
  "ClassFragDefence": [
    {
      "Name": "b4s1c",
      "Sco": 0,
      "KPM1": null,
      "Sold": 0,
      "KPM3": null,
      "Demo": 0,
      "KPM4": null,
      "Med": 0,
      "KPM5": null,
      "HwG": 15.0,
      "KPM6": 1.79,
      "Pyro": 4.0,
      "KPM7": 2.47,
      "Spy": 0,
      "KPM8": null,
      "Eng": 0,
      "KPM9": null,
      "SG": 0,
      "KPM0": null
    },
    {
      "Name": "driz",
      "Sco": 0,
      "KPM1": null,
      "Sold": 23.0,
      "KPM3": 2.3,
      "Demo": 0,
      "KPM4": null,
      "Med": 0,
      "KPM5": null,
      "HwG": 0,
      "KPM6": null,
      "Pyro": 0,
      "KPM7": null,
      "Spy": 0,
      "KPM8": null,
      "Eng": 0,
      "KPM9": null,
      "SG": 0,
      "KPM0": null
    },
    {
      "Name": "wolverine",
      "Sco": 0,
      "KPM1": null,
      "Sold": 0,
      "KPM3": null,
      "Demo": 26.0,
      "KPM4": 2.6,
      "Med": 0,
      "KPM5": null,
      "HwG": 0,
      "KPM6": null,
      "Pyro": 0,
      "KPM7": null,
      "Spy": 0,
      "KPM8": null,
      "Eng": 0,
      "KPM9": null,
      "SG": 0,
      "KPM0": null
    },
    {
      "Name": "fragged",
      "Sco": 0,
      "KPM1": null,
      "Sold": 0,
      "KPM3": null,
      "Demo": 0,
      "KPM4": null,
      "Med": 0,
      "KPM5": null,
      "HwG": 0,
      "KPM6": null,
      "Pyro": 0,
      "KPM7": null,
      "Spy": 0,
      "KPM8": null,
      "Eng": 5.0,
      "KPM9": 0.5,
      "SG": 6.0,
      "KPM0": 0.6
    },
    {
      "Name": "haunter",
      "Sco": 0,
      "KPM1": null,
      "Sold": 0,
      "KPM3": null,
      "Demo": 25.0,
      "KPM4": 2.5,
      "Med": 0,
      "KPM5": null,
      "HwG": 0,
      "KPM6": null,
      "Pyro": 0,
      "KPM7": null,
      "Spy": 0,
      "KPM8": null,
      "Eng": 0,
      "KPM9": null,
      "SG": 0,
      "KPM0": null
    },
    {
      "Name": "sharky",
      "Sco": 0,
      "KPM1": null,
      "Sold": 15.0,
      "KPM3": 1.5,
      "Demo": 0,
      "KPM4": null,
      "Med": 0,
      "KPM5": null,
      "HwG": 0,
      "KPM6": null,
      "Pyro": 0,
      "KPM7": null,
      "Spy": 0,
      "KPM8": null,
      "Eng": 0,
      "KPM9": null,
      "SG": 0,
      "KPM0": null
    }
  ],
  "ClassTimeAttack": [
    {
      "Name": "b4s1c",
      "Sco": 0,
      "Sold": 0,
      "Demo": 0,
      "Med": 600,
      "HwG": 0,
      "Pyro": 0,
      "Spy": 0,
      "Eng": 0
    },
    {
      "Name": "driz",
      "Sco": 0,
      "Sold": 600,
      "Demo": 0,
      "Med": 0,
      "HwG": 0,
      "Pyro": 0,
      "Spy": 0,
      "Eng": 0
    },
    {
      "Name": "wolverine",
      "Sco": 0,
      "Sold": 0,
      "Demo": 0,
      "Med": 0,
      "HwG": 0,
      "Pyro": 600,
      "Spy": 0,
      "Eng": 0
    },
    {
      "Name": "fragged",
      "Sco": 0,
      "Sold": 0,
      "Demo": 0,
      "Med": 0,
      "HwG": 0,
      "Pyro": 600,
      "Spy": 0,
      "Eng": 0
    },
    {
      "Name": "haunter",
      "Sco": 0,
      "Sold": 600,
      "Demo": 0,
      "Med": 0,
      "HwG": 0,
      "Pyro": 0,
      "Spy": 0,
      "Eng": 0
    },
    {
      "Name": "sharky",
      "Sco": 0,
      "Sold": 0,
      "Demo": 0,
      "Med": 600,
      "HwG": 0,
      "Pyro": 0,
      "Spy": 0,
      "Eng": 0
    }
  ],
  "ClassTimeDefence": [
    {
      "Name": "b4s1c",
      "Sco": 0,
      "Sold": 0,
      "Demo": 0,
      "Med": 0,
      "HwG": 503,
      "Pyro": 97,
      "Spy": 0,
      "Eng": 0
    },
    {
      "Name": "driz",
      "Sco": 0,
      "Sold": 600,
      "Demo": 0,
      "Med": 0,
      "HwG": 0,
      "Pyro": 0,
      "Spy": 0,
      "Eng": 0
    },
    {
      "Name": "wolverine",
      "Sco": 0,
      "Sold": 0,
      "Demo": 600,
      "Med": 0,
      "HwG": 0,
      "Pyro": 0,
      "Spy": 0,
      "Eng": 0
    },
    {
      "Name": "fragged",
      "Sco": 0,
      "Sold": 0,
      "Demo": 0,
      "Med": 0,
      "HwG": 0,
      "Pyro": 0,
      "Spy": 0,
      "Eng": 600
    },
    {
      "Name": "haunter",
      "Sco": 0,
      "Sold": 0,
      "Demo": 600,
      "Med": 0,
      "HwG": 0,
      "Pyro": 0,
      "Spy": 0,
      "Eng": 0
    },
    {
      "Name": "sharky",
      "Sco": 0,
      "Sold": 600,
      "Demo": 0,
      "Med": 0,
      "HwG": 0,
      "Pyro": 0,
      "Spy": 0,
      "Eng": 0
    }
  ]
}
