{
  "Matches": [
    {
      "Server": "virginia/staging",
      "Match": "2023-02-20-19-22-35_[1on1r]",
      "Winner": "Team2",
      "Rating": "200%",
      "Score1": 23,
      "Team1": "rsdriz",
      "Score2": 25,
      "Team2": "haunter"
    }
  ],
  "SummaryAttack": [
    {
      "Name": "rsdriz",
      "KPM": "",
      "KD": 0.83,
      "Kills": 29,
      "Death": 35,
      "TKill": 0,
      "Dmg": 15334,
      "DPM": "",
      "FlagCap": 1,
      "FlagTake": 1,
      "FlagTime": "0:01",
      "FlagStop": 0,
      "Win": 1,
      "Draw": 0,
      "Loss": 0,
      "TimePlayed": "0:00",
      "Classes": null
    }
  ],
  "SummaryDefence": [
    {
      "Name": "haunter",
      "KPM": "",
      "KD": 1.03,
      "Kills": 34,
      "Death": 33,
      "TKill": 0,
      "Dmg": 16331,
      "DPM": "",
      "FlagCap": 0,
      "FlagTake": 0,
      "FlagTime": 0,
      "FlagStop": 1,
      "Win": 1,
      "Draw": 0,
      "Loss": 0,
      "TimePlayed": "0:00",
      "Classes": null
    }
  ],
  "ClassFragAttack": {
    "Name": "rsdriz",
    "Sco": 0,
    "KPM1": null,
    "Sold": 29,
    "KPM3": "",
    "Demo": 0,
    "KPM4": null,
    "Med": 0,
    "KPM5": null,
    "HwG": 0,
    "KPM6": null,
    "Pyro": 0,
    "KPM7": null,
    "Spy": 0,
    "KPM8": null,
    "Eng": 0,
    "KPM9": null,
    "SG": 0,
    "KPM0": null
  },
  "ClassFragDefence": {
    "Name": "haunter",
    "Sco": 0,
    "KPM1": null,
    "Sold": 34,
    "KPM3": "",
    "Demo": 0,
    "KPM4": null,
    "Med": 0,
    "KPM5": null,
    "HwG": 0,
    "KPM6": null,
    "Pyro": 0,
    "KPM7": null,
    "Spy": 0,
    "KPM8": null,
    "Eng": 0,
    "KPM9": null,
    "SG": 0,
    "KPM0": null
  },
  "ClassTimeAttack": null,
  "ClassTimeDefence": null
}
