{
  "Matches": [
    {
      "Server": "virginia/staging",
      "Match": "2023-08-26-04-39-22_[rs_zzr]",
      "Winner": "Team2",
      "Rating": "21 %",
      "Score1": 40,
      "Team1": "newby#281,REV6thecarn#312,scottybugattiz#61,shock144#485",
      "Score2": 50,
      "Team2": "[LSD]ViD#53,haunterpt#337,JusticeVT#45,pecan#23"
    }
  ],
  "SummaryAttack": [
    {
      "Name": "newby#281",
      "KPM": 2.4,
      "KD": 0.8,
      "Kills": 24,
      "Death": 30,
      "TKill": 2,
      "Dmg": 5974.0,
      "DPM": 597.0,
      "SGKills": 4.0,
      "SGDeath": 0,
      "FlagCap": 1.0,
      "FlagTake": 6.0,
      "FlagTime": "0:33",
      "FlagStop": 0,
      "Win": 0,
      "Draw": 0,
      "Loss": 1,
      "TimePlayed": "10:00",
      "Classes": "Sold 100 %"
    },
    {
      "Name": "REV6thecarn#312",
      "KPM": 3.6,
      "KD": 1.16,
      "Kills": 36,
      "Death": 31,
      "TKill": 1,
      "Dmg": 6827.0,
      "DPM": 683.0,
      "SGKills": 7.0,
      "SGDeath": 0,
      "FlagCap": 1,
      "FlagTake": 6.0,
      "FlagTime": "0:06",
      "FlagStop": 0,
      "Win": 0,
      "Draw": 0,
      "Loss": 1,
      "TimePlayed": "10:00",
      "Classes": "Pyro 100 %"
    },
    {
      "Name": "scottybugattiz#61",
      "KPM": 1.2,
      "KD": 0.41,
      "Kills": 12,
      "Death": 29,
      "TKill": 0,
      "Dmg": 3239.0,
      "DPM": 324.0,
      "SGKills": 1.0,
      "SGDeath": 0,
      "FlagCap": 3.0,
      "FlagTake": 17.0,
      "FlagTime": "1:13",
      "FlagStop": 0,
      "Win": 0,
      "Draw": 0,
      "Loss": 1,
      "TimePlayed": "10:00",
      "Classes": "Med  100 %"
    },
    {
      "Name": "shock144#485",
      "KPM": 1.7,
      "KD": 0.57,
      "Kills": 17,
      "Death": 30,
      "TKill": 1,
      "Dmg": 1770.0,
      "DPM": 177.0,
      "SGKills": 3.0,
      "SGDeath": 0,
      "FlagCap": 1,
      "FlagTake": 10.0,
      "FlagTime": "0:10",
      "FlagStop": 0,
      "Win": 0,
      "Draw": 0,
      "Loss": 1,
      "TimePlayed": "10:00",
      "Classes": "Spy  100 %"
    },
    {
      "Name": "[LSD]ViD#53",
      "KPM": 1.4,
      "KD": 0.41,
      "Kills": 11,
      "Death": 27,
      "TKill": 1,
      "Dmg": 3144.0,
      "DPM": 399.0,
      "SGKills": 2.0,
      "SGDeath": 0,
      "FlagCap": 1,
      "FlagTake": 3.0,
      "FlagTime": "0:03",
      "FlagStop": 0,
      "Win": 1,
      "Draw": 0,
      "Loss": 0,
      "TimePlayed": "7:53",
      "Classes": "Pyro 100 %"
    },
    {
      "Name": "haunterpt#337",
      "KPM": 2.66,
      "KD": 0.91,
      "Kills": 21,
      "Death": 23,
      "TKill": 0,
      "Dmg": 4965.0,
      "DPM": 630.0,
      "SGKills": 5.0,
      "SGDeath": 0,
      "FlagCap": 1.0,
      "FlagTake": 3.0,
      "FlagTime": "0:22",
      "FlagStop": 0,
      "Win": 1,
      "Draw": 0,
      "Loss": 0,
      "TimePlayed": "7:53",
      "Classes": "Sold 100 %"
    },
    {
      "Name": "JusticeVT#45",
      "KPM": 1.14,
      "KD": 0.45,
      "Kills": 9,
      "Death": 20,
      "TKill": 0,
      "Dmg": 893.0,
      "DPM": 113.0,
      "SGKills": 1.0,
      "SGDeath": 0,
      "FlagCap": 2.0,
      "FlagTake": 13.0,
      "FlagTime": "1:06",
      "FlagStop": 0,
      "Win": 1,
      "Draw": 0,
      "Loss": 0,
      "TimePlayed": "7:53",
      "Classes": "Spy  100 %"
    },
    {
      "Name": "pecan#23",
      "KPM": 1.4,
      "KD": 0.52,
      "Kills": 11,
      "Death": 21,
      "TKill": 0,
      "Dmg": 1431.0,
      "DPM": 182.0,
      "SGKills": 3.0,
      "SGDeath": 0,
      "FlagCap": 2.0,
      "FlagTake": 3.0,
      "FlagTime": "0:46",
      "FlagStop": 0,
      "Win": 1,
      "Draw": 0,
      "Loss": 0,
      "TimePlayed": "7:53",
      "Classes": "Med  100 %"
    }
  ],
  "SummaryDefence": [
    {
      "Name": "newby#281",
      "KPM": 3.93,
      "KD": 3.1,
      "Kills": 31,
      "Death": 10,
      "TKill": 9,
      "Dmg": 5893.0,
      "DPM": 748.0,
      "SGKills": 0,
      "SGDeath": 0,
      "FlagCap": 0,
      "FlagTake": 0,
      "FlagTime": 0,
      "FlagStop": 1.0,
      "Win": 0,
      "Draw": 0,
      "Loss": 1,
      "TimePlayed": "7:53",
      "Classes": "HwG  100 %"
    },
    {
      "Name": "REV6thecarn#312",
      "KPM": 2.41,
      "KD": 0.83,
      "Kills": 19,
      "Death": 23,
      "TKill": 0,
      "Dmg": 3911.0,
      "DPM": 496.0,
      "SGKills": 0,
      "SGDeath": 0,
      "FlagCap": 0,
      "FlagTake": 0,
      "FlagTime": 0,
      "FlagStop": 2.0,
      "Win": 0,
      "Draw": 0,
      "Loss": 1,
      "TimePlayed": "7:53",
      "Classes": "Pyro 100 %"
    },
    {
      "Name": "scottybugattiz#61",
      "KPM": 2.28,
      "KD": 0.82,
      "Kills": 18,
      "Death": 22,
      "TKill": 7,
      "Dmg": 3918.0,
      "DPM": 497.0,
      "SGKills": 0,
      "SGDeath": 0,
      "FlagCap": 0,
      "FlagTake": 0,
      "FlagTime": 0,
      "FlagStop": 4.0,
      "Win": 0,
      "Draw": 0,
      "Loss": 1,
      "TimePlayed": "7:53",
      "Classes": "Demo 100 %"
    },
    {
      "Name": "shock144#485",
      "KPM": 2.54,
      "KD": 1.25,
      "Kills": 20,
      "Death": 16,
      "TKill": 3,
      "Dmg": 4311.0,
      "DPM": 547.0,
      "SGKills": 0,
      "SGDeath": 11.0,
      "FlagCap": 0,
      "FlagTake": 0,
      "FlagTime": 0,
      "FlagStop": 2.0,
      "Win": 0,
      "Draw": 0,
      "Loss": 1,
      "TimePlayed": "7:53",
      "Classes": "Eng  100 %"
    },
    {
      "Name": "[LSD]ViD#53",
      "KPM": 1.9,
      "KD": 0.83,
      "Kills": 19,
      "Death": 23,
      "TKill": 1,
      "Dmg": 3578.0,
      "DPM": 358.0,
      "SGKills": 0,
      "SGDeath": 15.0,
      "FlagCap": 0,
      "FlagTake": 0,
      "FlagTime": 0,
      "FlagStop": 3.0,
      "Win": 1,
      "Draw": 0,
      "Loss": 0,
      "TimePlayed": "10:00",
      "Classes": "Eng  100 %"
    },
    {
      "Name": "haunterpt#337",
      "KPM": 3.4,
      "KD": 1.62,
      "Kills": 34,
      "Death": 21,
      "TKill": 11,
      "Dmg": 7223.0,
      "DPM": 722.0,
      "SGKills": 0,
      "SGDeath": 0,
      "FlagCap": 0,
      "FlagTake": 0,
      "FlagTime": 0,
      "FlagStop": 7.0,
      "Win": 1,
      "Draw": 0,
      "Loss": 0,
      "TimePlayed": "10:00",
      "Classes": "Demo 100 %"
    },
    {
      "Name": "JusticeVT#45",
      "KPM": 2.9,
      "KD": 0.78,
      "Kills": 29,
      "Death": 37,
      "TKill": 3,
      "Dmg": 6160.0,
      "DPM": 616.0,
      "SGKills": 0,
      "SGDeath": 0,
      "FlagCap": 0,
      "FlagTake": 0,
      "FlagTime": 0,
      "FlagStop": 1.0,
      "Win": 1,
      "Draw": 0,
      "Loss": 0,
      "TimePlayed": "10:00",
      "Classes": "Pyro 100 %"
    },
    {
      "Name": "pecan#23",
      "KPM": 2.2,
      "KD": 0.88,
      "Kills": 22,
      "Death": 25,
      "TKill": 2,
      "Dmg": 4946.0,
      "DPM": 495.0,
      "SGKills": 0,
      "SGDeath": 0,
      "FlagCap": 0,
      "FlagTake": 0,
      "FlagTime": 0,
      "FlagStop": 4.0,
      "Win": 1,
      "Draw": 0,
      "Loss": 0,
      "TimePlayed": "10:00",
      "Classes": "HwG  100 %"
    }
  ],
  "ClassFragAttack": [
    {
      "Name": "newby#281",
      "Sco": 0,
      "KPM1": null,
      "Sold": 24.0,
      "KPM3": 2.4,
      "Demo": 0,
      "KPM4": null,
      "Med": 0,
      "KPM5": null,
      "HwG": 0,
      "KPM6": null,
      "Pyro": 0,
      "KPM7": null,
      "Spy": 0,
      "KPM8": null,
      "Eng": 0,
      "KPM9": null,
      "SG": 0,
      "KPM0": null
    },
    {
      "Name": "REV6thecarn#312",
      "Sco": 0,
      "KPM1": null,
      "Sold": 0,
      "KPM3": null,
      "Demo": 0,
      "KPM4": null,
      "Med": 0,
      "KPM5": null,
      "HwG": 0,
      "KPM6": null,
      "Pyro": 36.0,
      "KPM7": 3.6,
      "Spy": 0,
      "KPM8": null,
      "Eng": 0,
      "KPM9": null,
      "SG": 0,
      "KPM0": null
    },
    {
      "Name": "scottybugattiz#61",
      "Sco": 0,
      "KPM1": null,
      "Sold": 0,
      "KPM3": null,
      "Demo": 0,
      "KPM4": null,
      "Med": 12.0,
      "KPM5": 1.2,
      "HwG": 0,
      "KPM6": null,
      "Pyro": 0,
      "KPM7": null,
      "Spy": 0,
      "KPM8": null,
      "Eng": 0,
      "KPM9": null,
      "SG": 0,
      "KPM0": null
    },
    {
      "Name": "shock144#485",
      "Sco": 0,
      "KPM1": null,
      "Sold": 0,
      "KPM3": null,
      "Demo": 0,
      "KPM4": null,
      "Med": 0,
      "KPM5": null,
      "HwG": 0,
      "KPM6": null,
      "Pyro": 0,
      "KPM7": null,
      "Spy": 17.0,
      "KPM8": 1.7,
      "Eng": 0,
      "KPM9": null,
      "SG": 0,
      "KPM0": null
    },
    {
      "Name": "[LSD]ViD#53",
      "Sco": 0,
      "KPM1": null,
      "Sold": 0,
      "KPM3": null,
      "Demo": 0,
      "KPM4": null,
      "Med": 0,
      "KPM5": null,
      "HwG": 0,
      "KPM6": null,
      "Pyro": 11.0,
      "KPM7": 1.4,
      "Spy": 0,
      "KPM8": null,
      "Eng": 0,
      "KPM9": null,
      "SG": 0,
      "KPM0": null
    },
    {
      "Name": "haunterpt#337",
      "Sco": 0,
      "KPM1": null,
      "Sold": 21.0,
      "KPM3": 2.66,
      "Demo": 0,
      "KPM4": null,
      "Med": 0,
      "KPM5": null,
      "HwG": 0,
      "KPM6": null,
      "Pyro": 0,
      "KPM7": null,
      "Spy": 0,
      "KPM8": null,
      "Eng": 0,
      "KPM9": null,
      "SG": 0,
      "KPM0": null
    },
    {
      "Name": "JusticeVT#45",
      "Sco": 0,
      "KPM1": null,
      "Sold": 0,
      "KPM3": null,
      "Demo": 0,
      "KPM4": null,
      "Med": 0,
      "KPM5": null,
      "HwG": 0,
      "KPM6": null,
      "Pyro": 0,
      "KPM7": null,
      "Spy": 9.0,
      "KPM8": 1.14,
      "Eng": 0,
      "KPM9": null,
      "SG": 0,
      "KPM0": null
    },
    {
      "Name": "pecan#23",
      "Sco": 0,
      "KPM1": null,
      "Sold": 0,
      "KPM3": null,
      "Demo": 0,
      "KPM4": null,
      "Med": 11.0,
      "KPM5": 1.4,
      "HwG": 0,
      "KPM6": null,
      "Pyro": 0,
      "KPM7": null,
      "Spy": 0,
      "KPM8": null,
      "Eng": 0,
      "KPM9": null,
      "SG": 0,
      "KPM0": null
    }
  ],
  "ClassFragDefence": [
    {
      "Name": "newby#281",
      "Sco": 0,
      "KPM1": null,
      "Sold": 0,
      "KPM3": null,
      "Demo": 0,
      "KPM4": null,
      "Med": 0,
      "KPM5": null,
      "HwG": 31.0,
      "KPM6": 3.93,
      "Pyro": 0,
      "KPM7": null,
      "Spy": 0,
      "KPM8": null,
      "Eng": 0,
      "KPM9": null,
      "SG": 0,
      "KPM0": null
    },
    {
      "Name": "REV6thecarn#312",
      "Sco": 0,
      "KPM1": null,
      "Sold": 0,
      "KPM3": null,
      "Demo": 0,
      "KPM4": null,
      "Med": 0,
      "KPM5": null,
      "HwG": 0,
      "KPM6": null,
      "Pyro": 19.0,
      "KPM7": 2.41,
      "Spy": 0,
      "KPM8": null,
      "Eng": 0,
      "KPM9": null,
      "SG": 0,
      "KPM0": null
    },
    {
      "Name": "scottybugattiz#61",
      "Sco": 0,
      "KPM1": null,
      "Sold": 0,
      "KPM3": null,
      "Demo": 18.0,
      "KPM4": 2.28,
      "Med": 0,
      "KPM5": null,
      "HwG": 0,
      "KPM6": null,
      "Pyro": 0,
      "KPM7": null,
      "Spy": 0,
      "KPM8": null,
      "Eng": 0,
      "KPM9": null,
      "SG": 0,
      "KPM0": null
    },
    {
      "Name": "shock144#485",
      "Sco": 0,
      "KPM1": null,
      "Sold": 0,
      "KPM3": null,
      "Demo": 0,
      "KPM4": null,
      "Med": 0,
      "KPM5": null,
      "HwG": 0,
      "KPM6": null,
      "Pyro": 0,
      "KPM7": null,
      "Spy": 0,
      "KPM8": null,
      "Eng": 6.0,
      "KPM9": 0.76,
      "SG": 14.0,
      "KPM0": 1.78
    },
    {
      "Name": "[LSD]ViD#53",
      "Sco": 0,
      "KPM1": null,
      "Sold": 0,
      "KPM3": null,
      "Demo": 0,
      "KPM4": null,
      "Med": 0,
      "KPM5": null,
      "HwG": 0,
      "KPM6": null,
      "Pyro": 0,
      "KPM7": null,
      "Spy": 0,
      "KPM8": null,
      "Eng": 7.0,
      "KPM9": 0.7,
      "SG": 12.0,
      "KPM0": 1.2
    },
    {
      "Name": "haunterpt#337",
      "Sco": 0,
      "KPM1": null,
      "Sold": 0,
      "KPM3": null,
      "Demo": 34.0,
      "KPM4": 3.4,
      "Med": 0,
      "KPM5": null,
      "HwG": 0,
      "KPM6": null,
      "Pyro": 0,
      "KPM7": null,
      "Spy": 0,
      "KPM8": null,
      "Eng": 0,
      "KPM9": null,
      "SG": 0,
      "KPM0": null
    },
    {
      "Name": "JusticeVT#45",
      "Sco": 0,
      "KPM1": null,
      "Sold": 0,
      "KPM3": null,
      "Demo": 0,
      "KPM4": null,
      "Med": 0,
      "KPM5": null,
      "HwG": 0,
      "KPM6": null,
      "Pyro": 29.0,
      "KPM7": 2.9,
      "Spy": 0,
      "KPM8": null,
      "Eng": 0,
      "KPM9": null,
      "SG": 0,
      "KPM0": null
    },
    {
      "Name": "pecan#23",
      "Sco": 0,
      "KPM1": null,
      "Sold": 0,
      "KPM3": null,
      "Demo": 0,
      "KPM4": null,
      "Med": 0,
      "KPM5": null,
      "HwG": 22.0,
      "KPM6": 2.2,
      "Pyro": 0,
      "KPM7": null,
      "Spy": 0,
      "KPM8": null,
      "Eng": 0,
      "KPM9": null,
      "SG": 0,
      "KPM0": null
    }
  ],
  "ClassTimeAttack": [
    {
      "Name": "newby#281",
      "Sco": 0,
      "Sold": 600,
      "Demo": 0,
      "Med": 0,
      "HwG": 0,
      "Pyro": 0,
      "Spy": 0,
      "Eng": 0
    },
    {
      "Name": "REV6thecarn#312",
      "Sco": 0,
      "Sold": 0,
      "Demo": 0,
      "Med": 0,
      "HwG": 0,
      "Pyro": 600,
      "Spy": 0,
      "Eng": 0
    },
    {
      "Name": "scottybugattiz#61",
      "Sco": 0,
      "Sold": 0,
      "Demo": 0,
      "Med": 600,
      "HwG": 0,
      "Pyro": 0,
      "Spy": 0,
      "Eng": 0
    },
    {
      "Name": "shock144#485",
      "Sco": 0,
      "Sold": 0,
      "Demo": 0,
      "Med": 0,
      "HwG": 0,
      "Pyro": 0,
      "Spy": 600,
      "Eng": 0
    },
    {
      "Name": "[LSD]ViD#53",
      "Sco": 0,
      "Sold": 0,
      "Demo": 0,
      "Med": 0,
      "HwG": 0,
      "Pyro": 473,
      "Spy": 0,
      "Eng": 0
    },
    {
      "Name": "haunterpt#337",
      "Sco": 0,
      "Sold": 473,
      "Demo": 0,
      "Med": 0,
      "HwG": 0,
      "Pyro": 0,
      "Spy": 0,
      "Eng": 0
    },
    {
      "Name": "JusticeVT#45",
      "Sco": 0,
      "Sold": 0,
      "Demo": 0,
      "Med": 0,
      "HwG": 0,
      "Pyro": 0,
      "Spy": 473,
      "Eng": 0
    },
    {
      "Name": "pecan#23",
      "Sco": 0,
      "Sold": 0,
      "Demo": 0,
      "Med": 473,
      "HwG": 0,
      "Pyro": 0,
      "Spy": 0,
      "Eng": 0
    }
  ],
  "ClassTimeDefence": [
    {
      "Name": "newby#281",
      "Sco": 0,
      "Sold": 0,
      "Demo": 0,
      "Med": 0,
      "HwG": 473,
      "Pyro": 0,
      "Spy": 0,
      "Eng": 0
    },
    {
      "Name": "REV6thecarn#312",
      "Sco": 0,
      "Sold": 0,
      "Demo": 0,
      "Med": 0,
      "HwG": 0,
      "Pyro": 473,
      "Spy": 0,
      "Eng": 0
    },
    {
      "Name": "scottybugattiz#61",
      "Sco": 0,
      "Sold": 0,
      "Demo": 473,
      "Med": 0,
      "HwG": 0,
      "Pyro": 0,
      "Spy": 0,
      "Eng": 0
    },
    {
      "Name": "shock144#485",
      "Sco": 0,
      "Sold": 0,
      "Demo": 0,
      "Med": 0,
      "HwG": 0,
      "Pyro": 0,
      "Spy": 0,
      "Eng": 473
    },
    {
      "Name": "[LSD]ViD#53",
      "Sco": 0,
      "Sold": 0,
      "Demo": 0,
      "Med": 0,
      "HwG": 0,
      "Pyro": 0,
      "Spy": 0,
      "Eng": 600
    },
    {
      "Name": "haunterpt#337",
      "Sco": 0,
      "Sold": 0,
      "Demo": 600,
      "Med": 0,
      "HwG": 0,
      "Pyro": 0,
      "Spy": 0,
      "Eng": 0
    },
    {
      "Name": "JusticeVT#45",
      "Sco": 0,
      "Sold": 0,
      "Demo": 0,
      "Med": 0,
      "HwG": 0,
      "Pyro": 600,
      "Spy": 0,
      "Eng": 0
    },
    {
      "Name": "pecan#23",
      "Sco": 0,
      "Sold": 0,
      "Demo": 0,
      "Med": 0,
      "HwG": 600,
      "Pyro": 0,
      "Spy": 0,
      "Eng": 0
    }
  ]
}
