{
  "Matches": [
    {
      "Server": "virginia/staging",
      "Match": "2023-01-13-19-52-33_[rs_zzr]",
      "Winner": "Draw",
      "Rating": "0%",
      "Score1": 0,
      "Team1": "welsher.wwg",
      "Score2": 0,
      "Team2": ""
    }
  ],
  "SummaryAttack": [
    {
      "Name": "welsher.wwg",
      "KPM": null,
      "KD": 0,
      "Kills": 0,
      "Death": 7,
      "TKill": 0,
      "Dmg": 1,
      "DPM": 0,
      "FlagCap": 1,
      "FlagTake": 1,
      "FlagTime": "0:01",
      "FlagStop": 0,
      "Win": 0,
      "Draw": 1,
      "Loss": 0,
      "TimePlayed": "10:00",
      "Classes": "Pyro 100%"
    }
  ],
  "SummaryDefence": [],
  "ClassFragAttack": null,
  "ClassFragDefence": null,
  "ClassTimeAttack": {
    "Name": "welsher.wwg",
    "Sco": 0,
    "Sold": 0,
    "Demo": 0,
    "Med": 0,
    "HwG": 0,
    "Pyro": 600,
    "Spy": 0,
    "Eng": 0
  },
  "ClassTimeDefence": null
}
