{
  "Matches": [
    {
      "Server": "virginia/staging",
      "Match": "2023-09-12-22-25-41_[ff-swoop]",
      "Winner": "Team2",
      "Rating": "8 %",
      "Score1": 40,
      "Team1": ".driz#44,haunterpt#337,Predator#47,shock144#485",
      "Score2": 50,
      "Team2": "Kylarn#302,newby#281,pecan#23,randomTecH-Z-#77"
    }
  ],
  "SummaryAttack": [
    {
      "Name": ".driz#44",
      "KPM": 0.2,
      "KD": 0.07,
      "Kills": 2,
      "Death": 29,
      "TKill": 0,
      "Dmg": 1110.0,
      "DPM": 111.0,
      "SGKills": 0,
      "SGDeath": 0,
      "FlagCap": 1.0,
      "FlagTake": 8.0,
      "FlagTime": "0:20",
      "FlagStop": 0,
      "Win": 0,
      "Draw": 0,
      "Loss": 1,
      "TimePlayed": "10:00",
      "Classes": "Spy  100 %"
    },
    {
      "Name": "haunterpt#337",
      "KPM": 3.1,
      "KD": 1.0,
      "Kills": 31,
      "Death": 31,
      "TKill": 2,
      "Dmg": 7343.0,
      "DPM": 734.0,
      "SGKills": 5.0,
      "SGDeath": 0,
      "FlagCap": 2.0,
      "FlagTake": 5.0,
      "FlagTime": "0:26",
      "FlagStop": 0,
      "Win": 0,
      "Draw": 0,
      "Loss": 1,
      "TimePlayed": "10:00",
      "Classes": "Sold 100 %"
    },
    {
      "Name": "Predator#47",
      "KPM": 2.1,
      "KD": 0.62,
      "Kills": 21,
      "Death": 34,
      "TKill": 1,
      "Dmg": 3511.0,
      "DPM": 351.0,
      "SGKills": 5.0,
      "SGDeath": 0,
      "FlagCap": 1.0,
      "FlagTake": 8.0,
      "FlagTime": "0:28",
      "FlagStop": 0,
      "Win": 0,
      "Draw": 0,
      "Loss": 1,
      "TimePlayed": "10:00",
      "Classes": "Pyro 100 %"
    },
    {
      "Name": "shock144#485",
      "KPM": 0.9,
      "KD": 0.3,
      "Kills": 9,
      "Death": 30,
      "TKill": 0,
      "Dmg": 1392.0,
      "DPM": 139.0,
      "SGKills": 0,
      "SGDeath": 0,
      "FlagCap": 0,
      "FlagTake": 5.0,
      "FlagTime": "0:05",
      "FlagStop": 0,
      "Win": 0,
      "Draw": 0,
      "Loss": 1,
      "TimePlayed": "10:00",
      "Classes": "Med  100 %"
    },
    {
      "Name": "Kylarn#302",
      "KPM": 0.33,
      "KD": 0.11,
      "Kills": 3,
      "Death": 28,
      "TKill": 0,
      "Dmg": 631.0,
      "DPM": 68.0,
      "SGKills": 0,
      "SGDeath": 0,
      "FlagCap": 1.0,
      "FlagTake": 8.0,
      "FlagTime": "0:24",
      "FlagStop": 0,
      "Win": 1,
      "Draw": 0,
      "Loss": 0,
      "TimePlayed": "9:13",
      "Classes": "Spy  71 %|Sco  29 %"
    },
    {
      "Name": "newby#281",
      "KPM": 1.74,
      "KD": 0.55,
      "Kills": 16,
      "Death": 29,
      "TKill": 3,
      "Dmg": 4155.0,
      "DPM": 451.0,
      "SGKills": 4.0,
      "SGDeath": 0,
      "FlagCap": 2.0,
      "FlagTake": 10.0,
      "FlagTime": "0:35",
      "FlagStop": 0,
      "Win": 1,
      "Draw": 0,
      "Loss": 0,
      "TimePlayed": "9:13",
      "Classes": "Pyro 100 %"
    },
    {
      "Name": "pecan#23",
      "KPM": 1.63,
      "KD": 0.44,
      "Kills": 15,
      "Death": 34,
      "TKill": 0,
      "Dmg": 3566.0,
      "DPM": 387.0,
      "SGKills": 2.0,
      "SGDeath": 0,
      "FlagCap": 1.0,
      "FlagTake": 6.0,
      "FlagTime": "0:09",
      "FlagStop": 0,
      "Win": 1,
      "Draw": 0,
      "Loss": 0,
      "TimePlayed": "9:13",
      "Classes": "Sold 100 %"
    },
    {
      "Name": "randomTecH-Z-#77",
      "KPM": 0.87,
      "KD": 0.32,
      "Kills": 8,
      "Death": 25,
      "TKill": 1,
      "Dmg": 2067.0,
      "DPM": 224.0,
      "SGKills": 0,
      "SGDeath": 0,
      "FlagCap": 1.0,
      "FlagTake": 10.0,
      "FlagTime": "0:28",
      "FlagStop": 0,
      "Win": 1,
      "Draw": 0,
      "Loss": 0,
      "TimePlayed": "9:13",
      "Classes": "Med  100 %"
    }
  ],
  "SummaryDefence": [
    {
      "Name": ".driz#44",
      "KPM": 2.6,
      "KD": 1.41,
      "Kills": 24,
      "Death": 17,
      "TKill": 5,
      "Dmg": 4463.0,
      "DPM": 484.0,
      "SGKills": 0,
      "SGDeath": 0,
      "FlagCap": 0,
      "FlagTake": 0,
      "FlagTime": 0,
      "FlagStop": 7.0,
      "Win": 0,
      "Draw": 0,
      "Loss": 1,
      "TimePlayed": "9:13",
      "Classes": "Demo 100 %"
    },
    {
      "Name": "haunterpt#337",
      "KPM": 2.5,
      "KD": 1.15,
      "Kills": 23,
      "Death": 20,
      "TKill": 2,
      "Dmg": 5547.0,
      "DPM": 602.0,
      "SGKills": 0,
      "SGDeath": 0,
      "FlagCap": 0,
      "FlagTake": 0,
      "FlagTime": 0,
      "FlagStop": 1.0,
      "Win": 0,
      "Draw": 0,
      "Loss": 1,
      "TimePlayed": "9:13",
      "Classes": "Pyro 100 %"
    },
    {
      "Name": "Predator#47",
      "KPM": 2.93,
      "KD": 1.93,
      "Kills": 27,
      "Death": 14,
      "TKill": 6,
      "Dmg": 5501.0,
      "DPM": 597.0,
      "SGKills": 0,
      "SGDeath": 0,
      "FlagCap": 0,
      "FlagTake": 0,
      "FlagTime": 0,
      "FlagStop": 1.0,
      "Win": 0,
      "Draw": 0,
      "Loss": 1,
      "TimePlayed": "9:13",
      "Classes": "HwG  100 %"
    },
    {
      "Name": "shock144#485",
      "KPM": 3.91,
      "KD": 2.0,
      "Kills": 36,
      "Death": 18,
      "TKill": 1,
      "Dmg": 5779.0,
      "DPM": 627.0,
      "SGKills": 0,
      "SGDeath": 6.0,
      "FlagCap": 0,
      "FlagTake": 0,
      "FlagTime": 0,
      "FlagStop": 4.0,
      "Win": 0,
      "Draw": 0,
      "Loss": 1,
      "TimePlayed": "9:13",
      "Classes": "Eng  100 %"
    },
    {
      "Name": "Kylarn#302",
      "KPM": 2.4,
      "KD": 1.33,
      "Kills": 24,
      "Death": 18,
      "TKill": 0,
      "Dmg": 4509.0,
      "DPM": 451.0,
      "SGKills": 0,
      "SGDeath": 10.0,
      "FlagCap": 0,
      "FlagTake": 0,
      "FlagTime": 0,
      "FlagStop": 3.0,
      "Win": 1,
      "Draw": 0,
      "Loss": 0,
      "TimePlayed": "10:00",
      "Classes": "Eng  100 %"
    },
    {
      "Name": "newby#281",
      "KPM": 3.4,
      "KD": 1.55,
      "Kills": 34,
      "Death": 22,
      "TKill": 5,
      "Dmg": 7571.0,
      "DPM": 757.0,
      "SGKills": 0,
      "SGDeath": 0,
      "FlagCap": 0,
      "FlagTake": 0,
      "FlagTime": 0,
      "FlagStop": 3.0,
      "Win": 1,
      "Draw": 0,
      "Loss": 0,
      "TimePlayed": "10:00",
      "Classes": "HwG  100 %"
    },
    {
      "Name": "pecan#23",
      "KPM": 2.2,
      "KD": 1.22,
      "Kills": 22,
      "Death": 18,
      "TKill": 6,
      "Dmg": 4129.0,
      "DPM": 413.0,
      "SGKills": 0,
      "SGDeath": 0,
      "FlagCap": 0,
      "FlagTake": 0,
      "FlagTime": 0,
      "FlagStop": 3.0,
      "Win": 1,
      "Draw": 0,
      "Loss": 0,
      "TimePlayed": "10:00",
      "Classes": "Demo 100 %"
    },
    {
      "Name": "randomTecH-Z-#77",
      "KPM": 2.6,
      "KD": 1.13,
      "Kills": 26,
      "Death": 23,
      "TKill": 3,
      "Dmg": 5331.0,
      "DPM": 533.0,
      "SGKills": 0,
      "SGDeath": 0,
      "FlagCap": 0,
      "FlagTake": 0,
      "FlagTime": 0,
      "FlagStop": 0,
      "Win": 1,
      "Draw": 0,
      "Loss": 0,
      "TimePlayed": "10:00",
      "Classes": "Pyro 100 %"
    }
  ],
  "ClassFragAttack": [
    {
      "Name": ".driz#44",
      "Sco": 0,
      "KPM1": null,
      "Sold": 0,
      "KPM3": null,
      "Demo": 0,
      "KPM4": null,
      "Med": 0,
      "KPM5": null,
      "HwG": 0,
      "KPM6": null,
      "Pyro": 0,
      "KPM7": null,
      "Spy": 2.0,
      "KPM8": 0.2,
      "Eng": 0,
      "KPM9": null,
      "SG": 0,
      "KPM0": null
    },
    {
      "Name": "haunterpt#337",
      "Sco": 0,
      "KPM1": null,
      "Sold": 31.0,
      "KPM3": 3.1,
      "Demo": 0,
      "KPM4": null,
      "Med": 0,
      "KPM5": null,
      "HwG": 0,
      "KPM6": null,
      "Pyro": 0,
      "KPM7": null,
      "Spy": 0,
      "KPM8": null,
      "Eng": 0,
      "KPM9": null,
      "SG": 0,
      "KPM0": null
    },
    {
      "Name": "Predator#47",
      "Sco": 0,
      "KPM1": null,
      "Sold": 0,
      "KPM3": null,
      "Demo": 0,
      "KPM4": null,
      "Med": 0,
      "KPM5": null,
      "HwG": 0,
      "KPM6": null,
      "Pyro": 21.0,
      "KPM7": 2.1,
      "Spy": 0,
      "KPM8": null,
      "Eng": 0,
      "KPM9": null,
      "SG": 0,
      "KPM0": null
    },
    {
      "Name": "shock144#485",
      "Sco": 0,
      "KPM1": null,
      "Sold": 0,
      "KPM3": null,
      "Demo": 0,
      "KPM4": null,
      "Med": 9.0,
      "KPM5": 0.9,
      "HwG": 0,
      "KPM6": null,
      "Pyro": 0,
      "KPM7": null,
      "Spy": 0,
      "KPM8": null,
      "Eng": 0,
      "KPM9": null,
      "SG": 0,
      "KPM0": null
    },
    {
      "Name": "Kylarn#302",
      "Sco": 0,
      "KPM1": null,
      "Sold": 0,
      "KPM3": null,
      "Demo": 0,
      "KPM4": null,
      "Med": 0,
      "KPM5": null,
      "HwG": 0,
      "KPM6": null,
      "Pyro": 0,
      "KPM7": null,
      "Spy": 3.0,
      "KPM8": 0.46,
      "Eng": 0,
      "KPM9": null,
      "SG": 0,
      "KPM0": null
    },
    {
      "Name": "newby#281",
      "Sco": 0,
      "KPM1": null,
      "Sold": 0,
      "KPM3": null,
      "Demo": 0,
      "KPM4": null,
      "Med": 0,
      "KPM5": null,
      "HwG": 0,
      "KPM6": null,
      "Pyro": 16.0,
      "KPM7": 1.74,
      "Spy": 0,
      "KPM8": null,
      "Eng": 0,
      "KPM9": null,
      "SG": 0,
      "KPM0": null
    },
    {
      "Name": "pecan#23",
      "Sco": 0,
      "KPM1": null,
      "Sold": 15.0,
      "KPM3": 1.63,
      "Demo": 0,
      "KPM4": null,
      "Med": 0,
      "KPM5": null,
      "HwG": 0,
      "KPM6": null,
      "Pyro": 0,
      "KPM7": null,
      "Spy": 0,
      "KPM8": null,
      "Eng": 0,
      "KPM9": null,
      "SG": 0,
      "KPM0": null
    },
    {
      "Name": "randomTecH-Z-#77",
      "Sco": 0,
      "KPM1": null,
      "Sold": 0,
      "KPM3": null,
      "Demo": 0,
      "KPM4": null,
      "Med": 8.0,
      "KPM5": 0.87,
      "HwG": 0,
      "KPM6": null,
      "Pyro": 0,
      "KPM7": null,
      "Spy": 0,
      "KPM8": null,
      "Eng": 0,
      "KPM9": null,
      "SG": 0,
      "KPM0": null
    }
  ],
  "ClassFragDefence": [
    {
      "Name": ".driz#44",
      "Sco": 0,
      "KPM1": null,
      "Sold": 0,
      "KPM3": null,
      "Demo": 24.0,
      "KPM4": 2.6,
      "Med": 0,
      "KPM5": null,
      "HwG": 0,
      "KPM6": null,
      "Pyro": 0,
      "KPM7": null,
      "Spy": 0,
      "KPM8": null,
      "Eng": 0,
      "KPM9": null,
      "SG": 0,
      "KPM0": null
    },
    {
      "Name": "haunterpt#337",
      "Sco": 0,
      "KPM1": null,
      "Sold": 0,
      "KPM3": null,
      "Demo": 0,
      "KPM4": null,
      "Med": 0,
      "KPM5": null,
      "HwG": 0,
      "KPM6": null,
      "Pyro": 23.0,
      "KPM7": 2.5,
      "Spy": 0,
      "KPM8": null,
      "Eng": 0,
      "KPM9": null,
      "SG": 0,
      "KPM0": null
    },
    {
      "Name": "Predator#47",
      "Sco": 0,
      "KPM1": null,
      "Sold": 0,
      "KPM3": null,
      "Demo": 0,
      "KPM4": null,
      "Med": 0,
      "KPM5": null,
      "HwG": 27.0,
      "KPM6": 2.93,
      "Pyro": 0,
      "KPM7": null,
      "Spy": 0,
      "KPM8": null,
      "Eng": 0,
      "KPM9": null,
      "SG": 0,
      "KPM0": null
    },
    {
      "Name": "shock144#485",
      "Sco": 0,
      "KPM1": null,
      "Sold": 0,
      "KPM3": null,
      "Demo": 0,
      "KPM4": null,
      "Med": 0,
      "KPM5": null,
      "HwG": 0,
      "KPM6": null,
      "Pyro": 0,
      "KPM7": null,
      "Spy": 0,
      "KPM8": null,
      "Eng": 18.0,
      "KPM9": 1.95,
      "SG": 18.0,
      "KPM0": 1.95
    },
    {
      "Name": "Kylarn#302",
      "Sco": 0,
      "KPM1": null,
      "Sold": 0,
      "KPM3": null,
      "Demo": 0,
      "KPM4": null,
      "Med": 0,
      "KPM5": null,
      "HwG": 0,
      "KPM6": null,
      "Pyro": 0,
      "KPM7": null,
      "Spy": 0,
      "KPM8": null,
      "Eng": 13.0,
      "KPM9": 1.3,
      "SG": 11.0,
      "KPM0": 1.1
    },
    {
      "Name": "newby#281",
      "Sco": 0,
      "KPM1": null,
      "Sold": 0,
      "KPM3": null,
      "Demo": 0,
      "KPM4": null,
      "Med": 0,
      "KPM5": null,
      "HwG": 34.0,
      "KPM6": 3.4,
      "Pyro": 0,
      "KPM7": null,
      "Spy": 0,
      "KPM8": null,
      "Eng": 0,
      "KPM9": null,
      "SG": 0,
      "KPM0": null
    },
    {
      "Name": "pecan#23",
      "Sco": 0,
      "KPM1": null,
      "Sold": 0,
      "KPM3": null,
      "Demo": 22.0,
      "KPM4": 2.2,
      "Med": 0,
      "KPM5": null,
      "HwG": 0,
      "KPM6": null,
      "Pyro": 0,
      "KPM7": null,
      "Spy": 0,
      "KPM8": null,
      "Eng": 0,
      "KPM9": null,
      "SG": 0,
      "KPM0": null
    },
    {
      "Name": "randomTecH-Z-#77",
      "Sco": 0,
      "KPM1": null,
      "Sold": 0,
      "KPM3": null,
      "Demo": 0,
      "KPM4": null,
      "Med": 0,
      "KPM5": null,
      "HwG": 0,
      "KPM6": null,
      "Pyro": 26.0,
      "KPM7": 2.6,
      "Spy": 0,
      "KPM8": null,
      "Eng": 0,
      "KPM9": null,
      "SG": 0,
      "KPM0": null
    }
  ],
  "ClassTimeAttack": [
    {
      "Name": ".driz#44",
      "Sco": 0,
      "Sold": 0,
      "Demo": 0,
      "Med": 0,
      "HwG": 0,
      "Pyro": 0,
      "Spy": 600,
      "Eng": 0
    },
    {
      "Name": "haunterpt#337",
      "Sco": 0,
      "Sold": 600,
      "Demo": 0,
      "Med": 0,
      "HwG": 0,
      "Pyro": 0,
      "Spy": 0,
      "Eng": 0
    },
    {
      "Name": "Predator#47",
      "Sco": 0,
      "Sold": 0,
      "Demo": 0,
      "Med": 0,
      "HwG": 0,
      "Pyro": 600,
      "Spy": 0,
      "Eng": 0
    },
    {
      "Name": "shock144#485",
      "Sco": 0,
      "Sold": 0,
      "Demo": 0,
      "Med": 600,
      "HwG": 0,
      "Pyro": 0,
      "Spy": 0,
      "Eng": 0
    },
    {
      "Name": "Kylarn#302",
      "Sco": 162,
      "Sold": 0,
      "Demo": 0,
      "Med": 0,
      "HwG": 0,
      "Pyro": 0,
      "Spy": 391,
      "Eng": 0
    },
    {
      "Name": "newby#281",
      "Sco": 0,
      "Sold": 0,
      "Demo": 0,
      "Med": 0,
      "HwG": 0,
      "Pyro": 553,
      "Spy": 0,
      "Eng": 0
    },
    {
      "Name": "pecan#23",
      "Sco": 0,
      "Sold": 553,
      "Demo": 0,
      "Med": 0,
      "HwG": 0,
      "Pyro": 0,
      "Spy": 0,
      "Eng": 0
    },
    {
      "Name": "randomTecH-Z-#77",
      "Sco": 0,
      "Sold": 0,
      "Demo": 0,
      "Med": 553,
      "HwG": 0,
      "Pyro": 0,
      "Spy": 0,
      "Eng": 0
    }
  ],
  "ClassTimeDefence": [
    {
      "Name": ".driz#44",
      "Sco": 0,
      "Sold": 0,
      "Demo": 553,
      "Med": 0,
      "HwG": 0,
      "Pyro": 0,
      "Spy": 0,
      "Eng": 0
    },
    {
      "Name": "haunterpt#337",
      "Sco": 0,
      "Sold": 0,
      "Demo": 0,
      "Med": 0,
      "HwG": 0,
      "Pyro": 553,
      "Spy": 0,
      "Eng": 0
    },
    {
      "Name": "Predator#47",
      "Sco": 0,
      "Sold": 0,
      "Demo": 0,
      "Med": 0,
      "HwG": 553,
      "Pyro": 0,
      "Spy": 0,
      "Eng": 0
    },
    {
      "Name": "shock144#485",
      "Sco": 0,
      "Sold": 0,
      "Demo": 0,
      "Med": 0,
      "HwG": 0,
      "Pyro": 0,
      "Spy": 0,
      "Eng": 553
    },
    {
      "Name": "Kylarn#302",
      "Sco": 0,
      "Sold": 0,
      "Demo": 0,
      "Med": 0,
      "HwG": 0,
      "Pyro": 0,
      "Spy": 0,
      "Eng": 600
    },
    {
      "Name": "newby#281",
      "Sco": 0,
      "Sold": 0,
      "Demo": 0,
      "Med": 0,
      "HwG": 600,
      "Pyro": 0,
      "Spy": 0,
      "Eng": 0
    },
    {
      "Name": "pecan#23",
      "Sco": 0,
      "Sold": 0,
      "Demo": 600,
      "Med": 0,
      "HwG": 0,
      "Pyro": 0,
      "Spy": 0,
      "Eng": 0
    },
    {
      "Name": "randomTecH-Z-#77",
      "Sco": 0,
      "Sold": 0,
      "Demo": 0,
      "Med": 0,
      "HwG": 0,
      "Pyro": 600,
      "Spy": 0,
      "Eng": 0
    }
  ]
}
