{
  "Matches": [
    {
      "Server": "virginia/staging",
      "Match": "2023-02-17-03-54-32_[ff-swoop]",
      "Winner": "Team2",
      "Rating": "36%",
      "Score1": 30,
      "Team1": "bgameoverb,mwleonard,rspredator,welsher.wwg",
      "Score2": 40,
      "Team2": "(1)4lvid,4lgonadsandstrife,buggattiwwg,justicewwg"
    }
  ],
  "SummaryAttack": [
    {
      "Name": "bgameoverb",
      "KPM": 0.7,
      "KD": 0.28,
      "Kills": 7,
      "Death": 25,
      "TKill": 2,
      "Dmg": 1318,
      "DPM": 132,
      "FlagCap": 1,
      "FlagTake": 4,
      "FlagTime": "0:17",
      "FlagStop": 0,
      "Win": 0,
      "Draw": 0,
      "Loss": 1,
      "TimePlayed": "10:00",
      "Classes": "Spy  100%"
    },
    {
      "Name": "mwleonard",
      "KPM": 1.2,
      "KD": 0.44,
      "Kills": 12,
      "Death": 27,
      "TKill": 0,
      "Dmg": 2460,
      "DPM": 246,
      "FlagCap": 1,
      "FlagTake": 3,
      "FlagTime": "0:44",
      "FlagStop": 0,
      "Win": 0,
      "Draw": 0,
      "Loss": 1,
      "TimePlayed": "10:00",
      "Classes": "Pyro 100%"
    },
    {
      "Name": "rspredator",
      "KPM": 1.4,
      "KD": 0.4,
      "Kills": 14,
      "Death": 35,
      "TKill": 0,
      "Dmg": 1951,
      "DPM": 195,
      "FlagCap": 1,
      "FlagTake": 10,
      "FlagTime": "0:30",
      "FlagStop": 0,
      "Win": 0,
      "Draw": 0,
      "Loss": 1,
      "TimePlayed": "10:00",
      "Classes": "Med  100%"
    },
    {
      "Name": "welsher.wwg",
      "KPM": 2.5,
      "KD": 0.96,
      "Kills": 25,
      "Death": 26,
      "TKill": 1,
      "Dmg": 5443,
      "DPM": 544,
      "FlagCap": 1,
      "FlagTake": 6,
      "FlagTime": "0:08",
      "FlagStop": 0,
      "Win": 0,
      "Draw": 0,
      "Loss": 1,
      "TimePlayed": "10:00",
      "Classes": "Sold 100%"
    },
    {
      "Name": "(1)4lvid",
      "KPM": 2.04,
      "KD": 0.62,
      "Kills": 13,
      "Death": 21,
      "TKill": 0,
      "Dmg": 2681,
      "DPM": 420,
      "FlagCap": 1,
      "FlagTake": 1,
      "FlagTime": "0:01",
      "FlagStop": 0,
      "Win": 1,
      "Draw": 0,
      "Loss": 0,
      "TimePlayed": "6:23",
      "Classes": "Pyro 100%"
    },
    {
      "Name": "4lgonadsandstrife",
      "KPM": 0.63,
      "KD": 0.22,
      "Kills": 4,
      "Death": 18,
      "TKill": 1,
      "Dmg": 1254,
      "DPM": 196,
      "FlagCap": 1,
      "FlagTake": 2,
      "FlagTime": "0:02",
      "FlagStop": 0,
      "Win": 1,
      "Draw": 0,
      "Loss": 0,
      "TimePlayed": "6:23",
      "Classes": "Spy  100%"
    },
    {
      "Name": "buggattiwwg",
      "KPM": 1.57,
      "KD": 0.53,
      "Kills": 10,
      "Death": 19,
      "TKill": 2,
      "Dmg": 2622,
      "DPM": 411,
      "FlagCap": 2,
      "FlagTake": 2,
      "FlagTime": "0:34",
      "FlagStop": 0,
      "Win": 1,
      "Draw": 0,
      "Loss": 0,
      "TimePlayed": "6:23",
      "Classes": "Sold 100%"
    },
    {
      "Name": "justicewwg",
      "KPM": 1.1,
      "KD": 0.39,
      "Kills": 7,
      "Death": 18,
      "TKill": 0,
      "Dmg": 1900,
      "DPM": 298,
      "FlagCap": 2,
      "FlagTake": 6,
      "FlagTime": "0:36",
      "FlagStop": 0,
      "Win": 1,
      "Draw": 0,
      "Loss": 0,
      "TimePlayed": "6:23",
      "Classes": "Med  100%"
    }
  ],
  "SummaryDefence": [
    {
      "Name": "bgameoverb",
      "KPM": 2.98,
      "KD": 2.38,
      "Kills": 19,
      "Death": 8,
      "TKill": 2,
      "Dmg": 4092,
      "DPM": 641,
      "FlagCap": 0,
      "FlagTake": 0,
      "FlagTime": 0,
      "FlagStop": 1,
      "Win": 0,
      "Draw": 0,
      "Loss": 1,
      "TimePlayed": "6:23",
      "Classes": "HwG  100%"
    },
    {
      "Name": "mwleonard",
      "KPM": 2.35,
      "KD": 1.5,
      "Kills": 15,
      "Death": 10,
      "TKill": 3,
      "Dmg": 1825,
      "DPM": 286,
      "FlagCap": 0,
      "FlagTake": 0,
      "FlagTime": 0,
      "FlagStop": 1,
      "Win": 0,
      "Draw": 0,
      "Loss": 1,
      "TimePlayed": "6:23",
      "Classes": "Eng  100%"
    },
    {
      "Name": "rspredator",
      "KPM": 2.35,
      "KD": 0.75,
      "Kills": 15,
      "Death": 20,
      "TKill": 1,
      "Dmg": 3417,
      "DPM": 535,
      "FlagCap": 0,
      "FlagTake": 0,
      "FlagTime": 0,
      "FlagStop": 1,
      "Win": 0,
      "Draw": 0,
      "Loss": 1,
      "TimePlayed": "6:23",
      "Classes": "Pyro 100%"
    },
    {
      "Name": "welsher.wwg",
      "KPM": 3.45,
      "KD": 1.38,
      "Kills": 22,
      "Death": 16,
      "TKill": 5,
      "Dmg": 3823,
      "DPM": 599,
      "FlagCap": 0,
      "FlagTake": 0,
      "FlagTime": 0,
      "FlagStop": 1,
      "Win": 0,
      "Draw": 0,
      "Loss": 1,
      "TimePlayed": "6:23",
      "Classes": "Demo 100%"
    },
    {
      "Name": "(1)4lvid",
      "KPM": 1.4,
      "KD": 0.82,
      "Kills": 14,
      "Death": 17,
      "TKill": 3,
      "Dmg": 4017,
      "DPM": 402,
      "FlagCap": 0,
      "FlagTake": 0,
      "FlagTime": 0,
      "FlagStop": 1,
      "Win": 1,
      "Draw": 0,
      "Loss": 0,
      "TimePlayed": "10:00",
      "Classes": "Pyro 100%"
    },
    {
      "Name": "4lgonadsandstrife",
      "KPM": 2.7,
      "KD": 1.42,
      "Kills": 27,
      "Death": 19,
      "TKill": 3,
      "Dmg": 4348,
      "DPM": 435,
      "FlagCap": 0,
      "FlagTake": 0,
      "FlagTime": 0,
      "FlagStop": 2,
      "Win": 1,
      "Draw": 0,
      "Loss": 0,
      "TimePlayed": "10:00",
      "Classes": "Eng  100%"
    },
    {
      "Name": "buggattiwwg",
      "KPM": 2.5,
      "KD": 1.04,
      "Kills": 25,
      "Death": 24,
      "TKill": 3,
      "Dmg": 6431,
      "DPM": 643,
      "FlagCap": 0,
      "FlagTake": 0,
      "FlagTime": 0,
      "FlagStop": 1,
      "Win": 1,
      "Draw": 0,
      "Loss": 0,
      "TimePlayed": "10:00",
      "Classes": "Sold 100%"
    },
    {
      "Name": "justicewwg",
      "KPM": 3.3,
      "KD": 1.65,
      "Kills": 33,
      "Death": 20,
      "TKill": 9,
      "Dmg": 5928,
      "DPM": 593,
      "FlagCap": 0,
      "FlagTake": 0,
      "FlagTime": 0,
      "FlagStop": 1,
      "Win": 1,
      "Draw": 0,
      "Loss": 0,
      "TimePlayed": "10:00",
      "Classes": "Demo 100%"
    }
  ],
  "ClassFragAttack": [
    {
      "Name": "bgameoverb",
      "Sco": 0,
      "KPM1": null,
      "Sold": 0,
      "KPM3": null,
      "Demo": 0,
      "KPM4": null,
      "Med": 0,
      "KPM5": null,
      "HwG": 0,
      "KPM6": null,
      "Pyro": 0,
      "KPM7": null,
      "Spy": 7,
      "KPM8": 0.7,
      "Eng": 0,
      "KPM9": null,
      "SG": 0,
      "KPM0": null
    },
    {
      "Name": "mwleonard",
      "Sco": 0,
      "KPM1": null,
      "Sold": 0,
      "KPM3": null,
      "Demo": 0,
      "KPM4": null,
      "Med": 0,
      "KPM5": null,
      "HwG": 0,
      "KPM6": null,
      "Pyro": 12,
      "KPM7": 1.2,
      "Spy": 0,
      "KPM8": null,
      "Eng": 0,
      "KPM9": null,
      "SG": 0,
      "KPM0": null
    },
    {
      "Name": "rspredator",
      "Sco": 0,
      "KPM1": null,
      "Sold": 0,
      "KPM3": null,
      "Demo": 0,
      "KPM4": null,
      "Med": 14,
      "KPM5": 1.4,
      "HwG": 0,
      "KPM6": null,
      "Pyro": 0,
      "KPM7": null,
      "Spy": 0,
      "KPM8": null,
      "Eng": 0,
      "KPM9": null,
      "SG": 0,
      "KPM0": null
    },
    {
      "Name": "welsher.wwg",
      "Sco": 0,
      "KPM1": null,
      "Sold": 25,
      "KPM3": 2.5,
      "Demo": 0,
      "KPM4": null,
      "Med": 0,
      "KPM5": null,
      "HwG": 0,
      "KPM6": null,
      "Pyro": 0,
      "KPM7": null,
      "Spy": 0,
      "KPM8": null,
      "Eng": 0,
      "KPM9": null,
      "SG": 0,
      "KPM0": null
    },
    {
      "Name": "(1)4lvid",
      "Sco": 0,
      "KPM1": null,
      "Sold": 0,
      "KPM3": null,
      "Demo": 0,
      "KPM4": null,
      "Med": 0,
      "KPM5": null,
      "HwG": 0,
      "KPM6": null,
      "Pyro": 13,
      "KPM7": 2.04,
      "Spy": 0,
      "KPM8": null,
      "Eng": 0,
      "KPM9": null,
      "SG": 0,
      "KPM0": null
    },
    {
      "Name": "4lgonadsandstrife",
      "Sco": 0,
      "KPM1": null,
      "Sold": 0,
      "KPM3": null,
      "Demo": 0,
      "KPM4": null,
      "Med": 0,
      "KPM5": null,
      "HwG": 0,
      "KPM6": null,
      "Pyro": 0,
      "KPM7": null,
      "Spy": 4,
      "KPM8": 0.63,
      "Eng": 0,
      "KPM9": null,
      "SG": 0,
      "KPM0": null
    },
    {
      "Name": "buggattiwwg",
      "Sco": 0,
      "KPM1": null,
      "Sold": 10,
      "KPM3": 1.57,
      "Demo": 0,
      "KPM4": null,
      "Med": 0,
      "KPM5": null,
      "HwG": 0,
      "KPM6": null,
      "Pyro": 0,
      "KPM7": null,
      "Spy": 0,
      "KPM8": null,
      "Eng": 0,
      "KPM9": null,
      "SG": 0,
      "KPM0": null
    },
    {
      "Name": "justicewwg",
      "Sco": 0,
      "KPM1": null,
      "Sold": 0,
      "KPM3": null,
      "Demo": 0,
      "KPM4": null,
      "Med": 7,
      "KPM5": 1.1,
      "HwG": 0,
      "KPM6": null,
      "Pyro": 0,
      "KPM7": null,
      "Spy": 0,
      "KPM8": null,
      "Eng": 0,
      "KPM9": null,
      "SG": 0,
      "KPM0": null
    }
  ],
  "ClassFragDefence": [
    {
      "Name": "bgameoverb",
      "Sco": 0,
      "KPM1": null,
      "Sold": 0,
      "KPM3": null,
      "Demo": 0,
      "KPM4": null,
      "Med": 0,
      "KPM5": null,
      "HwG": 19,
      "KPM6": 2.98,
      "Pyro": 0,
      "KPM7": null,
      "Spy": 0,
      "KPM8": null,
      "Eng": 0,
      "KPM9": null,
      "SG": 0,
      "KPM0": null
    },
    {
      "Name": "mwleonard",
      "Sco": 0,
      "KPM1": null,
      "Sold": 0,
      "KPM3": null,
      "Demo": 0,
      "KPM4": null,
      "Med": 0,
      "KPM5": null,
      "HwG": 0,
      "KPM6": null,
      "Pyro": 0,
      "KPM7": null,
      "Spy": 0,
      "KPM8": null,
      "Eng": 4,
      "KPM9": 0.63,
      "SG": 11,
      "KPM0": 1.72
    },
    {
      "Name": "rspredator",
      "Sco": 0,
      "KPM1": null,
      "Sold": 0,
      "KPM3": null,
      "Demo": 0,
      "KPM4": null,
      "Med": 0,
      "KPM5": null,
      "HwG": 0,
      "KPM6": null,
      "Pyro": 15,
      "KPM7": 2.35,
      "Spy": 0,
      "KPM8": null,
      "Eng": 0,
      "KPM9": null,
      "SG": 0,
      "KPM0": null
    },
    {
      "Name": "welsher.wwg",
      "Sco": 0,
      "KPM1": null,
      "Sold": 0,
      "KPM3": null,
      "Demo": 22,
      "KPM4": 3.45,
      "Med": 0,
      "KPM5": null,
      "HwG": 0,
      "KPM6": null,
      "Pyro": 0,
      "KPM7": null,
      "Spy": 0,
      "KPM8": null,
      "Eng": 0,
      "KPM9": null,
      "SG": 0,
      "KPM0": null
    },
    {
      "Name": "(1)4lvid",
      "Sco": 0,
      "KPM1": null,
      "Sold": 0,
      "KPM3": null,
      "Demo": 0,
      "KPM4": null,
      "Med": 0,
      "KPM5": null,
      "HwG": 0,
      "KPM6": null,
      "Pyro": 14,
      "KPM7": 1.4,
      "Spy": 0,
      "KPM8": null,
      "Eng": 0,
      "KPM9": null,
      "SG": 0,
      "KPM0": null
    },
    {
      "Name": "4lgonadsandstrife",
      "Sco": 0,
      "KPM1": null,
      "Sold": 0,
      "KPM3": null,
      "Demo": 0,
      "KPM4": null,
      "Med": 0,
      "KPM5": null,
      "HwG": 0,
      "KPM6": null,
      "Pyro": 0,
      "KPM7": null,
      "Spy": 0,
      "KPM8": null,
      "Eng": 12,
      "KPM9": 1.2,
      "SG": 15,
      "KPM0": 1.5
    },
    {
      "Name": "buggattiwwg",
      "Sco": 0,
      "KPM1": null,
      "Sold": 25,
      "KPM3": 2.5,
      "Demo": 0,
      "KPM4": null,
      "Med": 0,
      "KPM5": null,
      "HwG": 0,
      "KPM6": null,
      "Pyro": 0,
      "KPM7": null,
      "Spy": 0,
      "KPM8": null,
      "Eng": 0,
      "KPM9": null,
      "SG": 0,
      "KPM0": null
    },
    {
      "Name": "justicewwg",
      "Sco": 0,
      "KPM1": null,
      "Sold": 0,
      "KPM3": null,
      "Demo": 33,
      "KPM4": 3.3,
      "Med": 0,
      "KPM5": null,
      "HwG": 0,
      "KPM6": null,
      "Pyro": 0,
      "KPM7": null,
      "Spy": 0,
      "KPM8": null,
      "Eng": 0,
      "KPM9": null,
      "SG": 0,
      "KPM0": null
    }
  ],
  "ClassTimeAttack": [
    {
      "Name": "bgameoverb",
      "Sco": 0,
      "Sold": 0,
      "Demo": 0,
      "Med": 0,
      "HwG": 0,
      "Pyro": 0,
      "Spy": 600,
      "Eng": 0
    },
    {
      "Name": "mwleonard",
      "Sco": 0,
      "Sold": 0,
      "Demo": 0,
      "Med": 0,
      "HwG": 0,
      "Pyro": 600,
      "Spy": 0,
      "Eng": 0
    },
    {
      "Name": "rspredator",
      "Sco": 0,
      "Sold": 0,
      "Demo": 0,
      "Med": 600,
      "HwG": 0,
      "Pyro": 0,
      "Spy": 0,
      "Eng": 0
    },
    {
      "Name": "welsher.wwg",
      "Sco": 0,
      "Sold": 600,
      "Demo": 0,
      "Med": 0,
      "HwG": 0,
      "Pyro": 0,
      "Spy": 0,
      "Eng": 0
    },
    {
      "Name": "(1)4lvid",
      "Sco": 0,
      "Sold": 0,
      "Demo": 0,
      "Med": 0,
      "HwG": 0,
      "Pyro": 383,
      "Spy": 0,
      "Eng": 0
    },
    {
      "Name": "4lgonadsandstrife",
      "Sco": 0,
      "Sold": 0,
      "Demo": 0,
      "Med": 0,
      "HwG": 0,
      "Pyro": 0,
      "Spy": 383,
      "Eng": 0
    },
    {
      "Name": "buggattiwwg",
      "Sco": 0,
      "Sold": 383,
      "Demo": 0,
      "Med": 0,
      "HwG": 0,
      "Pyro": 0,
      "Spy": 0,
      "Eng": 0
    },
    {
      "Name": "justicewwg",
      "Sco": 0,
      "Sold": 0,
      "Demo": 0,
      "Med": 383,
      "HwG": 0,
      "Pyro": 0,
      "Spy": 0,
      "Eng": 0
    }
  ],
  "ClassTimeDefence": [
    {
      "Name": "bgameoverb",
      "Sco": 0,
      "Sold": 0,
      "Demo": 0,
      "Med": 0,
      "HwG": 383,
      "Pyro": 0,
      "Spy": 0,
      "Eng": 0
    },
    {
      "Name": "mwleonard",
      "Sco": 0,
      "Sold": 0,
      "Demo": 0,
      "Med": 0,
      "HwG": 0,
      "Pyro": 0,
      "Spy": 0,
      "Eng": 383
    },
    {
      "Name": "rspredator",
      "Sco": 0,
      "Sold": 0,
      "Demo": 0,
      "Med": 0,
      "HwG": 0,
      "Pyro": 383,
      "Spy": 0,
      "Eng": 0
    },
    {
      "Name": "welsher.wwg",
      "Sco": 0,
      "Sold": 0,
      "Demo": 383,
      "Med": 0,
      "HwG": 0,
      "Pyro": 0,
      "Spy": 0,
      "Eng": 0
    },
    {
      "Name": "(1)4lvid",
      "Sco": 0,
      "Sold": 0,
      "Demo": 0,
      "Med": 0,
      "HwG": 0,
      "Pyro": 600,
      "Spy": 0,
      "Eng": 0
    },
    {
      "Name": "4lgonadsandstrife",
      "Sco": 0,
      "Sold": 0,
      "Demo": 0,
      "Med": 0,
      "HwG": 0,
      "Pyro": 0,
      "Spy": 0,
      "Eng": 600
    },
    {
      "Name": "buggattiwwg",
      "Sco": 0,
      "Sold": 600,
      "Demo": 0,
      "Med": 0,
      "HwG": 0,
      "Pyro": 0,
      "Spy": 0,
      "Eng": 0
    },
    {
      "Name": "justicewwg",
      "Sco": 0,
      "Sold": 0,
      "Demo": 600,
      "Med": 0,
      "HwG": 0,
      "Pyro": 0,
      "Spy": 0,
      "Eng": 0
    }
  ]
}
