{
  "Matches": [
    {
      "Server": "virginia/staging",
      "Match": "2023-02-19-19-02-13_[ff-2fort]",
      "Winner": "Team2",
      "Rating": "72%",
      "Score1": 0,
      "Team1": "skalpha,skfraggl,skstn,stm[sk-fan]",
      "Score2": 10,
      "Team2": "4lbone,4lgonadsandstrife,4lvid,l"
    }
  ],
  "SummaryAttack": [
    {
      "Name": "skalpha",
      "KPM": 0.8,
      "KD": 0.29,
      "Kills": 8,
      "Death": 28,
      "TKill": 1,
      "Dmg": 1477,
      "DPM": 148,
      "FlagCap": 1,
      "FlagTake": 4,
      "FlagTime": "0:15",
      "FlagStop": 0,
      "Win": 0,
      "Draw": 0,
      "Loss": 1,
      "TimePlayed": "10:00",
      "Classes": "Med  100%"
    },
    {
      "Name": "skfraggl",
      "KPM": 0.4,
      "KD": 0.2,
      "Kills": 4,
      "Death": 20,
      "TKill": 1,
      "Dmg": 1774,
      "DPM": 177,
      "FlagCap": 1,
      "FlagTake": 1,
      "FlagTime": "0:07",
      "FlagStop": 0,
      "Win": 0,
      "Draw": 0,
      "Loss": 1,
      "TimePlayed": "10:00",
      "Classes": "Spy  100%"
    },
    {
      "Name": "skstn",
      "KPM": 1.1,
      "KD": 0.46,
      "Kills": 11,
      "Death": 24,
      "TKill": 4,
      "Dmg": 3076,
      "DPM": 308,
      "FlagCap": 1,
      "FlagTake": 1,
      "FlagTime": "0:06",
      "FlagStop": 0,
      "Win": 0,
      "Draw": 0,
      "Loss": 1,
      "TimePlayed": "10:00",
      "Classes": "Sold 100%"
    },
    {
      "Name": "stm[sk-fan]",
      "KPM": 1.3,
      "KD": 0.5,
      "Kills": 13,
      "Death": 26,
      "TKill": 0,
      "Dmg": 2628,
      "DPM": 263,
      "FlagCap": 1,
      "FlagTake": 3,
      "FlagTime": "0:10",
      "FlagStop": 0,
      "Win": 0,
      "Draw": 0,
      "Loss": 1,
      "TimePlayed": "10:00",
      "Classes": "Pyro 100%"
    },
    {
      "Name": "4lbone",
      "KPM": 0.35,
      "KD": 0.17,
      "Kills": 1,
      "Death": 6,
      "TKill": 0,
      "Dmg": 637,
      "DPM": 224,
      "FlagCap": 1,
      "FlagTake": 2,
      "FlagTime": "0:06",
      "FlagStop": 0,
      "Win": 1,
      "Draw": 0,
      "Loss": 0,
      "TimePlayed": "2:51",
      "Classes": "Spy  100%"
    },
    {
      "Name": "4lgonadsandstrife",
      "KPM": 3.51,
      "KD": 1.67,
      "Kills": 10,
      "Death": 6,
      "TKill": 0,
      "Dmg": 1850,
      "DPM": 649,
      "FlagCap": 1,
      "FlagTake": 1,
      "FlagTime": "0:03",
      "FlagStop": 0,
      "Win": 1,
      "Draw": 0,
      "Loss": 0,
      "TimePlayed": "2:51",
      "Classes": "Sold 100%"
    },
    {
      "Name": "4lvid",
      "KPM": 3.16,
      "KD": 1.8,
      "Kills": 9,
      "Death": 5,
      "TKill": 2,
      "Dmg": 1413,
      "DPM": 496,
      "FlagCap": 1,
      "FlagTake": 1,
      "FlagTime": "0:01",
      "FlagStop": 0,
      "Win": 1,
      "Draw": 0,
      "Loss": 0,
      "TimePlayed": "2:51",
      "Classes": "Pyro 100%"
    },
    {
      "Name": "l",
      "KPM": 0.35,
      "KD": 0.17,
      "Kills": 1,
      "Death": 6,
      "TKill": 0,
      "Dmg": 497,
      "DPM": 174,
      "FlagCap": 1,
      "FlagTake": 6,
      "FlagTime": "1:05",
      "FlagStop": 0,
      "Win": 1,
      "Draw": 0,
      "Loss": 0,
      "TimePlayed": "2:51",
      "Classes": "Med  100%"
    }
  ],
  "SummaryDefence": [
    {
      "Name": "skalpha",
      "KPM": 1.05,
      "KD": 0.5,
      "Kills": 3,
      "Death": 6,
      "TKill": 2,
      "Dmg": 527,
      "DPM": 185,
      "FlagCap": 0,
      "FlagTake": 0,
      "FlagTime": 0,
      "FlagStop": 1,
      "Win": 0,
      "Draw": 0,
      "Loss": 1,
      "TimePlayed": "2:51",
      "Classes": "Demo 100%"
    },
    {
      "Name": "skfraggl",
      "KPM": 0.35,
      "KD": 0.1,
      "Kills": 1,
      "Death": 10,
      "TKill": 0,
      "Dmg": 467,
      "DPM": 164,
      "FlagCap": 0,
      "FlagTake": 0,
      "FlagTime": 0,
      "FlagStop": 1,
      "Win": 0,
      "Draw": 0,
      "Loss": 1,
      "TimePlayed": "2:51",
      "Classes": "Eng  100%"
    },
    {
      "Name": "skstn",
      "KPM": 2.81,
      "KD": 1,
      "Kills": 8,
      "Death": 8,
      "TKill": 2,
      "Dmg": 1121,
      "DPM": 393,
      "FlagCap": 0,
      "FlagTake": 0,
      "FlagTime": 0,
      "FlagStop": 2,
      "Win": 0,
      "Draw": 0,
      "Loss": 1,
      "TimePlayed": "2:51",
      "Classes": "Sold 100%"
    },
    {
      "Name": "stm[sk-fan]",
      "KPM": 1.05,
      "KD": 0.6,
      "Kills": 3,
      "Death": 5,
      "TKill": 2,
      "Dmg": 1574,
      "DPM": 552,
      "FlagCap": 0,
      "FlagTake": 0,
      "FlagTime": 0,
      "FlagStop": 1,
      "Win": 0,
      "Draw": 0,
      "Loss": 1,
      "TimePlayed": "2:51",
      "Classes": "Pyro 100%"
    },
    {
      "Name": "4lbone",
      "KPM": 2.1,
      "KD": 3.5,
      "Kills": 21,
      "Death": 6,
      "TKill": 6,
      "Dmg": 3504,
      "DPM": 350,
      "FlagCap": 0,
      "FlagTake": 0,
      "FlagTime": 0,
      "FlagStop": 4,
      "Win": 1,
      "Draw": 0,
      "Loss": 0,
      "TimePlayed": "10:00",
      "Classes": "Demo 100%"
    },
    {
      "Name": "4lgonadsandstrife",
      "KPM": 2.2,
      "KD": 1.22,
      "Kills": 22,
      "Death": 18,
      "TKill": 3,
      "Dmg": 5530,
      "DPM": 553,
      "FlagCap": 0,
      "FlagTake": 0,
      "FlagTime": 0,
      "FlagStop": 1,
      "Win": 1,
      "Draw": 0,
      "Loss": 0,
      "TimePlayed": "10:00",
      "Classes": "Sold 100%"
    },
    {
      "Name": "4lvid",
      "KPM": 1.7,
      "KD": 1.21,
      "Kills": 17,
      "Death": 14,
      "TKill": 3,
      "Dmg": 3032,
      "DPM": 303,
      "FlagCap": 0,
      "FlagTake": 0,
      "FlagTime": 0,
      "FlagStop": 1,
      "Win": 1,
      "Draw": 0,
      "Loss": 0,
      "TimePlayed": "10:00",
      "Classes": "Eng  100%"
    },
    {
      "Name": "l",
      "KPM": 2.1,
      "KD": 1.05,
      "Kills": 21,
      "Death": 20,
      "TKill": 0,
      "Dmg": 5364,
      "DPM": 536,
      "FlagCap": 0,
      "FlagTake": 0,
      "FlagTime": 0,
      "FlagStop": 1,
      "Win": 1,
      "Draw": 0,
      "Loss": 0,
      "TimePlayed": "10:00",
      "Classes": "Pyro 100%"
    }
  ],
  "ClassFragAttack": [
    {
      "Name": "skalpha",
      "Sco": 0,
      "KPM1": null,
      "Sold": 0,
      "KPM3": null,
      "Demo": 0,
      "KPM4": null,
      "Med": 8,
      "KPM5": 0.8,
      "HwG": 0,
      "KPM6": null,
      "Pyro": 0,
      "KPM7": null,
      "Spy": 0,
      "KPM8": null,
      "Eng": 0,
      "KPM9": null,
      "SG": 0,
      "KPM0": null
    },
    {
      "Name": "skfraggl",
      "Sco": 0,
      "KPM1": null,
      "Sold": 0,
      "KPM3": null,
      "Demo": 0,
      "KPM4": null,
      "Med": 0,
      "KPM5": null,
      "HwG": 0,
      "KPM6": null,
      "Pyro": 0,
      "KPM7": null,
      "Spy": 4,
      "KPM8": 0.4,
      "Eng": 0,
      "KPM9": null,
      "SG": 0,
      "KPM0": null
    },
    {
      "Name": "skstn",
      "Sco": 0,
      "KPM1": null,
      "Sold": 11,
      "KPM3": 1.1,
      "Demo": 0,
      "KPM4": null,
      "Med": 0,
      "KPM5": null,
      "HwG": 0,
      "KPM6": null,
      "Pyro": 0,
      "KPM7": null,
      "Spy": 0,
      "KPM8": null,
      "Eng": 0,
      "KPM9": null,
      "SG": 0,
      "KPM0": null
    },
    {
      "Name": "stm[sk-fan]",
      "Sco": 0,
      "KPM1": null,
      "Sold": 0,
      "KPM3": null,
      "Demo": 0,
      "KPM4": null,
      "Med": 0,
      "KPM5": null,
      "HwG": 0,
      "KPM6": null,
      "Pyro": 13,
      "KPM7": 1.3,
      "Spy": 0,
      "KPM8": null,
      "Eng": 0,
      "KPM9": null,
      "SG": 0,
      "KPM0": null
    },
    {
      "Name": "4lbone",
      "Sco": 0,
      "KPM1": null,
      "Sold": 0,
      "KPM3": null,
      "Demo": 0,
      "KPM4": null,
      "Med": 0,
      "KPM5": null,
      "HwG": 0,
      "KPM6": null,
      "Pyro": 0,
      "KPM7": null,
      "Spy": 1,
      "KPM8": 0.35,
      "Eng": 0,
      "KPM9": null,
      "SG": 0,
      "KPM0": null
    },
    {
      "Name": "4lgonadsandstrife",
      "Sco": 0,
      "KPM1": null,
      "Sold": 10,
      "KPM3": 3.51,
      "Demo": 0,
      "KPM4": null,
      "Med": 0,
      "KPM5": null,
      "HwG": 0,
      "KPM6": null,
      "Pyro": 0,
      "KPM7": null,
      "Spy": 0,
      "KPM8": null,
      "Eng": 0,
      "KPM9": null,
      "SG": 0,
      "KPM0": null
    },
    {
      "Name": "4lvid",
      "Sco": 0,
      "KPM1": null,
      "Sold": 0,
      "KPM3": null,
      "Demo": 0,
      "KPM4": null,
      "Med": 0,
      "KPM5": null,
      "HwG": 0,
      "KPM6": null,
      "Pyro": 9,
      "KPM7": 3.16,
      "Spy": 0,
      "KPM8": null,
      "Eng": 0,
      "KPM9": null,
      "SG": 0,
      "KPM0": null
    },
    {
      "Name": "l",
      "Sco": 0,
      "KPM1": null,
      "Sold": 0,
      "KPM3": null,
      "Demo": 0,
      "KPM4": null,
      "Med": 1,
      "KPM5": 0.35,
      "HwG": 0,
      "KPM6": null,
      "Pyro": 0,
      "KPM7": null,
      "Spy": 0,
      "KPM8": null,
      "Eng": 0,
      "KPM9": null,
      "SG": 0,
      "KPM0": null
    }
  ],
  "ClassFragDefence": [
    {
      "Name": "skalpha",
      "Sco": 0,
      "KPM1": null,
      "Sold": 0,
      "KPM3": null,
      "Demo": 3,
      "KPM4": 1.05,
      "Med": 0,
      "KPM5": null,
      "HwG": 0,
      "KPM6": null,
      "Pyro": 0,
      "KPM7": null,
      "Spy": 0,
      "KPM8": null,
      "Eng": 0,
      "KPM9": null,
      "SG": 0,
      "KPM0": null
    },
    {
      "Name": "skfraggl",
      "Sco": 0,
      "KPM1": null,
      "Sold": 0,
      "KPM3": null,
      "Demo": 0,
      "KPM4": null,
      "Med": 0,
      "KPM5": null,
      "HwG": 0,
      "KPM6": null,
      "Pyro": 0,
      "KPM7": null,
      "Spy": 0,
      "KPM8": null,
      "Eng": 1,
      "KPM9": 0.35,
      "SG": 0,
      "KPM0": null
    },
    {
      "Name": "skstn",
      "Sco": 0,
      "KPM1": null,
      "Sold": 8,
      "KPM3": 2.81,
      "Demo": 0,
      "KPM4": null,
      "Med": 0,
      "KPM5": null,
      "HwG": 0,
      "KPM6": null,
      "Pyro": 0,
      "KPM7": null,
      "Spy": 0,
      "KPM8": null,
      "Eng": 0,
      "KPM9": null,
      "SG": 0,
      "KPM0": null
    },
    {
      "Name": "stm[sk-fan]",
      "Sco": 0,
      "KPM1": null,
      "Sold": 0,
      "KPM3": null,
      "Demo": 0,
      "KPM4": null,
      "Med": 0,
      "KPM5": null,
      "HwG": 0,
      "KPM6": null,
      "Pyro": 3,
      "KPM7": 1.05,
      "Spy": 0,
      "KPM8": null,
      "Eng": 0,
      "KPM9": null,
      "SG": 0,
      "KPM0": null
    },
    {
      "Name": "4lbone",
      "Sco": 0,
      "KPM1": null,
      "Sold": 0,
      "KPM3": null,
      "Demo": 21,
      "KPM4": 2.1,
      "Med": 0,
      "KPM5": null,
      "HwG": 0,
      "KPM6": null,
      "Pyro": 0,
      "KPM7": null,
      "Spy": 0,
      "KPM8": null,
      "Eng": 0,
      "KPM9": null,
      "SG": 0,
      "KPM0": null
    },
    {
      "Name": "4lgonadsandstrife",
      "Sco": 0,
      "KPM1": null,
      "Sold": 22,
      "KPM3": 2.2,
      "Demo": 0,
      "KPM4": null,
      "Med": 0,
      "KPM5": null,
      "HwG": 0,
      "KPM6": null,
      "Pyro": 0,
      "KPM7": null,
      "Spy": 0,
      "KPM8": null,
      "Eng": 0,
      "KPM9": null,
      "SG": 0,
      "KPM0": null
    },
    {
      "Name": "4lvid",
      "Sco": 0,
      "KPM1": null,
      "Sold": 0,
      "KPM3": null,
      "Demo": 0,
      "KPM4": null,
      "Med": 0,
      "KPM5": null,
      "HwG": 0,
      "KPM6": null,
      "Pyro": 0,
      "KPM7": null,
      "Spy": 0,
      "KPM8": null,
      "Eng": 8,
      "KPM9": 0.8,
      "SG": 9,
      "KPM0": 0.9
    },
    {
      "Name": "l",
      "Sco": 0,
      "KPM1": null,
      "Sold": 0,
      "KPM3": null,
      "Demo": 0,
      "KPM4": null,
      "Med": 0,
      "KPM5": null,
      "HwG": 0,
      "KPM6": null,
      "Pyro": 21,
      "KPM7": 2.1,
      "Spy": 0,
      "KPM8": null,
      "Eng": 0,
      "KPM9": null,
      "SG": 0,
      "KPM0": null
    }
  ],
  "ClassTimeAttack": [
    {
      "Name": "skalpha",
      "Sco": 0,
      "Sold": 0,
      "Demo": 0,
      "Med": 600,
      "HwG": 0,
      "Pyro": 0,
      "Spy": 0,
      "Eng": 0
    },
    {
      "Name": "skfraggl",
      "Sco": 0,
      "Sold": 0,
      "Demo": 0,
      "Med": 0,
      "HwG": 0,
      "Pyro": 0,
      "Spy": 600,
      "Eng": 0
    },
    {
      "Name": "skstn",
      "Sco": 0,
      "Sold": 600,
      "Demo": 0,
      "Med": 0,
      "HwG": 0,
      "Pyro": 0,
      "Spy": 0,
      "Eng": 0
    },
    {
      "Name": "stm[sk-fan]",
      "Sco": 0,
      "Sold": 0,
      "Demo": 0,
      "Med": 0,
      "HwG": 0,
      "Pyro": 600,
      "Spy": 0,
      "Eng": 0
    },
    {
      "Name": "4lbone",
      "Sco": 0,
      "Sold": 0,
      "Demo": 0,
      "Med": 0,
      "HwG": 0,
      "Pyro": 0,
      "Spy": 171,
      "Eng": 0
    },
    {
      "Name": "4lgonadsandstrife",
      "Sco": 0,
      "Sold": 171,
      "Demo": 0,
      "Med": 0,
      "HwG": 0,
      "Pyro": 0,
      "Spy": 0,
      "Eng": 0
    },
    {
      "Name": "4lvid",
      "Sco": 0,
      "Sold": 0,
      "Demo": 0,
      "Med": 0,
      "HwG": 0,
      "Pyro": 171,
      "Spy": 0,
      "Eng": 0
    },
    {
      "Name": "l",
      "Sco": 0,
      "Sold": 0,
      "Demo": 0,
      "Med": 171,
      "HwG": 0,
      "Pyro": 0,
      "Spy": 0,
      "Eng": 0
    }
  ],
  "ClassTimeDefence": [
    {
      "Name": "skalpha",
      "Sco": 0,
      "Sold": 0,
      "Demo": 171,
      "Med": 0,
      "HwG": 0,
      "Pyro": 0,
      "Spy": 0,
      "Eng": 0
    },
    {
      "Name": "skfraggl",
      "Sco": 0,
      "Sold": 0,
      "Demo": 0,
      "Med": 0,
      "HwG": 0,
      "Pyro": 0,
      "Spy": 0,
      "Eng": 171
    },
    {
      "Name": "skstn",
      "Sco": 0,
      "Sold": 171,
      "Demo": 0,
      "Med": 0,
      "HwG": 0,
      "Pyro": 0,
      "Spy": 0,
      "Eng": 0
    },
    {
      "Name": "stm[sk-fan]",
      "Sco": 0,
      "Sold": 0,
      "Demo": 0,
      "Med": 0,
      "HwG": 0,
      "Pyro": 171,
      "Spy": 0,
      "Eng": 0
    },
    {
      "Name": "4lbone",
      "Sco": 0,
      "Sold": 0,
      "Demo": 600,
      "Med": 0,
      "HwG": 0,
      "Pyro": 0,
      "Spy": 0,
      "Eng": 0
    },
    {
      "Name": "4lgonadsandstrife",
      "Sco": 0,
      "Sold": 600,
      "Demo": 0,
      "Med": 0,
      "HwG": 0,
      "Pyro": 0,
      "Spy": 0,
      "Eng": 0
    },
    {
      "Name": "4lvid",
      "Sco": 0,
      "Sold": 0,
      "Demo": 0,
      "Med": 0,
      "HwG": 0,
      "Pyro": 0,
      "Spy": 0,
      "Eng": 600
    },
    {
      "Name": "l",
      "Sco": 0,
      "Sold": 0,
      "Demo": 0,
      "Med": 0,
      "HwG": 0,
      "Pyro": 600,
      "Spy": 0,
      "Eng": 0
    }
  ]
}
