{
  "Matches": [
    {
      "Server": "virginia/staging",
      "Match": "2023-04-18-05-38-48_[etf_xpress]",
      "Winner": "Team2",
      "Rating": "20 %",
      "Score1": 90,
      "Team1": "4lvid,testing",
      "Score2": 100,
      "Team2": "4lgonadsandstrife,honeybadger"
    }
  ],
  "SummaryAttack": [
    {
      "Name": "4lvid",
      "KPM": 1.0,
      "KD": 0.22,
      "Kills": 10,
      "Death": 45,
      "TKill": 1,
      "Dmg": 3964.0,
      "DPM": 396.0,
      "FlagCap": 3.0,
      "FlagTake": 16.0,
      "FlagTime": "0:53",
      "FlagStop": 0,
      "Win": 0,
      "Draw": 0,
      "Loss": 1,
      "TimePlayed": "10:00",
      "Classes": "Sold 100 %"
    },
    {
      "Name": "testing",
      "KPM": 0.2,
      "KD": 0.05,
      "Kills": 2,
      "Death": 38,
      "TKill": 0,
      "Dmg": 1161.0,
      "DPM": 116.0,
      "FlagCap": 6.0,
      "FlagTake": 19.0,
      "FlagTime": "2:00",
      "FlagStop": 0,
      "Win": 0,
      "Draw": 0,
      "Loss": 1,
      "TimePlayed": "10:00",
      "Classes": "Med  100 %"
    },
    {
      "Name": "4lgonadsandstrife",
      "KPM": 1.86,
      "KD": 0.39,
      "Kills": 15,
      "Death": 38,
      "TKill": 0,
      "Dmg": 4372.0,
      "DPM": 543.0,
      "FlagCap": 1.0,
      "FlagTake": 8.0,
      "FlagTime": "0:13",
      "FlagStop": 0,
      "Win": 1,
      "Draw": 0,
      "Loss": 0,
      "TimePlayed": "8:03",
      "Classes": "Pyro 100 %"
    },
    {
      "Name": "honeybadger",
      "KPM": 0.5,
      "KD": 0.14,
      "Kills": 4,
      "Death": 29,
      "TKill": 0,
      "Dmg": 1281.0,
      "DPM": 159.0,
      "FlagCap": 9.0,
      "FlagTake": 22.0,
      "FlagTime": "2:41",
      "FlagStop": 0,
      "Win": 1,
      "Draw": 0,
      "Loss": 0,
      "TimePlayed": "8:03",
      "Classes": "Med  100 %"
    }
  ],
  "SummaryDefence": [
    {
      "Name": "4lvid",
      "KPM": 2.48,
      "KD": 0.95,
      "Kills": 20,
      "Death": 21,
      "TKill": 9,
      "Dmg": 3571.0,
      "DPM": 444.0,
      "FlagCap": 0,
      "FlagTake": 0,
      "FlagTime": 0,
      "FlagStop": 1,
      "Win": 0,
      "Draw": 0,
      "Loss": 1,
      "TimePlayed": "8:03",
      "Classes": "Demo 100 %"
    },
    {
      "Name": "testing",
      "KPM": 3.85,
      "KD": 0.89,
      "Kills": 31,
      "Death": 35,
      "TKill": 3,
      "Dmg": 5993.0,
      "DPM": 744.0,
      "FlagCap": 0,
      "FlagTake": 0,
      "FlagTime": 0,
      "FlagStop": 2.0,
      "Win": 0,
      "Draw": 0,
      "Loss": 1,
      "TimePlayed": "8:03",
      "Classes": "Sold 100 %"
    },
    {
      "Name": "4lgonadsandstrife",
      "KPM": 1.7,
      "KD": 0.89,
      "Kills": 17,
      "Death": 19,
      "TKill": 2,
      "Dmg": 4740.0,
      "DPM": 474.0,
      "FlagCap": 0,
      "FlagTake": 0,
      "FlagTime": 0,
      "FlagStop": 2.0,
      "Win": 1,
      "Draw": 0,
      "Loss": 0,
      "TimePlayed": "10:00",
      "Classes": "Pyro 100 %"
    },
    {
      "Name": "honeybadger",
      "KPM": 4.1,
      "KD": 1.95,
      "Kills": 41,
      "Death": 21,
      "TKill": 5,
      "Dmg": 8383.0,
      "DPM": 838.0,
      "FlagCap": 0,
      "FlagTake": 0,
      "FlagTime": 0,
      "FlagStop": 1,
      "Win": 1,
      "Draw": 0,
      "Loss": 0,
      "TimePlayed": "10:00",
      "Classes": "Demo 100 %"
    }
  ],
  "ClassFragAttack": [
    {
      "Name": "4lvid",
      "Sco": 0,
      "KPM1": null,
      "Sold": 10.0,
      "KPM3": 1.0,
      "Demo": 0,
      "KPM4": null,
      "Med": 0,
      "KPM5": null,
      "HwG": 0,
      "KPM6": null,
      "Pyro": 0,
      "KPM7": null,
      "Spy": 0,
      "KPM8": null,
      "Eng": 0,
      "KPM9": null,
      "SG": 0,
      "KPM0": null
    },
    {
      "Name": "testing",
      "Sco": 0,
      "KPM1": null,
      "Sold": 0,
      "KPM3": null,
      "Demo": 0,
      "KPM4": null,
      "Med": 2.0,
      "KPM5": 0.2,
      "HwG": 0,
      "KPM6": null,
      "Pyro": 0,
      "KPM7": null,
      "Spy": 0,
      "KPM8": null,
      "Eng": 0,
      "KPM9": null,
      "SG": 0,
      "KPM0": null
    },
    {
      "Name": "4lgonadsandstrife",
      "Sco": 0,
      "KPM1": null,
      "Sold": 0,
      "KPM3": null,
      "Demo": 0,
      "KPM4": null,
      "Med": 0,
      "KPM5": null,
      "HwG": 0,
      "KPM6": null,
      "Pyro": 15.0,
      "KPM7": 1.86,
      "Spy": 0,
      "KPM8": null,
      "Eng": 0,
      "KPM9": null,
      "SG": 0,
      "KPM0": null
    },
    {
      "Name": "honeybadger",
      "Sco": 0,
      "KPM1": null,
      "Sold": 0,
      "KPM3": null,
      "Demo": 0,
      "KPM4": null,
      "Med": 4.0,
      "KPM5": 0.5,
      "HwG": 0,
      "KPM6": null,
      "Pyro": 0,
      "KPM7": null,
      "Spy": 0,
      "KPM8": null,
      "Eng": 0,
      "KPM9": null,
      "SG": 0,
      "KPM0": null
    }
  ],
  "ClassFragDefence": [
    {
      "Name": "4lvid",
      "Sco": 0,
      "KPM1": null,
      "Sold": 0,
      "KPM3": null,
      "Demo": 20.0,
      "KPM4": 2.48,
      "Med": 0,
      "KPM5": null,
      "HwG": 0,
      "KPM6": null,
      "Pyro": 0,
      "KPM7": null,
      "Spy": 0,
      "KPM8": null,
      "Eng": 0,
      "KPM9": null,
      "SG": 0,
      "KPM0": null
    },
    {
      "Name": "testing",
      "Sco": 0,
      "KPM1": null,
      "Sold": 31.0,
      "KPM3": 3.85,
      "Demo": 0,
      "KPM4": null,
      "Med": 0,
      "KPM5": null,
      "HwG": 0,
      "KPM6": null,
      "Pyro": 0,
      "KPM7": null,
      "Spy": 0,
      "KPM8": null,
      "Eng": 0,
      "KPM9": null,
      "SG": 0,
      "KPM0": null
    },
    {
      "Name": "4lgonadsandstrife",
      "Sco": 0,
      "KPM1": null,
      "Sold": 0,
      "KPM3": null,
      "Demo": 0,
      "KPM4": null,
      "Med": 0,
      "KPM5": null,
      "HwG": 0,
      "KPM6": null,
      "Pyro": 17.0,
      "KPM7": 1.7,
      "Spy": 0,
      "KPM8": null,
      "Eng": 0,
      "KPM9": null,
      "SG": 0,
      "KPM0": null
    },
    {
      "Name": "honeybadger",
      "Sco": 0,
      "KPM1": null,
      "Sold": 0,
      "KPM3": null,
      "Demo": 41.0,
      "KPM4": 4.1,
      "Med": 0,
      "KPM5": null,
      "HwG": 0,
      "KPM6": null,
      "Pyro": 0,
      "KPM7": null,
      "Spy": 0,
      "KPM8": null,
      "Eng": 0,
      "KPM9": null,
      "SG": 0,
      "KPM0": null
    }
  ],
  "ClassTimeAttack": [
    {
      "Name": "4lvid",
      "Sco": 0,
      "Sold": 600,
      "Demo": 0,
      "Med": 0,
      "HwG": 0,
      "Pyro": 0,
      "Spy": 0,
      "Eng": 0
    },
    {
      "Name": "testing",
      "Sco": 0,
      "Sold": 0,
      "Demo": 0,
      "Med": 600,
      "HwG": 0,
      "Pyro": 0,
      "Spy": 0,
      "Eng": 0
    },
    {
      "Name": "4lgonadsandstrife",
      "Sco": 0,
      "Sold": 0,
      "Demo": 0,
      "Med": 0,
      "HwG": 0,
      "Pyro": 483,
      "Spy": 0,
      "Eng": 0
    },
    {
      "Name": "honeybadger",
      "Sco": 0,
      "Sold": 0,
      "Demo": 0,
      "Med": 483,
      "HwG": 0,
      "Pyro": 0,
      "Spy": 0,
      "Eng": 0
    }
  ],
  "ClassTimeDefence": [
    {
      "Name": "4lvid",
      "Sco": 0,
      "Sold": 0,
      "Demo": 483,
      "Med": 0,
      "HwG": 0,
      "Pyro": 0,
      "Spy": 0,
      "Eng": 0
    },
    {
      "Name": "testing",
      "Sco": 0,
      "Sold": 483,
      "Demo": 0,
      "Med": 0,
      "HwG": 0,
      "Pyro": 0,
      "Spy": 0,
      "Eng": 0
    },
    {
      "Name": "4lgonadsandstrife",
      "Sco": 0,
      "Sold": 0,
      "Demo": 0,
      "Med": 0,
      "HwG": 0,
      "Pyro": 600,
      "Spy": 0,
      "Eng": 0
    },
    {
      "Name": "honeybadger",
      "Sco": 0,
      "Sold": 0,
      "Demo": 600,
      "Med": 0,
      "HwG": 0,
      "Pyro": 0,
      "Spy": 0,
      "Eng": 0
    }
  ]
}
