{
  "Matches": [
    {
      "Server": "virginia/staging",
      "Match": "2023-04-18-06-30-11_[desperat]",
      "Winner": null,
      "Rating": "",
      "Score1": null,
      "Team1": "4lvid,testing",
      "Score2": null,
      "Team2": "4lgonadsandstrife,honeybadger"
    }
  ],
  "SummaryAttack": [
    {
      "Name": "4lvid",
      "KPM": 0.9,
      "KD": 0.29,
      "Kills": 9,
      "Death": 31,
      "TKill": 1,
      "Dmg": 3904.0,
      "DPM": 390.0,
      "FlagCap": 8.0,
      "FlagTake": 14.0,
      "FlagTime": "2:14",
      "FlagStop": 0,
      "Win": 0,
      "Draw": 0,
      "Loss": 1,
      "TimePlayed": "10:00",
      "Classes": "Sold 100 %"
    },
    {
      "Name": "testing",
      "KPM": 0.6,
      "KD": 0.18,
      "Kills": 6,
      "Death": 34,
      "TKill": 0,
      "Dmg": 1620.0,
      "DPM": 162.0,
      "FlagCap": 7.0,
      "FlagTake": 17.0,
      "FlagTime": "1:34",
      "FlagStop": 0,
      "Win": 0,
      "Draw": 0,
      "Loss": 1,
      "TimePlayed": "10:00",
      "Classes": "Med  100 %"
    },
    {
      "Name": "4lgonadsandstrife",
      "KPM": 0.44,
      "KD": 0.1,
      "Kills": 4,
      "Death": 42,
      "TKill": 0,
      "Dmg": 1865.0,
      "DPM": 204.0,
      "FlagCap": 5.0,
      "FlagTake": 24.0,
      "FlagTime": "1:14",
      "FlagStop": 0,
      "Win": 0,
      "Draw": 0,
      "Loss": 1,
      "TimePlayed": "9:08",
      "Classes": "Pyro 100 %"
    },
    {
      "Name": "honeybadger",
      "KPM": null,
      "KD": 0.0,
      "Kills": 0,
      "Death": 17,
      "TKill": 0,
      "Dmg": 387.0,
      "DPM": 42.0,
      "FlagCap": 6.0,
      "FlagTake": 11.0,
      "FlagTime": "1:20",
      "FlagStop": 0,
      "Win": 0,
      "Draw": 0,
      "Loss": 1,
      "TimePlayed": "9:08",
      "Classes": "Med  100 %"
    }
  ],
  "SummaryDefence": [
    {
      "Name": "4lvid",
      "KPM": 1.42,
      "KD": 1.0,
      "Kills": 13,
      "Death": 13,
      "TKill": 0,
      "Dmg": 2927.0,
      "DPM": 320.0,
      "FlagCap": 0,
      "FlagTake": 0,
      "FlagTime": 0,
      "FlagStop": 1,
      "Win": 0,
      "Draw": 0,
      "Loss": 1,
      "TimePlayed": "9:08",
      "Classes": "Pyro 100 %"
    },
    {
      "Name": "testing",
      "KPM": 3.72,
      "KD": 6.8,
      "Kills": 34,
      "Death": 5,
      "TKill": 6,
      "Dmg": 6191.0,
      "DPM": 678.0,
      "FlagCap": 0,
      "FlagTake": 0,
      "FlagTime": 0,
      "FlagStop": 9.0,
      "Win": 0,
      "Draw": 0,
      "Loss": 1,
      "TimePlayed": "9:08",
      "Classes": "Demo 84 %|Sold 16 %"
    },
    {
      "Name": "4lgonadsandstrife",
      "KPM": 2.5,
      "KD": 1.14,
      "Kills": 25,
      "Death": 22,
      "TKill": 2,
      "Dmg": 6883.0,
      "DPM": 688.0,
      "FlagCap": 0,
      "FlagTake": 0,
      "FlagTime": 0,
      "FlagStop": 1,
      "Win": 0,
      "Draw": 0,
      "Loss": 1,
      "TimePlayed": "10:00",
      "Classes": "Pyro 100 %"
    },
    {
      "Name": "honeybadger",
      "KPM": 2.8,
      "KD": 1.4,
      "Kills": 28,
      "Death": 20,
      "TKill": 9,
      "Dmg": 8017.0,
      "DPM": 802.0,
      "FlagCap": 0,
      "FlagTake": 0,
      "FlagTime": 0,
      "FlagStop": 1,
      "Win": 0,
      "Draw": 0,
      "Loss": 1,
      "TimePlayed": "10:00",
      "Classes": "Demo 100 %"
    }
  ],
  "ClassFragAttack": [
    {
      "Name": "4lvid",
      "Sco": 0,
      "KPM1": null,
      "Sold": 9.0,
      "KPM3": 0.9,
      "Demo": 0,
      "KPM4": null,
      "Med": 0,
      "KPM5": null,
      "HwG": 0,
      "KPM6": null,
      "Pyro": 0,
      "KPM7": null,
      "Spy": 0,
      "KPM8": null,
      "Eng": 0,
      "KPM9": null,
      "SG": 0,
      "KPM0": null
    },
    {
      "Name": "testing",
      "Sco": 0,
      "KPM1": null,
      "Sold": 0,
      "KPM3": null,
      "Demo": 0,
      "KPM4": null,
      "Med": 6.0,
      "KPM5": 0.6,
      "HwG": 0,
      "KPM6": null,
      "Pyro": 0,
      "KPM7": null,
      "Spy": 0,
      "KPM8": null,
      "Eng": 0,
      "KPM9": null,
      "SG": 0,
      "KPM0": null
    },
    {
      "Name": "4lgonadsandstrife",
      "Sco": 0,
      "KPM1": null,
      "Sold": 0,
      "KPM3": null,
      "Demo": 0,
      "KPM4": null,
      "Med": 0,
      "KPM5": null,
      "HwG": 0,
      "KPM6": null,
      "Pyro": 4.0,
      "KPM7": 0.44,
      "Spy": 0,
      "KPM8": null,
      "Eng": 0,
      "KPM9": null,
      "SG": 0,
      "KPM0": null
    }
  ],
  "ClassFragDefence": [
    {
      "Name": "4lvid",
      "Sco": 0,
      "KPM1": null,
      "Sold": 0,
      "KPM3": null,
      "Demo": 0,
      "KPM4": null,
      "Med": 0,
      "KPM5": null,
      "HwG": 0,
      "KPM6": null,
      "Pyro": 13.0,
      "KPM7": 1.42,
      "Spy": 0,
      "KPM8": null,
      "Eng": 0,
      "KPM9": null,
      "SG": 0,
      "KPM0": null
    },
    {
      "Name": "testing",
      "Sco": 0,
      "KPM1": null,
      "Sold": 4.0,
      "KPM3": 2.73,
      "Demo": 30.0,
      "KPM4": 3.91,
      "Med": 0,
      "KPM5": null,
      "HwG": 0,
      "KPM6": null,
      "Pyro": 0,
      "KPM7": null,
      "Spy": 0,
      "KPM8": null,
      "Eng": 0,
      "KPM9": null,
      "SG": 0,
      "KPM0": null
    },
    {
      "Name": "4lgonadsandstrife",
      "Sco": 0,
      "KPM1": null,
      "Sold": 0,
      "KPM3": null,
      "Demo": 0,
      "KPM4": null,
      "Med": 0,
      "KPM5": null,
      "HwG": 0,
      "KPM6": null,
      "Pyro": 25.0,
      "KPM7": 2.5,
      "Spy": 0,
      "KPM8": null,
      "Eng": 0,
      "KPM9": null,
      "SG": 0,
      "KPM0": null
    },
    {
      "Name": "honeybadger",
      "Sco": 0,
      "KPM1": null,
      "Sold": 0,
      "KPM3": null,
      "Demo": 28.0,
      "KPM4": 2.8,
      "Med": 0,
      "KPM5": null,
      "HwG": 0,
      "KPM6": null,
      "Pyro": 0,
      "KPM7": null,
      "Spy": 0,
      "KPM8": null,
      "Eng": 0,
      "KPM9": null,
      "SG": 0,
      "KPM0": null
    }
  ],
  "ClassTimeAttack": [
    {
      "Name": "4lvid",
      "Sco": 0,
      "Sold": 600,
      "Demo": 0,
      "Med": 0,
      "HwG": 0,
      "Pyro": 0,
      "Spy": 0,
      "Eng": 0
    },
    {
      "Name": "testing",
      "Sco": 0,
      "Sold": 0,
      "Demo": 0,
      "Med": 600,
      "HwG": 0,
      "Pyro": 0,
      "Spy": 0,
      "Eng": 0
    },
    {
      "Name": "4lgonadsandstrife",
      "Sco": 0,
      "Sold": 0,
      "Demo": 0,
      "Med": 0,
      "HwG": 0,
      "Pyro": 548,
      "Spy": 0,
      "Eng": 0
    },
    {
      "Name": "honeybadger",
      "Sco": 0,
      "Sold": 0,
      "Demo": 0,
      "Med": 548,
      "HwG": 0,
      "Pyro": 0,
      "Spy": 0,
      "Eng": 0
    }
  ],
  "ClassTimeDefence": [
    {
      "Name": "4lvid",
      "Sco": 0,
      "Sold": 0,
      "Demo": 0,
      "Med": 0,
      "HwG": 0,
      "Pyro": 548,
      "Spy": 0,
      "Eng": 0
    },
    {
      "Name": "testing",
      "Sco": 0,
      "Sold": 88,
      "Demo": 460,
      "Med": 0,
      "HwG": 0,
      "Pyro": 0,
      "Spy": 0,
      "Eng": 0
    },
    {
      "Name": "4lgonadsandstrife",
      "Sco": 0,
      "Sold": 0,
      "Demo": 0,
      "Med": 0,
      "HwG": 0,
      "Pyro": 600,
      "Spy": 0,
      "Eng": 0
    },
    {
      "Name": "honeybadger",
      "Sco": 0,
      "Sold": 0,
      "Demo": 600,
      "Med": 0,
      "HwG": 0,
      "Pyro": 0,
      "Spy": 0,
      "Eng": 0
    }
  ]
}
