{
  "Matches": [
    {
      "Server": "virginia/staging",
      "Match": "2023-01-29-20-24-20_[japanc]",
      "Winner": "Draw",
      "Rating": "0%",
      "Score1": 0,
      "Team1": "muca",
      "Score2": 0,
      "Team2": ""
    }
  ],
  "SummaryAttack": [
    {
      "Name": "muca",
      "KPM": null,
      "KD": 0,
      "Kills": 0,
      "Death": 2,
      "TKill": 0,
      "Dmg": 1,
      "DPM": 0,
      "FlagCap": 1,
      "FlagTake": 1,
      "FlagTime": "0:01",
      "FlagStop": 0,
      "Win": 0,
      "Draw": 1,
      "Loss": 0,
      "TimePlayed": "10:00",
      "Classes": "Sold 92%|Demo  8%"
    }
  ],
  "SummaryDefence": [],
  "ClassFragAttack": null,
  "ClassFragDefence": null,
  "ClassTimeAttack": {
    "Name": "muca",
    "Sco": 0,
    "Sold": 553,
    "Demo": 47,
    "Med": 0,
    "HwG": 0,
    "Pyro": 0,
    "Spy": 0,
    "Eng": 0
  },
  "ClassTimeDefence": null
}
