{
  "Matches": [
    {
      "Server": "virginia/staging",
      "Match": "2023-01-13-20-30-34_[rs_zzr]",
      "Winner": "Team1",
      "Rating": "63%",
      "Score1": 70,
      "Team1": "justice.wwg,scottbot.wwg,tulkas.wwg,welsher.wwg",
      "Score2": 30,
      "Team2": "bvr,haunter,hybridpanda,paincreator"
    }
  ],
  "SummaryAttack": [
    {
      "Name": "justice.wwg",
      "KPM": 0.1,
      "KD": 0.03,
      "Kills": 1,
      "Death": 29,
      "TKill": 0,
      "Dmg": 511,
      "DPM": 51,
      "FlagCap": 2,
      "FlagTake": 9,
      "FlagTime": "1:14",
      "FlagStop": 0,
      "Win": 1,
      "Draw": 0,
      "Loss": 0,
      "TimePlayed": "10:00",
      "Classes": "Spy  56%|Sco  45%"
    },
    {
      "Name": "scottbot.wwg",
      "KPM": 1.7,
      "KD": 0.59,
      "Kills": 17,
      "Death": 29,
      "TKill": 1,
      "Dmg": 3382,
      "DPM": 338,
      "FlagCap": 3,
      "FlagTake": 18,
      "FlagTime": "1:39",
      "FlagStop": 0,
      "Win": 1,
      "Draw": 0,
      "Loss": 0,
      "TimePlayed": "10:00",
      "Classes": "Med  100%"
    },
    {
      "Name": "tulkas.wwg",
      "KPM": 1.9,
      "KD": 0.63,
      "Kills": 19,
      "Death": 30,
      "TKill": 3,
      "Dmg": 4702,
      "DPM": 470,
      "FlagCap": 1,
      "FlagTake": 5,
      "FlagTime": "0:21",
      "FlagStop": 0,
      "Win": 1,
      "Draw": 0,
      "Loss": 0,
      "TimePlayed": "10:00",
      "Classes": "Sold 100%"
    },
    {
      "Name": "welsher.wwg",
      "KPM": 2.1,
      "KD": 0.72,
      "Kills": 21,
      "Death": 29,
      "TKill": 0,
      "Dmg": 3979,
      "DPM": 398,
      "FlagCap": 1,
      "FlagTake": 8,
      "FlagTime": "0:45",
      "FlagStop": 0,
      "Win": 1,
      "Draw": 0,
      "Loss": 0,
      "TimePlayed": "10:00",
      "Classes": "Pyro 100%"
    },
    {
      "Name": "bvr",
      "KPM": 2.3,
      "KD": 0.82,
      "Kills": 23,
      "Death": 28,
      "TKill": 3,
      "Dmg": 3117,
      "DPM": 312,
      "FlagCap": 1,
      "FlagTake": 5,
      "FlagTime": "0:26",
      "FlagStop": 0,
      "Win": 0,
      "Draw": 0,
      "Loss": 1,
      "TimePlayed": "10:00",
      "Classes": "Pyro 81%|Sco  19%"
    },
    {
      "Name": "haunter",
      "KPM": 1.7,
      "KD": 0.5,
      "Kills": 17,
      "Death": 34,
      "TKill": 0,
      "Dmg": 2879,
      "DPM": 288,
      "FlagCap": 1,
      "FlagTake": 11,
      "FlagTime": "0:43",
      "FlagStop": 0,
      "Win": 0,
      "Draw": 0,
      "Loss": 1,
      "TimePlayed": "10:00",
      "Classes": "Med  100%"
    },
    {
      "Name": "hybridpanda",
      "KPM": 1.8,
      "KD": 0.67,
      "Kills": 18,
      "Death": 27,
      "TKill": 2,
      "Dmg": 3508,
      "DPM": 351,
      "FlagCap": 1,
      "FlagTake": 3,
      "FlagTime": "0:32",
      "FlagStop": 0,
      "Win": 0,
      "Draw": 0,
      "Loss": 1,
      "TimePlayed": "10:00",
      "Classes": "Sold 100%"
    },
    {
      "Name": "paincreator",
      "KPM": 0.6,
      "KD": 0.19,
      "Kills": 6,
      "Death": 32,
      "TKill": 0,
      "Dmg": 728,
      "DPM": 73,
      "FlagCap": 1,
      "FlagTake": 11,
      "FlagTime": "0:19",
      "FlagStop": 0,
      "Win": 0,
      "Draw": 0,
      "Loss": 1,
      "TimePlayed": "10:00",
      "Classes": "Spy  100%"
    }
  ],
  "SummaryDefence": [
    {
      "Name": "justice.wwg",
      "KPM": 3.2,
      "KD": 1.52,
      "Kills": 32,
      "Death": 21,
      "TKill": 9,
      "Dmg": 6821,
      "DPM": 682,
      "FlagCap": 0,
      "FlagTake": 0,
      "FlagTime": 0,
      "FlagStop": 11,
      "Win": 1,
      "Draw": 0,
      "Loss": 0,
      "TimePlayed": "10:00",
      "Classes": "Demo 100%"
    },
    {
      "Name": "scottbot.wwg",
      "KPM": 2.4,
      "KD": 0.83,
      "Kills": 24,
      "Death": 29,
      "TKill": 9,
      "Dmg": 5503,
      "DPM": 550,
      "FlagCap": 0,
      "FlagTake": 0,
      "FlagTime": 0,
      "FlagStop": 3,
      "Win": 1,
      "Draw": 0,
      "Loss": 0,
      "TimePlayed": "10:00",
      "Classes": "Sold 100%"
    },
    {
      "Name": "tulkas.wwg",
      "KPM": 2.1,
      "KD": 0.6,
      "Kills": 21,
      "Death": 35,
      "TKill": 9,
      "Dmg": 4395,
      "DPM": 440,
      "FlagCap": 0,
      "FlagTake": 0,
      "FlagTime": 0,
      "FlagStop": 2,
      "Win": 1,
      "Draw": 0,
      "Loss": 0,
      "TimePlayed": "10:00",
      "Classes": "Pyro 100%"
    },
    {
      "Name": "welsher.wwg",
      "KPM": 2.9,
      "KD": 1.07,
      "Kills": 29,
      "Death": 27,
      "TKill": 5,
      "Dmg": 5686,
      "DPM": 569,
      "FlagCap": 0,
      "FlagTake": 0,
      "FlagTime": 0,
      "FlagStop": 4,
      "Win": 1,
      "Draw": 0,
      "Loss": 0,
      "TimePlayed": "10:00",
      "Classes": "Eng  100%"
    },
    {
      "Name": "bvr",
      "KPM": 2.9,
      "KD": 0.97,
      "Kills": 29,
      "Death": 30,
      "TKill": 2,
      "Dmg": 7649,
      "DPM": 765,
      "FlagCap": 0,
      "FlagTake": 0,
      "FlagTime": 0,
      "FlagStop": 6,
      "Win": 0,
      "Draw": 0,
      "Loss": 1,
      "TimePlayed": "10:00",
      "Classes": "Eng  100%"
    },
    {
      "Name": "haunter",
      "KPM": 3,
      "KD": 1.07,
      "Kills": 30,
      "Death": 28,
      "TKill": 13,
      "Dmg": 5937,
      "DPM": 594,
      "FlagCap": 0,
      "FlagTake": 0,
      "FlagTime": 0,
      "FlagStop": 11,
      "Win": 0,
      "Draw": 0,
      "Loss": 1,
      "TimePlayed": "10:00",
      "Classes": "Demo 100%"
    },
    {
      "Name": "hybridpanda",
      "KPM": 2.5,
      "KD": 2.78,
      "Kills": 25,
      "Death": 9,
      "TKill": 10,
      "Dmg": 3902,
      "DPM": 390,
      "FlagCap": 0,
      "FlagTake": 0,
      "FlagTime": 0,
      "FlagStop": 4,
      "Win": 0,
      "Draw": 0,
      "Loss": 1,
      "TimePlayed": "10:00",
      "Classes": "HwG  100%"
    },
    {
      "Name": "paincreator",
      "KPM": 2.2,
      "KD": 0.79,
      "Kills": 22,
      "Death": 28,
      "TKill": 4,
      "Dmg": 4537,
      "DPM": 454,
      "FlagCap": 0,
      "FlagTake": 0,
      "FlagTime": 0,
      "FlagStop": 2,
      "Win": 0,
      "Draw": 0,
      "Loss": 1,
      "TimePlayed": "10:00",
      "Classes": "Pyro 100%"
    }
  ],
  "ClassFragAttack": [
    {
      "Name": "justice.wwg",
      "Sco": 0,
      "KPM1": null,
      "Sold": 0,
      "KPM3": null,
      "Demo": 0,
      "KPM4": null,
      "Med": 0,
      "KPM5": null,
      "HwG": 0,
      "KPM6": null,
      "Pyro": 0,
      "KPM7": null,
      "Spy": 1,
      "KPM8": 0.18,
      "Eng": 0,
      "KPM9": null,
      "SG": 0,
      "KPM0": null
    },
    {
      "Name": "scottbot.wwg",
      "Sco": 0,
      "KPM1": null,
      "Sold": 0,
      "KPM3": null,
      "Demo": 0,
      "KPM4": null,
      "Med": 17,
      "KPM5": 1.7,
      "HwG": 0,
      "KPM6": null,
      "Pyro": 0,
      "KPM7": null,
      "Spy": 0,
      "KPM8": null,
      "Eng": 0,
      "KPM9": null,
      "SG": 0,
      "KPM0": null
    },
    {
      "Name": "tulkas.wwg",
      "Sco": 0,
      "KPM1": null,
      "Sold": 19,
      "KPM3": 1.9,
      "Demo": 0,
      "KPM4": null,
      "Med": 0,
      "KPM5": null,
      "HwG": 0,
      "KPM6": null,
      "Pyro": 0,
      "KPM7": null,
      "Spy": 0,
      "KPM8": null,
      "Eng": 0,
      "KPM9": null,
      "SG": 0,
      "KPM0": null
    },
    {
      "Name": "welsher.wwg",
      "Sco": 0,
      "KPM1": null,
      "Sold": 0,
      "KPM3": null,
      "Demo": 0,
      "KPM4": null,
      "Med": 0,
      "KPM5": null,
      "HwG": 0,
      "KPM6": null,
      "Pyro": 21,
      "KPM7": 2.1,
      "Spy": 0,
      "KPM8": null,
      "Eng": 0,
      "KPM9": null,
      "SG": 0,
      "KPM0": null
    },
    {
      "Name": "bvr",
      "Sco": 1,
      "KPM1": 0.52,
      "Sold": 0,
      "KPM3": null,
      "Demo": 0,
      "KPM4": null,
      "Med": 0,
      "KPM5": null,
      "HwG": 0,
      "KPM6": null,
      "Pyro": 22,
      "KPM7": 2.73,
      "Spy": 0,
      "KPM8": null,
      "Eng": 0,
      "KPM9": null,
      "SG": 0,
      "KPM0": null
    },
    {
      "Name": "haunter",
      "Sco": 0,
      "KPM1": null,
      "Sold": 0,
      "KPM3": null,
      "Demo": 0,
      "KPM4": null,
      "Med": 17,
      "KPM5": 1.7,
      "HwG": 0,
      "KPM6": null,
      "Pyro": 0,
      "KPM7": null,
      "Spy": 0,
      "KPM8": null,
      "Eng": 0,
      "KPM9": null,
      "SG": 0,
      "KPM0": null
    },
    {
      "Name": "hybridpanda",
      "Sco": 0,
      "KPM1": null,
      "Sold": 18,
      "KPM3": 1.8,
      "Demo": 0,
      "KPM4": null,
      "Med": 0,
      "KPM5": null,
      "HwG": 0,
      "KPM6": null,
      "Pyro": 0,
      "KPM7": null,
      "Spy": 0,
      "KPM8": null,
      "Eng": 0,
      "KPM9": null,
      "SG": 0,
      "KPM0": null
    },
    {
      "Name": "paincreator",
      "Sco": 0,
      "KPM1": null,
      "Sold": 0,
      "KPM3": null,
      "Demo": 0,
      "KPM4": null,
      "Med": 0,
      "KPM5": null,
      "HwG": 0,
      "KPM6": null,
      "Pyro": 0,
      "KPM7": null,
      "Spy": 6,
      "KPM8": 0.6,
      "Eng": 0,
      "KPM9": null,
      "SG": 0,
      "KPM0": null
    }
  ],
  "ClassFragDefence": [
    {
      "Name": "justice.wwg",
      "Sco": 0,
      "KPM1": null,
      "Sold": 0,
      "KPM3": null,
      "Demo": 32,
      "KPM4": 3.2,
      "Med": 0,
      "KPM5": null,
      "HwG": 0,
      "KPM6": null,
      "Pyro": 0,
      "KPM7": null,
      "Spy": 0,
      "KPM8": null,
      "Eng": 0,
      "KPM9": null,
      "SG": 0,
      "KPM0": null
    },
    {
      "Name": "scottbot.wwg",
      "Sco": 0,
      "KPM1": null,
      "Sold": 24,
      "KPM3": 2.4,
      "Demo": 0,
      "KPM4": null,
      "Med": 0,
      "KPM5": null,
      "HwG": 0,
      "KPM6": null,
      "Pyro": 0,
      "KPM7": null,
      "Spy": 0,
      "KPM8": null,
      "Eng": 0,
      "KPM9": null,
      "SG": 0,
      "KPM0": null
    },
    {
      "Name": "tulkas.wwg",
      "Sco": 0,
      "KPM1": null,
      "Sold": 0,
      "KPM3": null,
      "Demo": 0,
      "KPM4": null,
      "Med": 0,
      "KPM5": null,
      "HwG": 0,
      "KPM6": null,
      "Pyro": 21,
      "KPM7": 2.1,
      "Spy": 0,
      "KPM8": null,
      "Eng": 0,
      "KPM9": null,
      "SG": 0,
      "KPM0": null
    },
    {
      "Name": "welsher.wwg",
      "Sco": 0,
      "KPM1": null,
      "Sold": 0,
      "KPM3": null,
      "Demo": 0,
      "KPM4": null,
      "Med": 0,
      "KPM5": null,
      "HwG": 0,
      "KPM6": null,
      "Pyro": 0,
      "KPM7": null,
      "Spy": 0,
      "KPM8": null,
      "Eng": 11,
      "KPM9": 1.1,
      "SG": 18,
      "KPM0": 1.8
    },
    {
      "Name": "bvr",
      "Sco": 0,
      "KPM1": null,
      "Sold": 0,
      "KPM3": null,
      "Demo": 0,
      "KPM4": null,
      "Med": 0,
      "KPM5": null,
      "HwG": 0,
      "KPM6": null,
      "Pyro": 0,
      "KPM7": null,
      "Spy": 0,
      "KPM8": null,
      "Eng": 19,
      "KPM9": 1.9,
      "SG": 10,
      "KPM0": 1
    },
    {
      "Name": "haunter",
      "Sco": 0,
      "KPM1": null,
      "Sold": 0,
      "KPM3": null,
      "Demo": 30,
      "KPM4": 3,
      "Med": 0,
      "KPM5": null,
      "HwG": 0,
      "KPM6": null,
      "Pyro": 0,
      "KPM7": null,
      "Spy": 0,
      "KPM8": null,
      "Eng": 0,
      "KPM9": null,
      "SG": 0,
      "KPM0": null
    },
    {
      "Name": "hybridpanda",
      "Sco": 0,
      "KPM1": null,
      "Sold": 0,
      "KPM3": null,
      "Demo": 0,
      "KPM4": null,
      "Med": 0,
      "KPM5": null,
      "HwG": 25,
      "KPM6": 2.5,
      "Pyro": 0,
      "KPM7": null,
      "Spy": 0,
      "KPM8": null,
      "Eng": 0,
      "KPM9": null,
      "SG": 0,
      "KPM0": null
    },
    {
      "Name": "paincreator",
      "Sco": 0,
      "KPM1": null,
      "Sold": 0,
      "KPM3": null,
      "Demo": 0,
      "KPM4": null,
      "Med": 0,
      "KPM5": null,
      "HwG": 0,
      "KPM6": null,
      "Pyro": 22,
      "KPM7": 2.2,
      "Spy": 0,
      "KPM8": null,
      "Eng": 0,
      "KPM9": null,
      "SG": 0,
      "KPM0": null
    }
  ],
  "ClassTimeAttack": [
    {
      "Name": "justice.wwg",
      "Sco": 267,
      "Sold": 0,
      "Demo": 0,
      "Med": 0,
      "HwG": 0,
      "Pyro": 0,
      "Spy": 333,
      "Eng": 0
    },
    {
      "Name": "scottbot.wwg",
      "Sco": 0,
      "Sold": 0,
      "Demo": 0,
      "Med": 600,
      "HwG": 0,
      "Pyro": 0,
      "Spy": 0,
      "Eng": 0
    },
    {
      "Name": "tulkas.wwg",
      "Sco": 0,
      "Sold": 600,
      "Demo": 0,
      "Med": 0,
      "HwG": 0,
      "Pyro": 0,
      "Spy": 0,
      "Eng": 0
    },
    {
      "Name": "welsher.wwg",
      "Sco": 0,
      "Sold": 0,
      "Demo": 0,
      "Med": 0,
      "HwG": 0,
      "Pyro": 600,
      "Spy": 0,
      "Eng": 0
    },
    {
      "Name": "bvr",
      "Sco": 116,
      "Sold": 0,
      "Demo": 0,
      "Med": 0,
      "HwG": 0,
      "Pyro": 484,
      "Spy": 0,
      "Eng": 0
    },
    {
      "Name": "haunter",
      "Sco": 0,
      "Sold": 0,
      "Demo": 0,
      "Med": 600,
      "HwG": 0,
      "Pyro": 0,
      "Spy": 0,
      "Eng": 0
    },
    {
      "Name": "hybridpanda",
      "Sco": 0,
      "Sold": 600,
      "Demo": 0,
      "Med": 0,
      "HwG": 0,
      "Pyro": 0,
      "Spy": 0,
      "Eng": 0
    },
    {
      "Name": "paincreator",
      "Sco": 0,
      "Sold": 0,
      "Demo": 0,
      "Med": 0,
      "HwG": 0,
      "Pyro": 0,
      "Spy": 600,
      "Eng": 0
    }
  ],
  "ClassTimeDefence": [
    {
      "Name": "justice.wwg",
      "Sco": 0,
      "Sold": 0,
      "Demo": 600,
      "Med": 0,
      "HwG": 0,
      "Pyro": 0,
      "Spy": 0,
      "Eng": 0
    },
    {
      "Name": "scottbot.wwg",
      "Sco": 0,
      "Sold": 600,
      "Demo": 0,
      "Med": 0,
      "HwG": 0,
      "Pyro": 0,
      "Spy": 0,
      "Eng": 0
    },
    {
      "Name": "tulkas.wwg",
      "Sco": 0,
      "Sold": 0,
      "Demo": 0,
      "Med": 0,
      "HwG": 0,
      "Pyro": 600,
      "Spy": 0,
      "Eng": 0
    },
    {
      "Name": "welsher.wwg",
      "Sco": 0,
      "Sold": 0,
      "Demo": 0,
      "Med": 0,
      "HwG": 0,
      "Pyro": 0,
      "Spy": 0,
      "Eng": 600
    },
    {
      "Name": "bvr",
      "Sco": 0,
      "Sold": 0,
      "Demo": 0,
      "Med": 0,
      "HwG": 0,
      "Pyro": 0,
      "Spy": 0,
      "Eng": 600
    },
    {
      "Name": "haunter",
      "Sco": 0,
      "Sold": 0,
      "Demo": 600,
      "Med": 0,
      "HwG": 0,
      "Pyro": 0,
      "Spy": 0,
      "Eng": 0
    },
    {
      "Name": "hybridpanda",
      "Sco": 0,
      "Sold": 0,
      "Demo": 0,
      "Med": 0,
      "HwG": 600,
      "Pyro": 0,
      "Spy": 0,
      "Eng": 0
    },
    {
      "Name": "paincreator",
      "Sco": 0,
      "Sold": 0,
      "Demo": 0,
      "Med": 0,
      "HwG": 0,
      "Pyro": 600,
      "Spy": 0,
      "Eng": 0
    }
  ]
}
